Running adaptive: GPU=4 SEED=1 ROUNDS=60
/home3/zbh25lsb/data/LASA-master/utils/data_pre_process.py:300: UserWarning: To copy construct from a tensor, it is recommended to use sourceTensor.clone().detach() or sourceTensor.clone().detach().requires_grad_(True), rather than torch.tensor(sourceTensor).
  labels_sorted = torch.tensor(dataset.targets).sort()
############ Case 0 ############
--------------- data setup ---------------------------------
Files already downloaded and verified
Files already downloaded and verified
Creating validation dataset from testing dataset...
length of dataset:70000
num. of training data:50000
num. of testing data:10000
num. of validation data:10000
num. of users:100
average num. of samples per user:500
--------------- model setup --------------------------------
model dim: 11183582
--------------- training... --------------------------------
Fixed malicious clients: 20 out of 100 total users (20.0%)
attack numbers = 4
current iteration attack ratio: 0.16

============================================================
[MOS-Core] Starting MOS-Attack
============================================================
[MOS-Core] Total parameters: 11,183,582
[MOS-Core] Benign clients: 21
[MOS-Core] Malicious slots: 4
[MOS-Core] Benign mean norm: 1828.3033
[MOS-Core] Benign std (mean): 0.0191
[MOS-Core] ce_raw_norm=0.19625045359134674
[MOS-Core] cw_raw_norm=1.2068815231323242
[MOS-Core] ce_valid=True
[MOS-Core] cw_valid=True
[MOS-Core] ce_cw_cosine=-0.174740731716156
[MOS-Core] combined_pre_norm=0.6423625349998474
[MOS-Core] historical_direction_valid=False
[MOS-Core] historical_direction_norm=0.0
[MOS-Core] guidance_history_cosine=nan
[MOS-Core] guidance_source=ce_cw_combined
[MOS-Core] guidance_fallback_used=False
[MOS-Core] final_guidance_norm=1.000000
[MOS-Core] Base radial threshold (q=0.95): 9901.0586
[MOS-Core] Attack budget ratio: 1.0
[MOS-Core] current_budget=9901.058594
[MOS-Core] current_budget_valid=True

[MOS-Core] Initializing constraints...
[MOS-Core] Enabled constraints: Radial, Sign
[MOS-Core] Radial weight: 1.0
[MOS-Core] Sign weight: 0.5, layer_reduce: quantile
[MOS-Core]   Radial threshold: 9901.0586
[MOS-Core]   Sign threshold: 3.2645

[MOS-Core] Initializing population (size=10)...
[MOS-Core] adaptive_guided_init=True alpha_feasible=0.002930 scales=[0.0, 0.0005859375000000001, 0.0011718750000000002, 0.0017578124999999998, 0.0023437500000000003, 0.0029296875]
[MOS-Core] Generated 6 scale-based seeds: [0.0, 0.0005859375000000001, 0.0011718750000000002, 0.0017578124999999998, 0.0023437500000000003, 0.0029296875]
[MOS-Core] Generated 4 random candidates (noise_scale=0.1)
[MOS-Core] Initial population norms: min=0.0000, mean=2950.4575, max=8385.0254
[MOS-Core] Budget ratios: min=0.0000, mean=0.2980, max=0.8469
[MOS-Core] Clipped ratio: 0.00%
[MOS-Core] Historical seed used: False

[MOS-Core] Starting NSGA-II evolution...
[MOS-Core] Generations: 100
[MOS-Core] Population size: 10
[MOS-Core] SBX eta: 15.0, crossover_prob: 0.9
[MOS-Core] Mutation scale: 0.05
[MOS-Core] Gen 1/100:
  Stealth: mean=0.913, best=1.000
  Destructiveness: mean=12.773, best=29.007
  CV: mean=0.0000, min=0.0000
  Feasibility: count=10, ratio=100.00%
  Max feasible destruct: 29.007
  Pareto front size: 9
  Budget ratio: mean=0.011, max=0.029
  Radial: mean_ratio=0.011, max_ratio=0.029, mean_score=0.990
  Sign: mean_ratio=0.383, max_ratio=0.951, mean_score=0.760
[MOS-Core] Gen 10/100:
  Stealth: mean=0.905, best=1.000
  Destructiveness: mean=12.898, best=29.413
  CV: mean=0.0000, min=0.0000
  Feasibility: count=10, ratio=100.00%
  Max feasible destruct: 29.413
  Pareto front size: 10
  Budget ratio: mean=0.025, max=0.066
  Radial: mean_ratio=0.025, max_ratio=0.066, mean_score=0.976
  Sign: mean_ratio=0.383, max_ratio=0.957, mean_score=0.764
[MOS-Core] Gen 20/100:
  Stealth: mean=0.887, best=1.000
  Destructiveness: mean=15.865, best=29.943
  CV: mean=0.0000, min=0.0000
  Feasibility: count=10, ratio=100.00%
  Max feasible destruct: 29.943
  Pareto front size: 10
  Budget ratio: mean=0.031, max=0.118
  Radial: mean_ratio=0.031, max_ratio=0.118, mean_score=0.971
  Sign: mean_ratio=0.476, max_ratio=0.967, mean_score=0.718
[MOS-Core] Gen 30/100:
  Stealth: mean=0.885, best=1.000
  Destructiveness: mean=15.949, best=30.286
  CV: mean=0.0000, min=0.0000
  Feasibility: count=10, ratio=100.00%
  Max feasible destruct: 30.286
  Pareto front size: 10
  Budget ratio: mean=0.034, max=0.125
  Radial: mean_ratio=0.034, max_ratio=0.125, mean_score=0.968
  Sign: mean_ratio=0.477, max_ratio=0.962, mean_score=0.717
[MOS-Core] Gen 40/100:
  Stealth: mean=0.888, best=1.000
  Destructiveness: mean=13.879, best=31.009
  CV: mean=0.0000, min=0.0000
  Feasibility: count=10, ratio=100.00%
  Max feasible destruct: 31.009
  Pareto front size: 10
  Budget ratio: mean=0.048, max=0.149
  Radial: mean_ratio=0.048, max_ratio=0.149, mean_score=0.957
  Sign: mean_ratio=0.410, max_ratio=0.980, mean_score=0.752
[MOS-Core] Gen 50/100:
  Stealth: mean=0.888, best=1.000
  Destructiveness: mean=14.926, best=31.118
  CV: mean=0.0000, min=0.0000
  Feasibility: count=10, ratio=100.00%
  Max feasible destruct: 31.118
  Pareto front size: 10
  Budget ratio: mean=0.041, max=0.144
  Radial: mean_ratio=0.041, max_ratio=0.144, mean_score=0.962
  Sign: mean_ratio=0.452, max_ratio=1.000, mean_score=0.738
[MOS-Core] Gen 60/100:
  Stealth: mean=0.867, best=1.000
  Destructiveness: mean=16.973, best=31.438
  CV: mean=0.0000, min=0.0000
  Feasibility: count=10, ratio=100.00%
  Max feasible destruct: 31.438
  Pareto front size: 10
  Budget ratio: mean=0.060, max=0.158
  Radial: mean_ratio=0.060, max_ratio=0.158, mean_score=0.945
  Sign: mean_ratio=0.513, max_ratio=0.991, mean_score=0.711
[MOS-Core] Gen 70/100:
  Stealth: mean=0.867, best=1.000
  Destructiveness: mean=16.586, best=32.035
  CV: mean=0.0000, min=0.0000
  Feasibility: count=10, ratio=100.00%
  Max feasible destruct: 32.035
  Pareto front size: 10
  Budget ratio: mean=0.068, max=0.158
  Radial: mean_ratio=0.068, max_ratio=0.158, mean_score=0.939
  Sign: mean_ratio=0.495, max_ratio=0.996, mean_score=0.724
[MOS-Core] Gen 80/100:
  Stealth: mean=0.860, best=1.000
  Destructiveness: mean=15.719, best=32.948
  CV: mean=0.0000, min=0.0000
  Feasibility: count=10, ratio=100.00%
  Max feasible destruct: 32.948
  Pareto front size: 10
  Budget ratio: mean=0.085, max=0.192
  Radial: mean_ratio=0.085, max_ratio=0.192, mean_score=0.924
  Sign: mean_ratio=0.455, max_ratio=0.993, mean_score=0.734
[MOS-Core] Gen 90/100:
  Stealth: mean=0.852, best=1.000
  Destructiveness: mean=17.038, best=33.640
  CV: mean=0.0000, min=0.0000
  Feasibility: count=10, ratio=100.00%
  Max feasible destruct: 33.640
  Pareto front size: 10
  Budget ratio: mean=0.092, max=0.239
  Radial: mean_ratio=0.092, max_ratio=0.239, mean_score=0.919
  Sign: mean_ratio=0.500, max_ratio=0.989, mean_score=0.719
[MOS-Core] Gen 100/100:
  Stealth: mean=0.844, best=1.000
  Destructiveness: mean=17.258, best=34.003
  CV: mean=0.0000, min=0.0000
  Feasibility: count=10, ratio=100.00%
  Max feasible destruct: 34.003
  Pareto front size: 10
  Budget ratio: mean=0.104, max=0.231
  Radial: mean_ratio=0.104, max_ratio=0.231, mean_score=0.909
  Sign: mean_ratio=0.506, max_ratio=0.996, mean_score=0.713

[MOS-Core] Selecting final solution...
[MOS-Core] Selection parameters:
  Lambda_s (stealth weight): 0.50
  Lambda_a (attack weight): 0.50
  Attack floor ratio: 3.4003

[MOS-Core] Feasibility summary:
  Feasible solutions: 10
  Feasible ratio: 100.00%
  Selection mode: feasible
  Min CV in front: 0.0000

[MOS-Core] Pareto front summary:
  Front size: 10
  Stealth range: [0.709, 1.000]
  Destructiveness range: [0.000, 34.003]
  CV range: [0.0000, 0.0000]
  Candidates after attack floor: 8

[MOS-Core] Selected solution (index=6):
[MOS-Core]   Constraint pass score (R): 0.819
[MOS-Core]   Destructiveness (A): 29.221
[MOS-Core]   Total CV: 0.0000
[MOS-Core]   Deviation norm: 283.9024
[MOS-Core]   Budget usage: 2.87%
[MOS-Core] selection_mode=balanced_knee
[MOS-Core] selected_budget_ratio=0.028674
[MOS-Core] selected_stealth=0.818552
[MOS-Core] selected_destructiveness=29.220955
[MOS-Core] selected_cv=0.000000
[MOS-Core] selected_feasible=True
[MOS-Core] selected_guidance_alignment=0.102926
[MOS-Core] Per-constraint details:
[MOS-Core]   Radial: score=0.972, ratio=0.029, loss=283.9024, threshold=9901.0586
[MOS-Core]   Sign: score=0.511, ratio=0.955, loss=3.1189, threshold=3.2645

[MOS-Core] Generating 4 malicious updates...
[MOS-Core] Template noise scale: 0.0001
[MOS-Core] Output norms: min=283.8811, mean=283.9161, max=283.9783
[MOS-Core] Attack completed successfully
============================================================

attack:mos_attack
defend:multi_krum
t   0: train_loss = 4.326, test_acc = 10.000
attack numbers = 7
current iteration attack ratio: 0.28

============================================================
[MOS-Core] Starting MOS-Attack
============================================================
[MOS-Core] Total parameters: 11,183,582
[MOS-Core] Benign clients: 18
[MOS-Core] Malicious slots: 7
[MOS-Core] Benign mean norm: 2792.9197
[MOS-Core] Benign std (mean): 0.0052
[MOS-Core] ce_raw_norm=10.56108570098877
[MOS-Core] cw_raw_norm=10.919384002685547
[MOS-Core] ce_valid=True
[MOS-Core] cw_valid=True
[MOS-Core] ce_cw_cosine=0.9994223117828369
[MOS-Core] combined_pre_norm=0.9998555183410645
[MOS-Core] historical_direction_valid=True
[MOS-Core] historical_direction_norm=283.9023742675781
[MOS-Core] guidance_history_cosine=0.023328348994255066
[MOS-Core] guidance_source=ce_cw_combined
[MOS-Core] guidance_fallback_used=False
[MOS-Core] final_guidance_norm=1.000000
[MOS-Core] Base radial threshold (q=0.95): 3570.1230
[MOS-Core] Attack budget ratio: 1.0
[MOS-Core] current_budget=3570.123047
[MOS-Core] current_budget_valid=True

[MOS-Core] Initializing constraints...
[MOS-Core] Enabled constraints: Radial, Sign
[MOS-Core] Radial weight: 1.0
[MOS-Core] Sign weight: 0.5, layer_reduce: quantile
[MOS-Core]   Radial threshold: 3570.1230
[MOS-Core]   Sign threshold: 0.5181

[MOS-Core] Initializing population (size=10)...
[MOS-Core] adaptive_guided_init=True alpha_feasible=0.000977 scales=[0.0, 0.0001953125, 0.000390625, 0.0005859375, 0.00078125, 0.0009765625]
[MOS-Core] Generated 6 scale-based seeds: [0.0, 0.0001953125, 0.000390625, 0.0005859375, 0.00078125, 0.0009765625]
[MOS-Core] Historical seed injected at position 3
[MOS-Core] historical_raw_norm=283.902374
[MOS-Core] historical_direction_norm=1.000000
[MOS-Core] historical_seed_target_scale=1785.061523
[MOS-Core] historical_seed_final_norm=1785.061646
[MOS-Core] Generated 4 random candidates (noise_scale=0.1)
[MOS-Core] Initial population norms: min=0.0000, mean=826.7714, max=2361.6938
[MOS-Core] Budget ratios: min=0.0000, mean=0.2316, max=0.6615
[MOS-Core] Clipped ratio: 0.00%
[MOS-Core] Historical seed used: True

[MOS-Core] Starting NSGA-II evolution...
[MOS-Core] Generations: 100
[MOS-Core] Population size: 10
[MOS-Core] SBX eta: 15.0, crossover_prob: 0.9
[MOS-Core] Mutation scale: 0.05
[MOS-Core] Gen 1/100:
  Stealth: mean=0.899, best=1.000
  Destructiveness: mean=1.347, best=3.597
  CV: mean=0.3168, min=0.0000
  Feasibility: count=9, ratio=90.00%
  Max feasible destruct: 3.597
  Pareto front size: 7
  Budget ratio: mean=0.021, max=0.055
  Radial: mean_ratio=0.021, max_ratio=0.055, mean_score=0.980
  Sign: mean_ratio=1.011, max_ratio=7.335, mean_score=0.736
[MOS-Core] Gen 10/100:
  Stealth: mean=0.918, best=1.000
  Destructiveness: mean=2.043, best=3.628
  CV: mean=0.0000, min=0.0000
  Feasibility: count=10, ratio=100.00%
  Max feasible destruct: 3.628
  Pareto front size: 10
  Budget ratio: mean=0.029, max=0.078
  Radial: mean_ratio=0.029, max_ratio=0.078, mean_score=0.973
  Sign: mean_ratio=0.287, max_ratio=0.919, mean_score=0.807
[MOS-Core] Gen 20/100:
  Stealth: mean=0.891, best=1.000
  Destructiveness: mean=2.350, best=3.696
  CV: mean=0.0000, min=0.0000
  Feasibility: count=10, ratio=100.00%
  Max feasible destruct: 3.696
  Pareto front size: 10
  Budget ratio: mean=0.047, max=0.124
  Radial: mean_ratio=0.047, max_ratio=0.124, mean_score=0.957
  Sign: mean_ratio=0.387, max_ratio=0.996, mean_score=0.760
[MOS-Core] Gen 30/100:
  Stealth: mean=0.896, best=1.000
  Destructiveness: mean=2.069, best=3.720
  CV: mean=0.0000, min=0.0000
  Feasibility: count=10, ratio=100.00%
  Max feasible destruct: 3.720
  Pareto front size: 10
  Budget ratio: mean=0.055, max=0.211
  Radial: mean_ratio=0.055, max_ratio=0.211, mean_score=0.951
  Sign: mean_ratio=0.347, max_ratio=0.999, mean_score=0.786
[MOS-Core] Gen 40/100:
  Stealth: mean=0.866, best=1.000
  Destructiveness: mean=2.375, best=3.728
  CV: mean=0.0000, min=0.0000
  Feasibility: count=10, ratio=100.00%
  Max feasible destruct: 3.728
  Pareto front size: 10
  Budget ratio: mean=0.083, max=0.227
  Radial: mean_ratio=0.083, max_ratio=0.227, mean_score=0.928
  Sign: mean_ratio=0.444, max_ratio=1.000, mean_score=0.742
[MOS-Core] Gen 50/100:
  Stealth: mean=0.861, best=1.000
  Destructiveness: mean=2.590, best=3.750
  CV: mean=0.0000, min=0.0000
  Feasibility: count=10, ratio=100.00%
  Max feasible destruct: 3.750
  Pareto front size: 10
  Budget ratio: mean=0.080, max=0.239
  Radial: mean_ratio=0.080, max_ratio=0.239, mean_score=0.931
  Sign: mean_ratio=0.473, max_ratio=1.000, mean_score=0.721
[MOS-Core] Gen 60/100:
  Stealth: mean=0.867, best=1.000
  Destructiveness: mean=2.236, best=3.758
  CV: mean=0.0000, min=0.0000
  Feasibility: count=10, ratio=100.00%
  Max feasible destruct: 3.758
  Pareto front size: 10
  Budget ratio: mean=0.096, max=0.252
  Radial: mean_ratio=0.096, max_ratio=0.252, mean_score=0.917
  Sign: mean_ratio=0.383, max_ratio=1.000, mean_score=0.767
[MOS-Core] Gen 70/100:
  Stealth: mean=0.867, best=1.000
  Destructiveness: mean=2.233, best=3.758
  CV: mean=0.0000, min=0.0000
  Feasibility: count=10, ratio=100.00%
  Max feasible destruct: 3.758
  Pareto front size: 10
  Budget ratio: mean=0.097, max=0.252
  Radial: mean_ratio=0.097, max_ratio=0.252, mean_score=0.917
  Sign: mean_ratio=0.382, max_ratio=1.000, mean_score=0.767
[MOS-Core] Gen 80/100:
  Stealth: mean=0.863, best=1.000
  Destructiveness: mean=2.237, best=3.758
  CV: mean=0.0000, min=0.0000
  Feasibility: count=10, ratio=100.00%
  Max feasible destruct: 3.758
  Pareto front size: 10
  Budget ratio: mean=0.101, max=0.252
  Radial: mean_ratio=0.101, max_ratio=0.252, mean_score=0.913
  Sign: mean_ratio=0.386, max_ratio=1.000, mean_score=0.765
[MOS-Core] Gen 90/100:
  Stealth: mean=0.881, best=1.000
  Destructiveness: mean=1.936, best=3.758
  CV: mean=0.0000, min=0.0000
  Feasibility: count=10, ratio=100.00%
  Max feasible destruct: 3.758
  Pareto front size: 10
  Budget ratio: mean=0.093, max=0.252
  Radial: mean_ratio=0.093, max_ratio=0.252, mean_score=0.920
  Sign: mean_ratio=0.304, max_ratio=1.000, mean_score=0.803
[MOS-Core] Gen 100/100:
  Stealth: mean=0.880, best=1.000
  Destructiveness: mean=1.940, best=3.763
  CV: mean=0.0000, min=0.0000
  Feasibility: count=10, ratio=100.00%
  Max feasible destruct: 3.763
  Pareto front size: 10
  Budget ratio: mean=0.095, max=0.258
  Radial: mean_ratio=0.095, max_ratio=0.258, mean_score=0.917
  Sign: mean_ratio=0.292, max_ratio=0.999, mean_score=0.808

[MOS-Core] Selecting final solution...
[MOS-Core] Selection parameters:
  Lambda_s (stealth weight): 0.50
  Lambda_a (attack weight): 0.50
  Attack floor ratio: 0.3763

[MOS-Core] Feasibility summary:
  Feasible solutions: 10
  Feasible ratio: 100.00%
  Selection mode: feasible
  Min CV in front: 0.0000

[MOS-Core] Pareto front summary:
  Front size: 10
  Stealth range: [0.697, 1.000]
  Destructiveness range: [0.000, 3.763]
  CV range: [0.0000, 0.0000]
  Candidates after attack floor: 8

[MOS-Core] Selected solution (index=4):
[MOS-Core]   Constraint pass score (R): 0.915
[MOS-Core]   Destructiveness (A): 2.789
[MOS-Core]   Total CV: 0.0000
[MOS-Core]   Deviation norm: 2.7892
[MOS-Core]   Budget usage: 0.08%
[MOS-Core] selection_mode=balanced_knee
[MOS-Core] selected_budget_ratio=0.000781
[MOS-Core] selected_stealth=0.915104
[MOS-Core] selected_destructiveness=2.789151
[MOS-Core] selected_cv=0.000000
[MOS-Core] selected_feasible=True
[MOS-Core] selected_guidance_alignment=1.000000
[MOS-Core] Per-constraint details:
[MOS-Core]   Radial: score=0.999, ratio=0.001, loss=2.7892, threshold=3570.1230
[MOS-Core]   Sign: score=0.747, ratio=0.339, loss=0.1756, threshold=0.5181

[MOS-Core] Generating 7 malicious updates...
[MOS-Core] Template noise scale: 0.0001
[MOS-Core] Output norms: min=2.7968, mean=2.8001, max=2.8060
[MOS-Core] Attack completed successfully
============================================================

attack:mos_attack
defend:multi_krum
t   1: train_loss = 3.385, test_acc = 10.000
attack numbers = 5
current iteration attack ratio: 0.2

============================================================
[MOS-Core] Starting MOS-Attack
============================================================
[MOS-Core] Total parameters: 11,183,582
[MOS-Core] Benign clients: 20
[MOS-Core] Malicious slots: 5
[MOS-Core] Benign mean norm: 902.5904
[MOS-Core] Benign std (mean): 0.0009
[MOS-Core] ce_raw_norm=21.97292709350586
[MOS-Core] cw_raw_norm=23.392290115356445
[MOS-Core] ce_valid=True
[MOS-Core] cw_valid=True
[MOS-Core] ce_cw_cosine=0.9552945494651794
[MOS-Core] combined_pre_norm=0.9887604713439941
[MOS-Core] historical_direction_valid=True
[MOS-Core] historical_direction_norm=2.789158582687378
[MOS-Core] guidance_history_cosine=0.0829312801361084
[MOS-Core] guidance_source=ce_cw_combined
[MOS-Core] guidance_fallback_used=False
[MOS-Core] final_guidance_norm=1.000000
[MOS-Core] Base radial threshold (q=0.95): 439.3104
[MOS-Core] Attack budget ratio: 1.0
[MOS-Core] current_budget=439.310364
[MOS-Core] current_budget_valid=True

[MOS-Core] Initializing constraints...
[MOS-Core] Enabled constraints: Radial, Sign
[MOS-Core] Radial weight: 1.0
[MOS-Core] Sign weight: 0.5, layer_reduce: quantile
[MOS-Core]   Radial threshold: 439.3104
[MOS-Core]   Sign threshold: 1.2426

[MOS-Core] Initializing population (size=10)...
[MOS-Core] adaptive_guided_init=True alpha_feasible=0.002930 scales=[0.0, 0.0005859375000000001, 0.0011718750000000002, 0.0017578124999999998, 0.0023437500000000003, 0.0029296875]
[MOS-Core] Generated 6 scale-based seeds: [0.0, 0.0005859375000000001, 0.0011718750000000002, 0.0017578124999999998, 0.0023437500000000003, 0.0029296875]
[MOS-Core] Historical seed injected at position 3
[MOS-Core] historical_raw_norm=2.789159
[MOS-Core] historical_direction_norm=1.000000
[MOS-Core] historical_seed_target_scale=219.655182
[MOS-Core] historical_seed_final_norm=219.655182
[MOS-Core] Generated 4 random candidates (noise_scale=0.1)
[MOS-Core] Initial population norms: min=0.0000, mean=67.0527, max=280.1892
[MOS-Core] Budget ratios: min=0.0000, mean=0.1526, max=0.6378
[MOS-Core] Clipped ratio: 0.00%
[MOS-Core] Historical seed used: True

[MOS-Core] Starting NSGA-II evolution...
[MOS-Core] Generations: 100
[MOS-Core] Population size: 10
[MOS-Core] SBX eta: 15.0, crossover_prob: 0.9
[MOS-Core] Mutation scale: 0.05
[MOS-Core] Gen 1/100:
  Stealth: mean=0.909, best=1.000
  Destructiveness: mean=0.595, best=1.287
  CV: mean=0.0000, min=0.0000
  Feasibility: count=10, ratio=100.00%
  Max feasible destruct: 1.287
  Pareto front size: 7
  Budget ratio: mean=0.016, max=0.033
  Radial: mean_ratio=0.016, max_ratio=0.033, mean_score=0.985
  Sign: mean_ratio=0.388, max_ratio=0.899, mean_score=0.757
[MOS-Core] Gen 10/100:
  Stealth: mean=0.914, best=1.000
  Destructiveness: mean=0.623, best=1.318
  CV: mean=0.0000, min=0.0000
  Feasibility: count=10, ratio=100.00%
  Max feasible destruct: 1.318
  Pareto front size: 10
  Budget ratio: mean=0.025, max=0.088
  Radial: mean_ratio=0.025, max_ratio=0.088, mean_score=0.977
  Sign: mean_ratio=0.325, max_ratio=0.756, mean_score=0.789
[MOS-Core] Gen 20/100:
  Stealth: mean=0.907, best=1.000
  Destructiveness: mean=0.651, best=1.337
  CV: mean=0.0000, min=0.0000
  Feasibility: count=10, ratio=100.00%
  Max feasible destruct: 1.337
  Pareto front size: 10
  Budget ratio: mean=0.032, max=0.118
  Radial: mean_ratio=0.032, max_ratio=0.118, mean_score=0.970
  Sign: mean_ratio=0.347, max_ratio=0.785, mean_score=0.781
[MOS-Core] Gen 30/100:
  Stealth: mean=0.884, best=1.000
  Destructiveness: mean=0.764, best=1.357
  CV: mean=0.0000, min=0.0000
  Feasibility: count=10, ratio=100.00%
  Max feasible destruct: 1.357
  Pareto front size: 10
  Budget ratio: mean=0.052, max=0.181
  Radial: mean_ratio=0.052, max_ratio=0.181, mean_score=0.954
  Sign: mean_ratio=0.423, max_ratio=0.806, mean_score=0.743
[MOS-Core] Gen 40/100:
  Stealth: mean=0.876, best=1.000
  Destructiveness: mean=0.770, best=1.384
  CV: mean=0.0000, min=0.0000
  Feasibility: count=10, ratio=100.00%
  Max feasible destruct: 1.384
  Pareto front size: 10
  Budget ratio: mean=0.065, max=0.212
  Radial: mean_ratio=0.065, max_ratio=0.212, mean_score=0.944
  Sign: mean_ratio=0.430, max_ratio=0.837, mean_score=0.741
[MOS-Core] Gen 50/100:
  Stealth: mean=0.873, best=1.000
  Destructiveness: mean=0.747, best=1.400
  CV: mean=0.0000, min=0.0000
  Feasibility: count=10, ratio=100.00%
  Max feasible destruct: 1.400
  Pareto front size: 10
  Budget ratio: mean=0.074, max=0.245
  Radial: mean_ratio=0.074, max_ratio=0.245, mean_score=0.936
  Sign: mean_ratio=0.411, max_ratio=0.826, mean_score=0.747
[MOS-Core] Gen 60/100:
  Stealth: mean=0.852, best=1.000
  Destructiveness: mean=0.857, best=1.429
  CV: mean=0.0000, min=0.0000
  Feasibility: count=10, ratio=100.00%
  Max feasible destruct: 1.429
  Pareto front size: 10
  Budget ratio: mean=0.090, max=0.292
  Radial: mean_ratio=0.090, max_ratio=0.292, mean_score=0.923
  Sign: mean_ratio=0.480, max_ratio=0.801, mean_score=0.711
[MOS-Core] Gen 70/100:
  Stealth: mean=0.841, best=1.000
  Destructiveness: mean=0.872, best=1.450
  CV: mean=0.0000, min=0.0000
  Feasibility: count=10, ratio=100.00%
  Max feasible destruct: 1.450
  Pareto front size: 10
  Budget ratio: mean=0.114, max=0.320
  Radial: mean_ratio=0.114, max_ratio=0.320, mean_score=0.907
  Sign: mean_ratio=0.486, max_ratio=0.818, mean_score=0.708
[MOS-Core] Gen 80/100:
  Stealth: mean=0.842, best=1.000
  Destructiveness: mean=0.876, best=1.468
  CV: mean=0.0000, min=0.0000
  Feasibility: count=10, ratio=100.00%
  Max feasible destruct: 1.468
  Pareto front size: 10
  Budget ratio: mean=0.110, max=0.303
  Radial: mean_ratio=0.110, max_ratio=0.303, mean_score=0.909
  Sign: mean_ratio=0.484, max_ratio=0.827, mean_score=0.709
[MOS-Core] Gen 90/100:
  Stealth: mean=0.839, best=1.000
  Destructiveness: mean=0.881, best=1.505
  CV: mean=0.0000, min=0.0000
  Feasibility: count=10, ratio=100.00%
  Max feasible destruct: 1.505
  Pareto front size: 10
  Budget ratio: mean=0.118, max=0.376
  Radial: mean_ratio=0.118, max_ratio=0.376, mean_score=0.904
  Sign: mean_ratio=0.489, max_ratio=0.855, mean_score=0.708
[MOS-Core] Gen 100/100:
  Stealth: mean=0.843, best=1.000
  Destructiveness: mean=0.879, best=1.515
  CV: mean=0.0000, min=0.0000
  Feasibility: count=10, ratio=100.00%
  Max feasible destruct: 1.515
  Pareto front size: 10
  Budget ratio: mean=0.111, max=0.410
  Radial: mean_ratio=0.111, max_ratio=0.410, mean_score=0.910
  Sign: mean_ratio=0.484, max_ratio=0.867, mean_score=0.709

[MOS-Core] Selecting final solution...
[MOS-Core] Selection parameters:
  Lambda_s (stealth weight): 0.50
  Lambda_a (attack weight): 0.50
  Attack floor ratio: 0.1515

[MOS-Core] Feasibility summary:
  Feasible solutions: 10
  Feasible ratio: 100.00%
  Selection mode: feasible
  Min CV in front: 0.0000

[MOS-Core] Pareto front summary:
  Front size: 10
  Stealth range: [0.651, 1.000]
  Destructiveness range: [0.000, 1.515]
  CV range: [0.0000, 0.0000]
  Candidates after attack floor: 8

[MOS-Core] Selected solution (index=2):
[MOS-Core]   Constraint pass score (R): 0.878
[MOS-Core]   Destructiveness (A): 1.030
[MOS-Core]   Total CV: 0.0000
[MOS-Core]   Deviation norm: 1.0296
[MOS-Core]   Budget usage: 0.23%
[MOS-Core] selection_mode=balanced_knee
[MOS-Core] selected_budget_ratio=0.002344
[MOS-Core] selected_stealth=0.878085
[MOS-Core] selected_destructiveness=1.029626
[MOS-Core] selected_cv=0.000000
[MOS-Core] selected_feasible=True
[MOS-Core] selected_guidance_alignment=1.000000
[MOS-Core] Per-constraint details:
[MOS-Core]   Radial: score=0.998, ratio=0.002, loss=1.0296, threshold=439.3104
[MOS-Core]   Sign: score=0.639, ratio=0.565, loss=0.7022, threshold=1.2426

[MOS-Core] Generating 5 malicious updates...
[MOS-Core] Template noise scale: 0.0001
[MOS-Core] Output norms: min=1.0300, mean=1.0300, max=1.0301
[MOS-Core] Attack completed successfully
============================================================

attack:mos_attack
defend:multi_krum
t   2: train_loss = 2.298, test_acc = 17.460
attack numbers = 5
current iteration attack ratio: 0.2

============================================================
[MOS-Core] Starting MOS-Attack
============================================================
[MOS-Core] Total parameters: 11,183,582
[MOS-Core] Benign clients: 20
[MOS-Core] Malicious slots: 5
[MOS-Core] Benign mean norm: 347.4116
[MOS-Core] Benign std (mean): 0.0007
[MOS-Core] ce_raw_norm=2510.78662109375
[MOS-Core] cw_raw_norm=2510.786865234375
[MOS-Core] ce_valid=True
[MOS-Core] cw_valid=True
[MOS-Core] ce_cw_cosine=1.0
[MOS-Core] combined_pre_norm=1.0
[MOS-Core] historical_direction_valid=True
[MOS-Core] historical_direction_norm=1.02963387966156
[MOS-Core] guidance_history_cosine=0.7419276833534241
[MOS-Core] guidance_source=ce_cw_combined
[MOS-Core] guidance_fallback_used=False
[MOS-Core] final_guidance_norm=1.000000
[MOS-Core] Base radial threshold (q=0.95): 253.0835
[MOS-Core] Attack budget ratio: 1.0
[MOS-Core] current_budget=253.083542
[MOS-Core] current_budget_valid=True

[MOS-Core] Initializing constraints...
[MOS-Core] Enabled constraints: Radial, Sign
[MOS-Core] Radial weight: 1.0
[MOS-Core] Sign weight: 0.5, layer_reduce: quantile
[MOS-Core]   Radial threshold: 253.0835
[MOS-Core]   Sign threshold: 1.0014

[MOS-Core] Initializing population (size=10)...
[MOS-Core] adaptive_guided_init=True alpha_feasible=0.003906 scales=[0.0, 0.00078125, 0.0015625, 0.00234375, 0.003125, 0.00390625]
[MOS-Core] Generated 6 scale-based seeds: [0.0, 0.00078125, 0.0015625, 0.00234375, 0.003125, 0.00390625]
[MOS-Core] Historical seed injected at position 3
[MOS-Core] historical_raw_norm=1.029634
[MOS-Core] historical_direction_norm=1.000000
[MOS-Core] historical_seed_target_scale=126.541771
[MOS-Core] historical_seed_final_norm=126.541756
[MOS-Core] Generated 4 random candidates (noise_scale=0.1)
[MOS-Core] Initial population norms: min=0.0000, mean=50.0479, max=126.5418
[MOS-Core] Budget ratios: min=0.0000, mean=0.1978, max=0.5000
[MOS-Core] Clipped ratio: 0.00%
[MOS-Core] Historical seed used: True

[MOS-Core] Starting NSGA-II evolution...
[MOS-Core] Generations: 100
[MOS-Core] Population size: 10
[MOS-Core] SBX eta: 15.0, crossover_prob: 0.9
[MOS-Core] Mutation scale: 0.05
[MOS-Core] Gen 1/100:
  Stealth: mean=0.898, best=1.000
  Destructiveness: mean=0.494, best=0.989
  CV: mean=0.0000, min=0.0000
  Feasibility: count=10, ratio=100.00%
  Max feasible destruct: 0.989
  Pareto front size: 8
  Budget ratio: mean=0.021, max=0.048
  Radial: mean_ratio=0.021, max_ratio=0.048, mean_score=0.980
  Sign: mean_ratio=0.463, max_ratio=0.987, mean_score=0.734
[MOS-Core] Gen 10/100:
  Stealth: mean=0.895, best=1.000
  Destructiveness: mean=0.476, best=0.997
  CV: mean=0.0000, min=0.0000
  Feasibility: count=10, ratio=100.00%
  Max feasible destruct: 0.997
  Pareto front size: 10
  Budget ratio: mean=0.029, max=0.090
  Radial: mean_ratio=0.029, max_ratio=0.090, mean_score=0.973
  Sign: mean_ratio=0.441, max_ratio=0.982, mean_score=0.740
[MOS-Core] Gen 20/100:
  Stealth: mean=0.892, best=1.000
  Destructiveness: mean=0.498, best=1.011
  CV: mean=0.0000, min=0.0000
  Feasibility: count=10, ratio=100.00%
  Max feasible destruct: 1.011
  Pareto front size: 10
  Budget ratio: mean=0.035, max=0.135
  Radial: mean_ratio=0.035, max_ratio=0.135, mean_score=0.968
  Sign: mean_ratio=0.447, max_ratio=0.982, mean_score=0.741
[MOS-Core] Gen 30/100:
  Stealth: mean=0.871, best=1.000
  Destructiveness: mean=0.561, best=1.021
  CV: mean=0.0000, min=0.0000
  Feasibility: count=10, ratio=100.00%
  Max feasible destruct: 1.021
  Pareto front size: 10
  Budget ratio: mean=0.054, max=0.177
  Radial: mean_ratio=0.054, max_ratio=0.177, mean_score=0.952
  Sign: mean_ratio=0.511, max_ratio=0.984, mean_score=0.708
[MOS-Core] Gen 40/100:
  Stealth: mean=0.857, best=1.000
  Destructiveness: mean=0.584, best=1.029
  CV: mean=0.0000, min=0.0000
  Feasibility: count=10, ratio=100.00%
  Max feasible destruct: 1.029
  Pareto front size: 10
  Budget ratio: mean=0.073, max=0.208
  Radial: mean_ratio=0.073, max_ratio=0.208, mean_score=0.936
  Sign: mean_ratio=0.524, max_ratio=0.999, mean_score=0.699
[MOS-Core] Gen 50/100:
  Stealth: mean=0.870, best=1.000
  Destructiveness: mean=0.506, best=1.038
  CV: mean=0.0000, min=0.0000
  Feasibility: count=10, ratio=100.00%
  Max feasible destruct: 1.038
  Pareto front size: 10
  Budget ratio: mean=0.078, max=0.244
  Radial: mean_ratio=0.078, max_ratio=0.244, mean_score=0.933
  Sign: mean_ratio=0.435, max_ratio=0.936, mean_score=0.745
[MOS-Core] Gen 60/100:
  Stealth: mean=0.859, best=1.000
  Destructiveness: mean=0.584, best=1.053
  CV: mean=0.0000, min=0.0000
  Feasibility: count=10, ratio=100.00%
  Max feasible destruct: 1.053
  Pareto front size: 10
  Budget ratio: mean=0.072, max=0.260
  Radial: mean_ratio=0.072, max_ratio=0.260, mean_score=0.937
  Sign: mean_ratio=0.512, max_ratio=0.988, mean_score=0.702
[MOS-Core] Gen 70/100:
  Stealth: mean=0.862, best=1.000
  Destructiveness: mean=0.566, best=1.065
  CV: mean=0.0000, min=0.0000
  Feasibility: count=10, ratio=100.00%
  Max feasible destruct: 1.065
  Pareto front size: 10
  Budget ratio: mean=0.074, max=0.294
  Radial: mean_ratio=0.074, max_ratio=0.294, mean_score=0.936
  Sign: mean_ratio=0.495, max_ratio=0.973, mean_score=0.714
[MOS-Core] Gen 80/100:
  Stealth: mean=0.834, best=1.000
  Destructiveness: mean=0.635, best=1.076
  CV: mean=0.0000, min=0.0000
  Feasibility: count=10, ratio=100.00%
  Max feasible destruct: 1.076
  Pareto front size: 10
  Budget ratio: mean=0.112, max=0.332
  Radial: mean_ratio=0.112, max_ratio=0.332, mean_score=0.908
  Sign: mean_ratio=0.567, max_ratio=0.990, mean_score=0.687
[MOS-Core] Gen 90/100:
  Stealth: mean=0.854, best=1.000
  Destructiveness: mean=0.549, best=1.087
  CV: mean=0.0000, min=0.0000
  Feasibility: count=10, ratio=100.00%
  Max feasible destruct: 1.087
  Pareto front size: 10
  Budget ratio: mean=0.094, max=0.348
  Radial: mean_ratio=0.094, max_ratio=0.348, mean_score=0.920
  Sign: mean_ratio=0.493, max_ratio=0.993, mean_score=0.721
[MOS-Core] Gen 100/100:
  Stealth: mean=0.853, best=1.000
  Destructiveness: mean=0.550, best=1.092
  CV: mean=0.0000, min=0.0000
  Feasibility: count=10, ratio=100.00%
  Max feasible destruct: 1.092
  Pareto front size: 10
  Budget ratio: mean=0.096, max=0.358
  Radial: mean_ratio=0.096, max_ratio=0.358, mean_score=0.919
  Sign: mean_ratio=0.488, max_ratio=1.000, mean_score=0.722

[MOS-Core] Selecting final solution...
[MOS-Core] Selection parameters:
  Lambda_s (stealth weight): 0.50
  Lambda_a (attack weight): 0.50
  Attack floor ratio: 0.1092

[MOS-Core] Feasibility summary:
  Feasible solutions: 10
  Feasible ratio: 100.00%
  Selection mode: feasible
  Min CV in front: 0.0000

[MOS-Core] Pareto front summary:
  Front size: 10
  Stealth range: [0.657, 1.000]
  Destructiveness range: [0.000, 1.092]
  CV range: [0.0000, 0.0000]
  Candidates after attack floor: 8

[MOS-Core] Selected solution (index=4):
[MOS-Core]   Constraint pass score (R): 0.855
[MOS-Core]   Destructiveness (A): 0.791
[MOS-Core]   Total CV: 0.0000
[MOS-Core]   Deviation norm: 0.7909
[MOS-Core]   Budget usage: 0.31%
[MOS-Core] selection_mode=balanced_knee
[MOS-Core] selected_budget_ratio=0.003125
[MOS-Core] selected_stealth=0.854687
[MOS-Core] selected_destructiveness=0.790880
[MOS-Core] selected_cv=0.000000
[MOS-Core] selected_feasible=True
[MOS-Core] selected_guidance_alignment=1.000000
[MOS-Core] Per-constraint details:
[MOS-Core]   Radial: score=0.997, ratio=0.003, loss=0.7909, threshold=253.0835
[MOS-Core]   Sign: score=0.570, ratio=0.753, loss=0.7545, threshold=1.0014

[MOS-Core] Generating 5 malicious updates...
[MOS-Core] Template noise scale: 0.0001
[MOS-Core] Output norms: min=0.7910, mean=0.7911, max=0.7911
[MOS-Core] Attack completed successfully
============================================================

attack:mos_attack
defend:multi_krum
t   3: train_loss = 2.108, test_acc = 18.250
attack numbers = 7
current iteration attack ratio: 0.28

============================================================
[MOS-Core] Starting MOS-Attack
============================================================
[MOS-Core] Total parameters: 11,183,582
[MOS-Core] Benign clients: 18
[MOS-Core] Malicious slots: 7
[MOS-Core] Benign mean norm: 377.4867
[MOS-Core] Benign std (mean): 0.0007
[MOS-Core] ce_raw_norm=5852.83056640625
[MOS-Core] cw_raw_norm=5853.03564453125
[MOS-Core] ce_valid=True
[MOS-Core] cw_valid=True
[MOS-Core] ce_cw_cosine=1.0
[MOS-Core] combined_pre_norm=1.0
[MOS-Core] historical_direction_valid=True
[MOS-Core] historical_direction_norm=0.7908861637115479
[MOS-Core] guidance_history_cosine=0.8680185079574585
[MOS-Core] guidance_source=ce_cw_combined
[MOS-Core] guidance_fallback_used=False
[MOS-Core] final_guidance_norm=1.000000
[MOS-Core] Base radial threshold (q=0.95): 271.5151
[MOS-Core] Attack budget ratio: 1.0
[MOS-Core] current_budget=271.515076
[MOS-Core] current_budget_valid=True

[MOS-Core] Initializing constraints...
[MOS-Core] Enabled constraints: Radial, Sign
[MOS-Core] Radial weight: 1.0
[MOS-Core] Sign weight: 0.5, layer_reduce: quantile
[MOS-Core]   Radial threshold: 271.5151
[MOS-Core]   Sign threshold: 1.2042

[MOS-Core] Initializing population (size=10)...
[MOS-Core] adaptive_guided_init=True alpha_feasible=0.001953 scales=[0.0, 0.000390625, 0.00078125, 0.001171875, 0.0015625, 0.001953125]
[MOS-Core] Generated 6 scale-based seeds: [0.0, 0.000390625, 0.00078125, 0.001171875, 0.0015625, 0.001953125]
[MOS-Core] Historical seed injected at position 3
[MOS-Core] historical_raw_norm=0.790886
[MOS-Core] historical_direction_norm=1.000000
[MOS-Core] historical_seed_target_scale=135.757538
[MOS-Core] historical_seed_final_norm=135.757523
[MOS-Core] Generated 4 random candidates (noise_scale=0.1)
[MOS-Core] Initial population norms: min=0.0000, mean=63.1802, max=176.9545
[MOS-Core] Budget ratios: min=0.0000, mean=0.2327, max=0.6517
[MOS-Core] Clipped ratio: 0.00%
[MOS-Core] Historical seed used: True

[MOS-Core] Starting NSGA-II evolution...
[MOS-Core] Generations: 100
[MOS-Core] Population size: 10
[MOS-Core] SBX eta: 15.0, crossover_prob: 0.9
[MOS-Core] Mutation scale: 0.05
[MOS-Core] Gen 1/100:
  Stealth: mean=0.884, best=1.000
  Destructiveness: mean=0.350, best=0.531
  CV: mean=0.0000, min=0.0000
  Feasibility: count=10, ratio=100.00%
  Max feasible destruct: 0.531
  Pareto front size: 9
  Budget ratio: mean=0.021, max=0.049
  Radial: mean_ratio=0.021, max_ratio=0.049, mean_score=0.980
  Sign: mean_ratio=0.540, max_ratio=0.925, mean_score=0.691
[MOS-Core] Gen 10/100:
  Stealth: mean=0.901, best=1.000
  Destructiveness: mean=0.277, best=0.537
  CV: mean=0.0000, min=0.0000
  Feasibility: count=10, ratio=100.00%
  Max feasible destruct: 0.537
  Pareto front size: 10
  Budget ratio: mean=0.030, max=0.094
  Radial: mean_ratio=0.030, max_ratio=0.094, mean_score=0.972
  Sign: mean_ratio=0.398, max_ratio=0.960, mean_score=0.758
[MOS-Core] Gen 20/100:
  Stealth: mean=0.887, best=1.000
  Destructiveness: mean=0.309, best=0.543
  CV: mean=0.0000, min=0.0000
  Feasibility: count=10, ratio=100.00%
  Max feasible destruct: 0.543
  Pareto front size: 10
  Budget ratio: mean=0.037, max=0.161
  Radial: mean_ratio=0.037, max_ratio=0.161, mean_score=0.966
  Sign: mean_ratio=0.465, max_ratio=0.955, mean_score=0.728
[MOS-Core] Gen 30/100:
  Stealth: mean=0.891, best=1.000
  Destructiveness: mean=0.279, best=0.549
  CV: mean=0.0000, min=0.0000
  Feasibility: count=10, ratio=100.00%
  Max feasible destruct: 0.549
  Pareto front size: 10
  Budget ratio: mean=0.048, max=0.189
  Radial: mean_ratio=0.048, max_ratio=0.189, mean_score=0.957
  Sign: mean_ratio=0.393, max_ratio=0.950, mean_score=0.759
[MOS-Core] Gen 40/100:
  Stealth: mean=0.875, best=1.000
  Destructiveness: mean=0.311, best=0.552
  CV: mean=0.0000, min=0.0000
  Feasibility: count=10, ratio=100.00%
  Max feasible destruct: 0.552
  Pareto front size: 10
  Budget ratio: mean=0.057, max=0.200
  Radial: mean_ratio=0.057, max_ratio=0.200, mean_score=0.949
  Sign: mean_ratio=0.466, max_ratio=0.975, mean_score=0.727
[MOS-Core] Gen 50/100:
  Stealth: mean=0.844, best=1.000
  Destructiveness: mean=0.357, best=0.560
  CV: mean=0.0000, min=0.0000
  Feasibility: count=10, ratio=100.00%
  Max feasible destruct: 0.560
  Pareto front size: 10
  Budget ratio: mean=0.090, max=0.258
  Radial: mean_ratio=0.090, max_ratio=0.258, mean_score=0.924
  Sign: mean_ratio=0.551, max_ratio=0.946, mean_score=0.686
[MOS-Core] Gen 60/100:
  Stealth: mean=0.851, best=1.000
  Destructiveness: mean=0.327, best=0.567
  CV: mean=0.0000, min=0.0000
  Feasibility: count=10, ratio=100.00%
  Max feasible destruct: 0.567
  Pareto front size: 10
  Budget ratio: mean=0.099, max=0.285
  Radial: mean_ratio=0.099, max_ratio=0.285, mean_score=0.917
  Sign: mean_ratio=0.489, max_ratio=0.973, mean_score=0.720
[MOS-Core] Gen 70/100:
  Stealth: mean=0.842, best=1.000
  Destructiveness: mean=0.350, best=0.576
  CV: mean=0.0000, min=0.0000
  Feasibility: count=10, ratio=100.00%
  Max feasible destruct: 0.576
  Pareto front size: 10
  Budget ratio: mean=0.103, max=0.313
  Radial: mean_ratio=0.103, max_ratio=0.313, mean_score=0.915
  Sign: mean_ratio=0.520, max_ratio=0.920, mean_score=0.697
[MOS-Core] Gen 80/100:
  Stealth: mean=0.850, best=1.000
  Destructiveness: mean=0.319, best=0.586
  CV: mean=0.0000, min=0.0000
  Feasibility: count=10, ratio=100.00%
  Max feasible destruct: 0.586
  Pareto front size: 10
  Budget ratio: mean=0.105, max=0.312
  Radial: mean_ratio=0.105, max_ratio=0.312, mean_score=0.913
  Sign: mean_ratio=0.472, max_ratio=0.986, mean_score=0.726
[MOS-Core] Gen 90/100:
  Stealth: mean=0.829, best=1.000
  Destructiveness: mean=0.344, best=0.590
  CV: mean=0.0000, min=0.0000
  Feasibility: count=10, ratio=100.00%
  Max feasible destruct: 0.590
  Pareto front size: 10
  Budget ratio: mean=0.126, max=0.324
  Radial: mean_ratio=0.126, max_ratio=0.324, mean_score=0.895
  Sign: mean_ratio=0.541, max_ratio=0.980, mean_score=0.698
[MOS-Core] Gen 100/100:
  Stealth: mean=0.840, best=1.000
  Destructiveness: mean=0.313, best=0.597
  CV: mean=0.0000, min=0.0000
  Feasibility: count=10, ratio=100.00%
  Max feasible destruct: 0.597
  Pareto front size: 10
  Budget ratio: mean=0.127, max=0.313
  Radial: mean_ratio=0.127, max_ratio=0.313, mean_score=0.894
  Sign: mean_ratio=0.486, max_ratio=0.985, mean_score=0.731

[MOS-Core] Selecting final solution...
[MOS-Core] Selection parameters:
  Lambda_s (stealth weight): 0.50
  Lambda_a (attack weight): 0.50
  Attack floor ratio: 0.0597

[MOS-Core] Feasibility summary:
  Feasible solutions: 10
  Feasible ratio: 100.00%
  Selection mode: feasible
  Min CV in front: 0.0000

[MOS-Core] Pareto front summary:
  Front size: 10
  Stealth range: [0.676, 1.000]
  Destructiveness range: [0.000, 0.597]
  CV range: [0.0000, 0.0000]
  Candidates after attack floor: 8

[MOS-Core] Selected solution (index=2):
[MOS-Core]   Constraint pass score (R): 0.868
[MOS-Core]   Destructiveness (A): 0.424
[MOS-Core]   Total CV: 0.0000
[MOS-Core]   Deviation norm: 0.4242
[MOS-Core]   Budget usage: 0.16%
[MOS-Core] selection_mode=balanced_knee
[MOS-Core] selected_budget_ratio=0.001563
[MOS-Core] selected_stealth=0.867826
[MOS-Core] selected_destructiveness=0.424240
[MOS-Core] selected_cv=0.000000
[MOS-Core] selected_feasible=True
[MOS-Core] selected_guidance_alignment=1.000000
[MOS-Core] Per-constraint details:
[MOS-Core]   Radial: score=0.998, ratio=0.002, loss=0.4242, threshold=271.5151
[MOS-Core]   Sign: score=0.607, ratio=0.649, loss=0.7810, threshold=1.2042

[MOS-Core] Generating 7 malicious updates...
[MOS-Core] Template noise scale: 0.0001
[MOS-Core] Output norms: min=0.4245, mean=0.4247, max=0.4248
[MOS-Core] Attack completed successfully
============================================================

attack:mos_attack
defend:multi_krum
t   4: train_loss = 2.028, test_acc = 22.630
attack numbers = 5
current iteration attack ratio: 0.2

============================================================
[MOS-Core] Starting MOS-Attack
============================================================
[MOS-Core] Total parameters: 11,183,582
[MOS-Core] Benign clients: 20
[MOS-Core] Malicious slots: 5
[MOS-Core] Benign mean norm: 172.1398
[MOS-Core] Benign std (mean): 0.0006
[MOS-Core] ce_raw_norm=5240.755859375
[MOS-Core] cw_raw_norm=5240.7490234375
[MOS-Core] ce_valid=True
[MOS-Core] cw_valid=True
[MOS-Core] ce_cw_cosine=1.0
[MOS-Core] combined_pre_norm=1.0
[MOS-Core] historical_direction_valid=True
[MOS-Core] historical_direction_norm=0.4242422878742218
[MOS-Core] guidance_history_cosine=0.9111108779907227
[MOS-Core] guidance_source=ce_cw_combined
[MOS-Core] guidance_fallback_used=False
[MOS-Core] final_guidance_norm=1.000000
[MOS-Core] Base radial threshold (q=0.95): 214.6715
[MOS-Core] Attack budget ratio: 1.0
[MOS-Core] current_budget=214.671494
[MOS-Core] current_budget_valid=True

[MOS-Core] Initializing constraints...
[MOS-Core] Enabled constraints: Radial, Sign
[MOS-Core] Radial weight: 1.0
[MOS-Core] Sign weight: 0.5, layer_reduce: quantile
[MOS-Core]   Radial threshold: 214.6715
[MOS-Core]   Sign threshold: 1.2788

[MOS-Core] Initializing population (size=10)...
[MOS-Core] adaptive_guided_init=True alpha_feasible=0.001953 scales=[0.0, 0.000390625, 0.00078125, 0.001171875, 0.0015625, 0.001953125]
[MOS-Core] Generated 6 scale-based seeds: [0.0, 0.000390625, 0.00078125, 0.001171875, 0.0015625, 0.001953125]
[MOS-Core] Historical seed injected at position 3
[MOS-Core] historical_raw_norm=0.424242
[MOS-Core] historical_direction_norm=1.000000
[MOS-Core] historical_seed_target_scale=107.335747
[MOS-Core] historical_seed_final_norm=107.335754
[MOS-Core] Generated 4 random candidates (noise_scale=0.1)
[MOS-Core] Initial population norms: min=0.0000, mean=44.2537, max=181.3900
[MOS-Core] Budget ratios: min=0.0000, mean=0.2061, max=0.8450
[MOS-Core] Clipped ratio: 0.00%
[MOS-Core] Historical seed used: True

[MOS-Core] Starting NSGA-II evolution...
[MOS-Core] Generations: 100
[MOS-Core] Population size: 10
[MOS-Core] SBX eta: 15.0, crossover_prob: 0.9
[MOS-Core] Mutation scale: 0.05
[MOS-Core] Gen 1/100:
  Stealth: mean=0.919, best=1.000
  Destructiveness: mean=0.226, best=0.421
  CV: mean=0.0000, min=0.0000
  Feasibility: count=10, ratio=100.00%
  Max feasible destruct: 0.421
  Pareto front size: 6
  Budget ratio: mean=0.017, max=0.036
  Radial: mean_ratio=0.017, max_ratio=0.036, mean_score=0.983
  Sign: mean_ratio=0.321, max_ratio=0.690, mean_score=0.791
[MOS-Core] Gen 10/100:
  Stealth: mean=0.915, best=1.000
  Destructiveness: mean=0.219, best=0.424
  CV: mean=0.0000, min=0.0000
  Feasibility: count=10, ratio=100.00%
  Max feasible destruct: 0.424
  Pareto front size: 10
  Budget ratio: mean=0.031, max=0.095
  Radial: mean_ratio=0.031, max_ratio=0.095, mean_score=0.971
  Sign: mean_ratio=0.288, max_ratio=0.680, mean_score=0.804
[MOS-Core] Gen 20/100:
  Stealth: mean=0.913, best=1.000
  Destructiveness: mean=0.228, best=0.431
  CV: mean=0.0000, min=0.0000
  Feasibility: count=10, ratio=100.00%
  Max feasible destruct: 0.431
  Pareto front size: 10
  Budget ratio: mean=0.031, max=0.113
  Radial: mean_ratio=0.031, max_ratio=0.113, mean_score=0.972
  Sign: mean_ratio=0.310, max_ratio=0.685, mean_score=0.795
[MOS-Core] Gen 30/100:
  Stealth: mean=0.895, best=1.000
  Destructiveness: mean=0.255, best=0.436
  CV: mean=0.0000, min=0.0000
  Feasibility: count=10, ratio=100.00%
  Max feasible destruct: 0.436
  Pareto front size: 10
  Budget ratio: mean=0.046, max=0.156
  Radial: mean_ratio=0.046, max_ratio=0.156, mean_score=0.959
  Sign: mean_ratio=0.362, max_ratio=0.701, mean_score=0.768
[MOS-Core] Gen 40/100:
  Stealth: mean=0.899, best=1.000
  Destructiveness: mean=0.254, best=0.442
  CV: mean=0.0000, min=0.0000
  Feasibility: count=10, ratio=100.00%
  Max feasible destruct: 0.442
  Pareto front size: 10
  Budget ratio: mean=0.040, max=0.196
  Radial: mean_ratio=0.040, max_ratio=0.196, mean_score=0.964
  Sign: mean_ratio=0.351, max_ratio=0.698, mean_score=0.768
[MOS-Core] Gen 50/100:
  Stealth: mean=0.879, best=1.000
  Destructiveness: mean=0.258, best=0.446
  CV: mean=0.0000, min=0.0000
  Feasibility: count=10, ratio=100.00%
  Max feasible destruct: 0.446
  Pareto front size: 10
  Budget ratio: mean=0.075, max=0.215
  Radial: mean_ratio=0.075, max_ratio=0.215, mean_score=0.935
  Sign: mean_ratio=0.364, max_ratio=0.711, mean_score=0.767
[MOS-Core] Gen 60/100:
  Stealth: mean=0.880, best=1.000
  Destructiveness: mean=0.258, best=0.451
  CV: mean=0.0000, min=0.0000
  Feasibility: count=10, ratio=100.00%
  Max feasible destruct: 0.451
  Pareto front size: 10
  Budget ratio: mean=0.074, max=0.265
  Radial: mean_ratio=0.074, max_ratio=0.265, mean_score=0.936
  Sign: mean_ratio=0.365, max_ratio=0.735, mean_score=0.768
[MOS-Core] Gen 70/100:
  Stealth: mean=0.867, best=1.000
  Destructiveness: mean=0.260, best=0.457
  CV: mean=0.0000, min=0.0000
  Feasibility: count=10, ratio=100.00%
  Max feasible destruct: 0.457
  Pareto front size: 10
  Budget ratio: mean=0.101, max=0.319
  Radial: mean_ratio=0.101, max_ratio=0.319, mean_score=0.918
  Sign: mean_ratio=0.373, max_ratio=0.750, mean_score=0.765
[MOS-Core] Gen 80/100:
  Stealth: mean=0.852, best=1.000
  Destructiveness: mean=0.279, best=0.466
  CV: mean=0.0000, min=0.0000
  Feasibility: count=10, ratio=100.00%
  Max feasible destruct: 0.466
  Pareto front size: 10
  Budget ratio: mean=0.114, max=0.375
  Radial: mean_ratio=0.114, max_ratio=0.375, mean_score=0.908
  Sign: mean_ratio=0.416, max_ratio=0.781, mean_score=0.742
[MOS-Core] Gen 90/100:
  Stealth: mean=0.848, best=1.000
  Destructiveness: mean=0.281, best=0.473
  CV: mean=0.0000, min=0.0000
  Feasibility: count=10, ratio=100.00%
  Max feasible destruct: 0.473
  Pareto front size: 10
  Budget ratio: mean=0.122, max=0.425
  Radial: mean_ratio=0.122, max_ratio=0.425, mean_score=0.901
  Sign: mean_ratio=0.419, max_ratio=0.798, mean_score=0.741
[MOS-Core] Gen 100/100:
  Stealth: mean=0.852, best=1.000
  Destructiveness: mean=0.281, best=0.479
  CV: mean=0.0000, min=0.0000
  Feasibility: count=10, ratio=100.00%
  Max feasible destruct: 0.479
  Pareto front size: 10
  Budget ratio: mean=0.114, max=0.421
  Radial: mean_ratio=0.114, max_ratio=0.421, mean_score=0.908
  Sign: mean_ratio=0.423, max_ratio=0.815, mean_score=0.739

[MOS-Core] Selecting final solution...
[MOS-Core] Selection parameters:
  Lambda_s (stealth weight): 0.50
  Lambda_a (attack weight): 0.50
  Attack floor ratio: 0.0479

[MOS-Core] Feasibility summary:
  Feasible solutions: 10
  Feasible ratio: 100.00%
  Selection mode: feasible
  Min CV in front: 0.0000

[MOS-Core] Pareto front summary:
  Front size: 10
  Stealth range: [0.653, 1.000]
  Destructiveness range: [0.000, 0.479]
  CV range: [0.0000, 0.0000]
  Candidates after attack floor: 9

[MOS-Core] Selected solution (index=5):
[MOS-Core]   Constraint pass score (R): 0.893
[MOS-Core]   Destructiveness (A): 0.335
[MOS-Core]   Total CV: 0.0000
[MOS-Core]   Deviation norm: 0.3354
[MOS-Core]   Budget usage: 0.16%
[MOS-Core] selection_mode=balanced_knee
[MOS-Core] selected_budget_ratio=0.001563
[MOS-Core] selected_stealth=0.893282
[MOS-Core] selected_destructiveness=0.335422
[MOS-Core] selected_cv=0.000000
[MOS-Core] selected_feasible=True
[MOS-Core] selected_guidance_alignment=1.000000
[MOS-Core] Per-constraint details:
[MOS-Core]   Radial: score=0.998, ratio=0.002, loss=0.3354, threshold=214.6715
[MOS-Core]   Sign: score=0.683, ratio=0.464, loss=0.5936, threshold=1.2788

[MOS-Core] Generating 5 malicious updates...
[MOS-Core] Template noise scale: 0.0001
[MOS-Core] Output norms: min=0.3356, mean=0.3357, max=0.3357
[MOS-Core] Attack completed successfully
============================================================

attack:mos_attack
defend:multi_krum
t   5: train_loss = 1.981, test_acc = 25.100
attack numbers = 6
current iteration attack ratio: 0.24

============================================================
[MOS-Core] Starting MOS-Attack
============================================================
[MOS-Core] Total parameters: 11,183,582
[MOS-Core] Benign clients: 19
[MOS-Core] Malicious slots: 6
[MOS-Core] Benign mean norm: 171.8202
[MOS-Core] Benign std (mean): 0.0006
[MOS-Core] ce_raw_norm=7545.4287109375
[MOS-Core] cw_raw_norm=7544.34814453125
[MOS-Core] ce_valid=True
[MOS-Core] cw_valid=True
[MOS-Core] ce_cw_cosine=1.0
[MOS-Core] combined_pre_norm=1.0
[MOS-Core] historical_direction_valid=True
[MOS-Core] historical_direction_norm=0.3354242146015167
[MOS-Core] guidance_history_cosine=0.9756821393966675
[MOS-Core] guidance_source=ce_cw_combined
[MOS-Core] guidance_fallback_used=False
[MOS-Core] final_guidance_norm=1.000000
[MOS-Core] Base radial threshold (q=0.95): 220.7427
[MOS-Core] Attack budget ratio: 1.0
[MOS-Core] current_budget=220.742737
[MOS-Core] current_budget_valid=True

[MOS-Core] Initializing constraints...
[MOS-Core] Enabled constraints: Radial, Sign
[MOS-Core] Radial weight: 1.0
[MOS-Core] Sign weight: 0.5, layer_reduce: quantile
[MOS-Core]   Radial threshold: 220.7427
[MOS-Core]   Sign threshold: 1.3077

[MOS-Core] Initializing population (size=10)...
[MOS-Core] adaptive_guided_init=True alpha_feasible=0.002930 scales=[0.0, 0.0005859375000000001, 0.0011718750000000002, 0.0017578124999999998, 0.0023437500000000003, 0.0029296875]
[MOS-Core] Generated 6 scale-based seeds: [0.0, 0.0005859375000000001, 0.0011718750000000002, 0.0017578124999999998, 0.0023437500000000003, 0.0029296875]
[MOS-Core] Historical seed injected at position 3
[MOS-Core] historical_raw_norm=0.335424
[MOS-Core] historical_direction_norm=1.000000
[MOS-Core] historical_seed_target_scale=110.371368
[MOS-Core] historical_seed_final_norm=110.371376
[MOS-Core] Generated 4 random candidates (noise_scale=0.1)
[MOS-Core] Initial population norms: min=0.0000, mean=70.1315, max=200.4307
[MOS-Core] Budget ratios: min=0.0000, mean=0.3177, max=0.9080
[MOS-Core] Clipped ratio: 0.00%
[MOS-Core] Historical seed used: True

[MOS-Core] Starting NSGA-II evolution...
[MOS-Core] Generations: 100
[MOS-Core] Population size: 10
[MOS-Core] SBX eta: 15.0, crossover_prob: 0.9
[MOS-Core] Mutation scale: 0.05
[MOS-Core] Gen 1/100:
  Stealth: mean=0.845, best=1.000
  Destructiveness: mean=0.337, best=0.647
  CV: mean=0.2830, min=0.0000
  Feasibility: count=7, ratio=70.00%
  Max feasible destruct: 0.647
  Pareto front size: 6
  Budget ratio: mean=0.018, max=0.039
  Radial: mean_ratio=0.018, max_ratio=0.039, mean_score=0.983
  Sign: mean_ratio=1.235, max_ratio=3.363, mean_score=0.570
[MOS-Core] Gen 10/100:
  Stealth: mean=0.908, best=1.000
  Destructiveness: mean=0.311, best=0.654
  CV: mean=0.0000, min=0.0000
  Feasibility: count=10, ratio=100.00%
  Max feasible destruct: 0.654
  Pareto front size: 10
  Budget ratio: mean=0.023, max=0.078
  Radial: mean_ratio=0.023, max_ratio=0.078, mean_score=0.978
  Sign: mean_ratio=0.384, max_ratio=0.918, mean_score=0.769
[MOS-Core] Gen 20/100:
  Stealth: mean=0.882, best=1.000
  Destructiveness: mean=0.392, best=0.665
  CV: mean=0.0000, min=0.0000
  Feasibility: count=10, ratio=100.00%
  Max feasible destruct: 0.665
  Pareto front size: 10
  Budget ratio: mean=0.038, max=0.123
  Radial: mean_ratio=0.038, max_ratio=0.123, mean_score=0.965
  Sign: mean_ratio=0.500, max_ratio=0.939, mean_score=0.715
[MOS-Core] Gen 30/100:
  Stealth: mean=0.876, best=1.000
  Destructiveness: mean=0.380, best=0.671
  CV: mean=0.0000, min=0.0000
  Feasibility: count=10, ratio=100.00%
  Max feasible destruct: 0.671
  Pareto front size: 10
  Budget ratio: mean=0.051, max=0.163
  Radial: mean_ratio=0.051, max_ratio=0.163, mean_score=0.953
  Sign: mean_ratio=0.480, max_ratio=0.960, mean_score=0.721
[MOS-Core] Gen 40/100:
  Stealth: mean=0.857, best=1.000
  Destructiveness: mean=0.435, best=0.684
  CV: mean=0.0000, min=0.0000
  Feasibility: count=10, ratio=100.00%
  Max feasible destruct: 0.684
  Pareto front size: 10
  Budget ratio: mean=0.062, max=0.184
  Radial: mean_ratio=0.062, max_ratio=0.184, mean_score=0.945
  Sign: mean_ratio=0.568, max_ratio=0.990, mean_score=0.680
[MOS-Core] Gen 50/100:
  Stealth: mean=0.870, best=1.000
  Destructiveness: mean=0.371, best=0.688
  CV: mean=0.0000, min=0.0000
  Feasibility: count=10, ratio=100.00%
  Max feasible destruct: 0.688
  Pareto front size: 10
  Budget ratio: mean=0.065, max=0.177
  Radial: mean_ratio=0.065, max_ratio=0.177, mean_score=0.941
  Sign: mean_ratio=0.480, max_ratio=1.000, mean_score=0.726
[MOS-Core] Gen 60/100:
  Stealth: mean=0.869, best=1.000
  Destructiveness: mean=0.371, best=0.688
  CV: mean=0.0000, min=0.0000
  Feasibility: count=10, ratio=100.00%
  Max feasible destruct: 0.688
  Pareto front size: 10
  Budget ratio: mean=0.067, max=0.177
  Radial: mean_ratio=0.067, max_ratio=0.177, mean_score=0.940
  Sign: mean_ratio=0.482, max_ratio=1.000, mean_score=0.725
[MOS-Core] Gen 70/100:
  Stealth: mean=0.868, best=1.000
  Destructiveness: mean=0.371, best=0.688
  CV: mean=0.0000, min=0.0000
  Feasibility: count=10, ratio=100.00%
  Max feasible destruct: 0.688
  Pareto front size: 10
  Budget ratio: mean=0.067, max=0.177
  Radial: mean_ratio=0.067, max_ratio=0.177, mean_score=0.940
  Sign: mean_ratio=0.482, max_ratio=1.000, mean_score=0.724
[MOS-Core] Gen 80/100:
  Stealth: mean=0.867, best=1.000
  Destructiveness: mean=0.371, best=0.688
  CV: mean=0.0000, min=0.0000
  Feasibility: count=10, ratio=100.00%
  Max feasible destruct: 0.688
  Pareto front size: 10
  Budget ratio: mean=0.069, max=0.177
  Radial: mean_ratio=0.069, max_ratio=0.177, mean_score=0.938
  Sign: mean_ratio=0.484, max_ratio=1.000, mean_score=0.724
[MOS-Core] Gen 90/100:
  Stealth: mean=0.872, best=1.000
  Destructiveness: mean=0.357, best=0.688
  CV: mean=0.0000, min=0.0000
  Feasibility: count=10, ratio=100.00%
  Max feasible destruct: 0.688
  Pareto front size: 10
  Budget ratio: mean=0.065, max=0.177
  Radial: mean_ratio=0.065, max_ratio=0.177, mean_score=0.941
  Sign: mean_ratio=0.469, max_ratio=1.000, mean_score=0.733
[MOS-Core] Gen 100/100:
  Stealth: mean=0.862, best=1.000
  Destructiveness: mean=0.383, best=0.688
  CV: mean=0.0000, min=0.0000
  Feasibility: count=10, ratio=100.00%
  Max feasible destruct: 0.688
  Pareto front size: 10
  Budget ratio: mean=0.070, max=0.177
  Radial: mean_ratio=0.070, max_ratio=0.177, mean_score=0.937
  Sign: mean_ratio=0.492, max_ratio=1.000, mean_score=0.714

[MOS-Core] Selecting final solution...
[MOS-Core] Selection parameters:
  Lambda_s (stealth weight): 0.50
  Lambda_a (attack weight): 0.50
  Attack floor ratio: 0.0688

[MOS-Core] Feasibility summary:
  Feasible solutions: 10
  Feasible ratio: 100.00%
  Selection mode: feasible
  Min CV in front: 0.0000

[MOS-Core] Pareto front summary:
  Front size: 10
  Stealth range: [0.733, 1.000]
  Destructiveness range: [0.000, 0.688]
  CV range: [0.0000, 0.0000]
  Candidates after attack floor: 9

[MOS-Core] Selected solution (index=4):
[MOS-Core]   Constraint pass score (R): 0.863
[MOS-Core]   Destructiveness (A): 0.517
[MOS-Core]   Total CV: 0.0000
[MOS-Core]   Deviation norm: 0.5174
[MOS-Core]   Budget usage: 0.23%
[MOS-Core] selection_mode=balanced_knee
[MOS-Core] selected_budget_ratio=0.002344
[MOS-Core] selected_stealth=0.863065
[MOS-Core] selected_destructiveness=0.517362
[MOS-Core] selected_cv=0.000000
[MOS-Core] selected_feasible=True
[MOS-Core] selected_guidance_alignment=1.000000
[MOS-Core] Per-constraint details:
[MOS-Core]   Radial: score=0.998, ratio=0.002, loss=0.5174, threshold=220.7427
[MOS-Core]   Sign: score=0.594, ratio=0.684, loss=0.8943, threshold=1.3077

[MOS-Core] Generating 6 malicious updates...
[MOS-Core] Template noise scale: 0.0001
[MOS-Core] Output norms: min=0.5175, mean=0.5175, max=0.5176
[MOS-Core] Attack completed successfully
============================================================

attack:mos_attack
defend:multi_krum
t   6: train_loss = 1.945, test_acc = 22.770
attack numbers = 3
current iteration attack ratio: 0.12

============================================================
[MOS-Core] Starting MOS-Attack
============================================================
[MOS-Core] Total parameters: 11,183,582
[MOS-Core] Benign clients: 22
[MOS-Core] Malicious slots: 3
[MOS-Core] Benign mean norm: 202.1353
[MOS-Core] Benign std (mean): 0.0008
[MOS-Core] ce_raw_norm=22666.90625
[MOS-Core] cw_raw_norm=22666.890625
[MOS-Core] ce_valid=True
[MOS-Core] cw_valid=True
[MOS-Core] ce_cw_cosine=1.0
[MOS-Core] combined_pre_norm=1.0
[MOS-Core] historical_direction_valid=True
[MOS-Core] historical_direction_norm=0.5173658132553101
[MOS-Core] guidance_history_cosine=0.9576534032821655
[MOS-Core] guidance_source=ce_cw_combined
[MOS-Core] guidance_fallback_used=False
[MOS-Core] final_guidance_norm=1.000000
[MOS-Core] Base radial threshold (q=0.95): 254.6610
[MOS-Core] Attack budget ratio: 1.0
[MOS-Core] current_budget=254.660980
[MOS-Core] current_budget_valid=True

[MOS-Core] Initializing constraints...
[MOS-Core] Enabled constraints: Radial, Sign
[MOS-Core] Radial weight: 1.0
[MOS-Core] Sign weight: 0.5, layer_reduce: quantile
[MOS-Core]   Radial threshold: 254.6610
[MOS-Core]   Sign threshold: 1.2603

[MOS-Core] Initializing population (size=10)...
[MOS-Core] adaptive_guided_init=True alpha_feasible=0.002930 scales=[0.0, 0.0005859375000000001, 0.0011718750000000002, 0.0017578124999999998, 0.0023437500000000003, 0.0029296875]
[MOS-Core] Generated 6 scale-based seeds: [0.0, 0.0005859375000000001, 0.0011718750000000002, 0.0017578124999999998, 0.0023437500000000003, 0.0029296875]
[MOS-Core] Historical seed injected at position 3
[MOS-Core] historical_raw_norm=0.517366
[MOS-Core] historical_direction_norm=1.000000
[MOS-Core] historical_seed_target_scale=127.330490
[MOS-Core] historical_seed_final_norm=127.330498
[MOS-Core] Generated 4 random candidates (noise_scale=0.1)
[MOS-Core] Initial population norms: min=0.0000, mean=74.9468, max=243.1842
[MOS-Core] Budget ratios: min=0.0000, mean=0.2943, max=0.9549
[MOS-Core] Clipped ratio: 0.00%
[MOS-Core] Historical seed used: True

[MOS-Core] Starting NSGA-II evolution...
[MOS-Core] Generations: 100
[MOS-Core] Population size: 10
[MOS-Core] SBX eta: 15.0, crossover_prob: 0.9
[MOS-Core] Mutation scale: 0.05
[MOS-Core] Gen 1/100:
  Stealth: mean=0.899, best=1.000
  Destructiveness: mean=0.433, best=0.747
  CV: mean=0.0000, min=0.0000
  Feasibility: count=10, ratio=100.00%
  Max feasible destruct: 0.747
  Pareto front size: 8
  Budget ratio: mean=0.018, max=0.038
  Radial: mean_ratio=0.018, max_ratio=0.038, mean_score=0.983
  Sign: mean_ratio=0.459, max_ratio=0.859, mean_score=0.733
[MOS-Core] Gen 10/100:
  Stealth: mean=0.911, best=1.000
  Destructiveness: mean=0.360, best=0.756
  CV: mean=0.0000, min=0.0000
  Feasibility: count=10, ratio=100.00%
  Max feasible destruct: 0.756
  Pareto front size: 10
  Budget ratio: mean=0.024, max=0.084
  Radial: mean_ratio=0.024, max_ratio=0.084, mean_score=0.978
  Sign: mean_ratio=0.364, max_ratio=0.877, mean_score=0.777
[MOS-Core] Gen 20/100:
  Stealth: mean=0.880, best=1.000
  Destructiveness: mean=0.437, best=0.763
  CV: mean=0.0000, min=0.0000
  Feasibility: count=10, ratio=100.00%
  Max feasible destruct: 0.763
  Pareto front size: 10
  Budget ratio: mean=0.050, max=0.155
  Radial: mean_ratio=0.050, max_ratio=0.155, mean_score=0.955
  Sign: mean_ratio=0.472, max_ratio=0.938, mean_score=0.729
[MOS-Core] Gen 30/100:
  Stealth: mean=0.884, best=1.000
  Destructiveness: mean=0.392, best=0.772
  CV: mean=0.0000, min=0.0000
  Feasibility: count=10, ratio=100.00%
  Max feasible destruct: 0.772
  Pareto front size: 10
  Budget ratio: mean=0.059, max=0.177
  Radial: mean_ratio=0.059, max_ratio=0.177, mean_score=0.947
  Sign: mean_ratio=0.404, max_ratio=0.927, mean_score=0.759
[MOS-Core] Gen 40/100:
  Stealth: mean=0.863, best=1.000
  Destructiveness: mean=0.455, best=0.779
  CV: mean=0.0000, min=0.0000
  Feasibility: count=10, ratio=100.00%
  Max feasible destruct: 0.779
  Pareto front size: 10
  Budget ratio: mean=0.074, max=0.223
  Radial: mean_ratio=0.074, max_ratio=0.223, mean_score=0.936
  Sign: mean_ratio=0.479, max_ratio=0.941, mean_score=0.717
[MOS-Core] Gen 50/100:
  Stealth: mean=0.862, best=1.000
  Destructiveness: mean=0.428, best=0.789
  CV: mean=0.0000, min=0.0000
  Feasibility: count=10, ratio=100.00%
  Max feasible destruct: 0.789
  Pareto front size: 10
  Budget ratio: mean=0.086, max=0.270
  Radial: mean_ratio=0.086, max_ratio=0.270, mean_score=0.928
  Sign: mean_ratio=0.466, max_ratio=0.976, mean_score=0.732
[MOS-Core] Gen 60/100:
  Stealth: mean=0.844, best=1.000
  Destructiveness: mean=0.490, best=0.796
  CV: mean=0.0000, min=0.0000
  Feasibility: count=10, ratio=100.00%
  Max feasible destruct: 0.796
  Pareto front size: 10
  Budget ratio: mean=0.093, max=0.275
  Radial: mean_ratio=0.093, max_ratio=0.275, mean_score=0.921
  Sign: mean_ratio=0.549, max_ratio=0.992, mean_score=0.691
[MOS-Core] Gen 70/100:
  Stealth: mean=0.852, best=1.000
  Destructiveness: mean=0.446, best=0.803
  CV: mean=0.0000, min=0.0000
  Feasibility: count=10, ratio=100.00%
  Max feasible destruct: 0.803
  Pareto front size: 10
  Budget ratio: mean=0.097, max=0.293
  Radial: mean_ratio=0.097, max_ratio=0.293, mean_score=0.919
  Sign: mean_ratio=0.485, max_ratio=0.996, mean_score=0.719
[MOS-Core] Gen 80/100:
  Stealth: mean=0.839, best=1.000
  Destructiveness: mean=0.491, best=0.805
  CV: mean=0.0000, min=0.0000
  Feasibility: count=10, ratio=100.00%
  Max feasible destruct: 0.805
  Pareto front size: 10
  Budget ratio: mean=0.102, max=0.294
  Radial: mean_ratio=0.102, max_ratio=0.294, mean_score=0.914
  Sign: mean_ratio=0.553, max_ratio=1.000, mean_score=0.688
[MOS-Core] Gen 90/100:
  Stealth: mean=0.836, best=1.000
  Destructiveness: mean=0.492, best=0.805
  CV: mean=0.0000, min=0.0000
  Feasibility: count=10, ratio=100.00%
  Max feasible destruct: 0.805
  Pareto front size: 10
  Budget ratio: mean=0.106, max=0.294
  Radial: mean_ratio=0.106, max_ratio=0.294, mean_score=0.911
  Sign: mean_ratio=0.556, max_ratio=1.000, mean_score=0.687
[MOS-Core] Gen 100/100:
  Stealth: mean=0.836, best=1.000
  Destructiveness: mean=0.493, best=0.806
  CV: mean=0.0000, min=0.0000
  Feasibility: count=10, ratio=100.00%
  Max feasible destruct: 0.806
  Pareto front size: 10
  Budget ratio: mean=0.106, max=0.293
  Radial: mean_ratio=0.106, max_ratio=0.293, mean_score=0.911
  Sign: mean_ratio=0.558, max_ratio=0.998, mean_score=0.687

[MOS-Core] Selecting final solution...
[MOS-Core] Selection parameters:
  Lambda_s (stealth weight): 0.50
  Lambda_a (attack weight): 0.50
  Attack floor ratio: 0.0806

[MOS-Core] Feasibility summary:
  Feasible solutions: 10
  Feasible ratio: 100.00%
  Selection mode: feasible
  Min CV in front: 0.0000

[MOS-Core] Pareto front summary:
  Front size: 10
  Stealth range: [0.683, 1.000]
  Destructiveness range: [0.000, 0.806]
  CV range: [0.0000, 0.0000]
  Candidates after attack floor: 8

[MOS-Core] Selected solution (index=5):
[MOS-Core]   Constraint pass score (R): 0.866
[MOS-Core]   Destructiveness (A): 0.597
[MOS-Core]   Total CV: 0.0000
[MOS-Core]   Deviation norm: 0.5969
[MOS-Core]   Budget usage: 0.23%
[MOS-Core] selection_mode=balanced_knee
[MOS-Core] selected_budget_ratio=0.002344
[MOS-Core] selected_stealth=0.866398
[MOS-Core] selected_destructiveness=0.596857
[MOS-Core] selected_cv=0.000000
[MOS-Core] selected_feasible=True
[MOS-Core] selected_guidance_alignment=1.000000
[MOS-Core] Per-constraint details:
[MOS-Core]   Radial: score=0.998, ratio=0.002, loss=0.5969, threshold=254.6610
[MOS-Core]   Sign: score=0.604, ratio=0.656, loss=0.8267, threshold=1.2603

[MOS-Core] Generating 3 malicious updates...
[MOS-Core] Template noise scale: 0.0001
[MOS-Core] Output norms: min=0.5971, mean=0.5971, max=0.5972
[MOS-Core] Attack completed successfully
============================================================

attack:mos_attack
defend:multi_krum
t   7: train_loss = 1.914, test_acc = 21.910
attack numbers = 8
current iteration attack ratio: 0.32

============================================================
[MOS-Core] Starting MOS-Attack
============================================================
[MOS-Core] Total parameters: 11,183,582
[MOS-Core] Benign clients: 17
[MOS-Core] Malicious slots: 8
[MOS-Core] Benign mean norm: 225.3011
[MOS-Core] Benign std (mean): 0.0008
[MOS-Core] ce_raw_norm=40672.65234375
[MOS-Core] cw_raw_norm=40672.65234375
[MOS-Core] ce_valid=True
[MOS-Core] cw_valid=True
[MOS-Core] ce_cw_cosine=0.9999998807907104
[MOS-Core] combined_pre_norm=0.9999999403953552
[MOS-Core] historical_direction_valid=True
[MOS-Core] historical_direction_norm=0.596861720085144
[MOS-Core] guidance_history_cosine=0.956344485282898
[MOS-Core] guidance_source=ce_cw_combined
[MOS-Core] guidance_fallback_used=False
[MOS-Core] final_guidance_norm=1.000000
[MOS-Core] Base radial threshold (q=0.95): 272.5519
[MOS-Core] Attack budget ratio: 1.0
[MOS-Core] current_budget=272.551880
[MOS-Core] current_budget_valid=True

[MOS-Core] Initializing constraints...
[MOS-Core] Enabled constraints: Radial, Sign
[MOS-Core] Radial weight: 1.0
[MOS-Core] Sign weight: 0.5, layer_reduce: quantile
[MOS-Core]   Radial threshold: 272.5519
[MOS-Core]   Sign threshold: 1.1669

[MOS-Core] Initializing population (size=10)...
[MOS-Core] adaptive_guided_init=True alpha_feasible=0.001953 scales=[0.0, 0.000390625, 0.00078125, 0.001171875, 0.0015625, 0.001953125]
[MOS-Core] Generated 6 scale-based seeds: [0.0, 0.000390625, 0.00078125, 0.001171875, 0.0015625, 0.001953125]
[MOS-Core] Historical seed injected at position 3
[MOS-Core] historical_raw_norm=0.596862
[MOS-Core] historical_direction_norm=1.000000
[MOS-Core] historical_seed_target_scale=136.275940
[MOS-Core] historical_seed_final_norm=136.275940
[MOS-Core] Generated 4 random candidates (noise_scale=0.1)
[MOS-Core] Initial population norms: min=0.0000, mean=59.1692, max=246.1560
[MOS-Core] Budget ratios: min=0.0000, mean=0.2171, max=0.9032
[MOS-Core] Clipped ratio: 0.00%
[MOS-Core] Historical seed used: True

[MOS-Core] Starting NSGA-II evolution...
[MOS-Core] Generations: 100
[MOS-Core] Population size: 10
[MOS-Core] SBX eta: 15.0, crossover_prob: 0.9
[MOS-Core] Mutation scale: 0.05
[MOS-Core] Gen 1/100:
  Stealth: mean=0.927, best=1.000
  Destructiveness: mean=0.287, best=0.533
  CV: mean=0.0000, min=0.0000
  Feasibility: count=10, ratio=100.00%
  Max feasible destruct: 0.533
  Pareto front size: 8
  Budget ratio: mean=0.018, max=0.039
  Radial: mean_ratio=0.018, max_ratio=0.039, mean_score=0.982
  Sign: mean_ratio=0.262, max_ratio=0.569, mean_score=0.816
[MOS-Core] Gen 10/100:
  Stealth: mean=0.917, best=1.000
  Destructiveness: mean=0.310, best=0.538
  CV: mean=0.0000, min=0.0000
  Feasibility: count=10, ratio=100.00%
  Max feasible destruct: 0.538
  Pareto front size: 10
  Budget ratio: mean=0.029, max=0.110
  Radial: mean_ratio=0.029, max_ratio=0.110, mean_score=0.973
  Sign: mean_ratio=0.282, max_ratio=0.569, mean_score=0.805
[MOS-Core] Gen 20/100:
  Stealth: mean=0.914, best=1.000
  Destructiveness: mean=0.311, best=0.545
  CV: mean=0.0000, min=0.0000
  Feasibility: count=10, ratio=100.00%
  Max feasible destruct: 0.545
  Pareto front size: 10
  Budget ratio: mean=0.034, max=0.127
  Radial: mean_ratio=0.034, max_ratio=0.127, mean_score=0.969
  Sign: mean_ratio=0.286, max_ratio=0.592, mean_score=0.803
[MOS-Core] Gen 30/100:
  Stealth: mean=0.907, best=1.000
  Destructiveness: mean=0.312, best=0.549
  CV: mean=0.0000, min=0.0000
  Feasibility: count=10, ratio=100.00%
  Max feasible destruct: 0.549
  Pareto front size: 10
  Budget ratio: mean=0.044, max=0.144
  Radial: mean_ratio=0.044, max_ratio=0.144, mean_score=0.960
  Sign: mean_ratio=0.290, max_ratio=0.611, mean_score=0.800
[MOS-Core] Gen 40/100:
  Stealth: mean=0.894, best=1.000
  Destructiveness: mean=0.314, best=0.555
  CV: mean=0.0000, min=0.0000
  Feasibility: count=10, ratio=100.00%
  Max feasible destruct: 0.555
  Pareto front size: 10
  Budget ratio: mean=0.064, max=0.202
  Radial: mean_ratio=0.064, max_ratio=0.202, mean_score=0.944
  Sign: mean_ratio=0.301, max_ratio=0.651, mean_score=0.795
[MOS-Core] Gen 50/100:
  Stealth: mean=0.883, best=1.000
  Destructiveness: mean=0.347, best=0.561
  CV: mean=0.0000, min=0.0000
  Feasibility: count=10, ratio=100.00%
  Max feasible destruct: 0.561
  Pareto front size: 10
  Budget ratio: mean=0.067, max=0.227
  Radial: mean_ratio=0.067, max_ratio=0.227, mean_score=0.942
  Sign: mean_ratio=0.355, max_ratio=0.737, mean_score=0.767
[MOS-Core] Gen 60/100:
  Stealth: mean=0.882, best=1.000
  Destructiveness: mean=0.347, best=0.568
  CV: mean=0.0000, min=0.0000
  Feasibility: count=10, ratio=100.00%
  Max feasible destruct: 0.568
  Pareto front size: 10
  Budget ratio: mean=0.069, max=0.261
  Radial: mean_ratio=0.069, max_ratio=0.261, mean_score=0.941
  Sign: mean_ratio=0.356, max_ratio=0.741, mean_score=0.766
[MOS-Core] Gen 70/100:
  Stealth: mean=0.867, best=1.000
  Destructiveness: mean=0.352, best=0.577
  CV: mean=0.0000, min=0.0000
  Feasibility: count=10, ratio=100.00%
  Max feasible destruct: 0.577
  Pareto front size: 10
  Budget ratio: mean=0.094, max=0.296
  Radial: mean_ratio=0.094, max_ratio=0.296, mean_score=0.923
  Sign: mean_ratio=0.388, max_ratio=0.831, mean_score=0.756
[MOS-Core] Gen 80/100:
  Stealth: mean=0.849, best=1.000
  Destructiveness: mean=0.367, best=0.583
  CV: mean=0.0000, min=0.0000
  Feasibility: count=10, ratio=100.00%
  Max feasible destruct: 0.583
  Pareto front size: 10
  Budget ratio: mean=0.121, max=0.311
  Radial: mean_ratio=0.121, max_ratio=0.311, mean_score=0.901
  Sign: mean_ratio=0.417, max_ratio=0.842, mean_score=0.744
[MOS-Core] Gen 90/100:
  Stealth: mean=0.857, best=1.000
  Destructiveness: mean=0.356, best=0.588
  CV: mean=0.0000, min=0.0000
  Feasibility: count=10, ratio=100.00%
  Max feasible destruct: 0.588
  Pareto front size: 10
  Budget ratio: mean=0.111, max=0.309
  Radial: mean_ratio=0.111, max_ratio=0.309, mean_score=0.909
  Sign: mean_ratio=0.403, max_ratio=0.880, mean_score=0.751
[MOS-Core] Gen 100/100:
  Stealth: mean=0.852, best=1.000
  Destructiveness: mean=0.357, best=0.594
  CV: mean=0.0000, min=0.0000
  Feasibility: count=10, ratio=100.00%
  Max feasible destruct: 0.594
  Pareto front size: 10
  Budget ratio: mean=0.119, max=0.339
  Radial: mean_ratio=0.119, max_ratio=0.339, mean_score=0.903
  Sign: mean_ratio=0.405, max_ratio=0.922, mean_score=0.751

[MOS-Core] Selecting final solution...
[MOS-Core] Selection parameters:
  Lambda_s (stealth weight): 0.50
  Lambda_a (attack weight): 0.50
  Attack floor ratio: 0.0594

[MOS-Core] Feasibility summary:
  Feasible solutions: 10
  Feasible ratio: 100.00%
  Selection mode: feasible
  Min CV in front: 0.0000

[MOS-Core] Pareto front summary:
  Front size: 10
  Stealth range: [0.671, 1.000]
  Destructiveness range: [0.000, 0.594]
  CV range: [0.0000, 0.0000]
  Candidates after attack floor: 9

[MOS-Core] Selected solution (index=4):
[MOS-Core]   Constraint pass score (R): 0.906
[MOS-Core]   Destructiveness (A): 0.426
[MOS-Core]   Total CV: 0.0000
[MOS-Core]   Deviation norm: 0.4259
[MOS-Core]   Budget usage: 0.16%
[MOS-Core] selection_mode=balanced_knee
[MOS-Core] selected_budget_ratio=0.001563
[MOS-Core] selected_stealth=0.905635
[MOS-Core] selected_destructiveness=0.425859
[MOS-Core] selected_cv=0.000000
[MOS-Core] selected_feasible=True
[MOS-Core] selected_guidance_alignment=1.000000
[MOS-Core] Per-constraint details:
[MOS-Core]   Radial: score=0.998, ratio=0.002, loss=0.4259, threshold=272.5519
[MOS-Core]   Sign: score=0.720, ratio=0.389, loss=0.4537, threshold=1.1669

[MOS-Core] Generating 8 malicious updates...
[MOS-Core] Template noise scale: 0.0001
[MOS-Core] Output norms: min=0.4262, mean=0.4263, max=0.4263
[MOS-Core] Attack completed successfully
============================================================

attack:mos_attack
defend:multi_krum
t   8: train_loss = 1.870, test_acc = 27.390
attack numbers = 8
current iteration attack ratio: 0.32

============================================================
[MOS-Core] Starting MOS-Attack
============================================================
[MOS-Core] Total parameters: 11,183,582
[MOS-Core] Benign clients: 17
[MOS-Core] Malicious slots: 8
[MOS-Core] Benign mean norm: 210.0097
[MOS-Core] Benign std (mean): 0.0009
[MOS-Core] ce_raw_norm=72208.0
[MOS-Core] cw_raw_norm=72208.0
[MOS-Core] ce_valid=True
[MOS-Core] cw_valid=True
[MOS-Core] ce_cw_cosine=0.9999999403953552
[MOS-Core] combined_pre_norm=0.9999999403953552
[MOS-Core] historical_direction_valid=True
[MOS-Core] historical_direction_norm=0.4258623421192169
[MOS-Core] guidance_history_cosine=0.9489574432373047
[MOS-Core] guidance_source=ce_cw_combined
[MOS-Core] guidance_fallback_used=False
[MOS-Core] final_guidance_norm=1.000000
[MOS-Core] Base radial threshold (q=0.95): 244.4277
[MOS-Core] Attack budget ratio: 1.0
[MOS-Core] current_budget=244.427734
[MOS-Core] current_budget_valid=True

[MOS-Core] Initializing constraints...
[MOS-Core] Enabled constraints: Radial, Sign
[MOS-Core] Radial weight: 1.0
[MOS-Core] Sign weight: 0.5, layer_reduce: quantile
[MOS-Core]   Radial threshold: 244.4277
[MOS-Core]   Sign threshold: 1.4933

[MOS-Core] Initializing population (size=10)...
[MOS-Core] adaptive_guided_init=True alpha_feasible=0.002930 scales=[0.0, 0.0005859375000000001, 0.0011718750000000002, 0.0017578124999999998, 0.0023437500000000003, 0.0029296875]
[MOS-Core] Generated 6 scale-based seeds: [0.0, 0.0005859375000000001, 0.0011718750000000002, 0.0017578124999999998, 0.0023437500000000003, 0.0029296875]
[MOS-Core] Historical seed injected at position 3
[MOS-Core] historical_raw_norm=0.425862
[MOS-Core] historical_direction_norm=1.000000
[MOS-Core] historical_seed_target_scale=122.213867
[MOS-Core] historical_seed_final_norm=122.213867
[MOS-Core] Generated 4 random candidates (noise_scale=0.1)
[MOS-Core] Initial population norms: min=0.0000, mean=55.4336, max=209.6050
[MOS-Core] Budget ratios: min=0.0000, mean=0.2268, max=0.8575
[MOS-Core] Clipped ratio: 0.00%
[MOS-Core] Historical seed used: True

[MOS-Core] Starting NSGA-II evolution...
[MOS-Core] Generations: 100
[MOS-Core] Population size: 10
[MOS-Core] SBX eta: 15.0, crossover_prob: 0.9
[MOS-Core] Mutation scale: 0.05
[MOS-Core] Gen 1/100:
  Stealth: mean=0.936, best=1.000
  Destructiveness: mean=0.258, best=0.716
  CV: mean=0.0000, min=0.0000
  Feasibility: count=10, ratio=100.00%
  Max feasible destruct: 0.716
  Pareto front size: 7
  Budget ratio: mean=0.020, max=0.045
  Radial: mean_ratio=0.020, max_ratio=0.045, mean_score=0.980
  Sign: mean_ratio=0.223, max_ratio=0.821, mean_score=0.848
[MOS-Core] Gen 10/100:
  Stealth: mean=0.895, best=1.000
  Destructiveness: mean=0.416, best=0.722
  CV: mean=0.0000, min=0.0000
  Feasibility: count=10, ratio=100.00%
  Max feasible destruct: 0.722
  Pareto front size: 10
  Budget ratio: mean=0.033, max=0.108
  Radial: mean_ratio=0.033, max_ratio=0.108, mean_score=0.970
  Sign: mean_ratio=0.419, max_ratio=0.889, mean_score=0.747
[MOS-Core] Gen 20/100:
  Stealth: mean=0.890, best=1.000
  Destructiveness: mean=0.432, best=0.733
  CV: mean=0.0000, min=0.0000
  Feasibility: count=10, ratio=100.00%
  Max feasible destruct: 0.733
  Pareto front size: 10
  Budget ratio: mean=0.036, max=0.132
  Radial: mean_ratio=0.036, max_ratio=0.132, mean_score=0.967
  Sign: mean_ratio=0.435, max_ratio=0.899, mean_score=0.735
[MOS-Core] Gen 30/100:
  Stealth: mean=0.888, best=1.000
  Destructiveness: mean=0.433, best=0.742
  CV: mean=0.0000, min=0.0000
  Feasibility: count=10, ratio=100.00%
  Max feasible destruct: 0.742
  Pareto front size: 10
  Budget ratio: mean=0.039, max=0.153
  Radial: mean_ratio=0.039, max_ratio=0.153, mean_score=0.965
  Sign: mean_ratio=0.439, max_ratio=0.919, mean_score=0.733
[MOS-Core] Gen 40/100:
  Stealth: mean=0.861, best=1.000
  Destructiveness: mean=0.481, best=0.751
  CV: mean=0.0000, min=0.0000
  Feasibility: count=10, ratio=100.00%
  Max feasible destruct: 0.751
  Pareto front size: 10
  Budget ratio: mean=0.068, max=0.194
  Radial: mean_ratio=0.068, max_ratio=0.194, mean_score=0.941
  Sign: mean_ratio=0.510, max_ratio=0.954, mean_score=0.703
[MOS-Core] Gen 50/100:
  Stealth: mean=0.853, best=1.000
  Destructiveness: mean=0.484, best=0.763
  CV: mean=0.0000, min=0.0000
  Feasibility: count=10, ratio=100.00%
  Max feasible destruct: 0.763
  Pareto front size: 10
  Budget ratio: mean=0.080, max=0.222
  Radial: mean_ratio=0.080, max_ratio=0.222, mean_score=0.930
  Sign: mean_ratio=0.520, max_ratio=0.974, mean_score=0.700
[MOS-Core] Gen 60/100:
  Stealth: mean=0.849, best=1.000
  Destructiveness: mean=0.485, best=0.774
  CV: mean=0.0000, min=0.0000
  Feasibility: count=10, ratio=100.00%
  Max feasible destruct: 0.774
  Pareto front size: 10
  Budget ratio: mean=0.089, max=0.269
  Radial: mean_ratio=0.089, max_ratio=0.269, mean_score=0.924
  Sign: mean_ratio=0.519, max_ratio=0.966, mean_score=0.700
[MOS-Core] Gen 70/100:
  Stealth: mean=0.845, best=1.000
  Destructiveness: mean=0.474, best=0.779
  CV: mean=0.0000, min=0.0000
  Feasibility: count=10, ratio=100.00%
  Max feasible destruct: 0.779
  Pareto front size: 10
  Budget ratio: mean=0.102, max=0.286
  Radial: mean_ratio=0.102, max_ratio=0.286, mean_score=0.915
  Sign: mean_ratio=0.511, max_ratio=0.954, mean_score=0.705
[MOS-Core] Gen 80/100:
  Stealth: mean=0.845, best=1.000
  Destructiveness: mean=0.475, best=0.792
  CV: mean=0.0000, min=0.0000
  Feasibility: count=10, ratio=100.00%
  Max feasible destruct: 0.792
  Pareto front size: 10
  Budget ratio: mean=0.100, max=0.287
  Radial: mean_ratio=0.100, max_ratio=0.287, mean_score=0.917
  Sign: mean_ratio=0.514, max_ratio=0.978, mean_score=0.703
[MOS-Core] Gen 90/100:
  Stealth: mean=0.844, best=1.000
  Destructiveness: mean=0.476, best=0.803
  CV: mean=0.0000, min=0.0000
  Feasibility: count=10, ratio=100.00%
  Max feasible destruct: 0.803
  Pareto front size: 10
  Budget ratio: mean=0.104, max=0.313
  Radial: mean_ratio=0.104, max_ratio=0.313, mean_score=0.914
  Sign: mean_ratio=0.513, max_ratio=0.979, mean_score=0.704
[MOS-Core] Gen 100/100:
  Stealth: mean=0.855, best=1.000
  Destructiveness: mean=0.434, best=0.813
  CV: mean=0.0000, min=0.0000
  Feasibility: count=10, ratio=100.00%
  Max feasible destruct: 0.813
  Pareto front size: 10
  Budget ratio: mean=0.104, max=0.337
  Radial: mean_ratio=0.104, max_ratio=0.337, mean_score=0.914
  Sign: mean_ratio=0.440, max_ratio=0.947, mean_score=0.737

[MOS-Core] Selecting final solution...
[MOS-Core] Selection parameters:
  Lambda_s (stealth weight): 0.50
  Lambda_a (attack weight): 0.50
  Attack floor ratio: 0.0813

[MOS-Core] Feasibility summary:
  Feasible solutions: 10
  Feasible ratio: 100.00%
  Selection mode: feasible
  Min CV in front: 0.0000

[MOS-Core] Pareto front summary:
  Front size: 10
  Stealth range: [0.670, 1.000]
  Destructiveness range: [0.000, 0.813]
  CV range: [0.0000, 0.0000]
  Candidates after attack floor: 8

[MOS-Core] Selected solution (index=4):
[MOS-Core]   Constraint pass score (R): 0.876
[MOS-Core]   Destructiveness (A): 0.573
[MOS-Core]   Total CV: 0.0000
[MOS-Core]   Deviation norm: 0.5729
[MOS-Core]   Budget usage: 0.23%
[MOS-Core] selection_mode=balanced_knee
[MOS-Core] selected_budget_ratio=0.002344
[MOS-Core] selected_stealth=0.876111
[MOS-Core] selected_destructiveness=0.572873
[MOS-Core] selected_cv=0.000000
[MOS-Core] selected_feasible=True
[MOS-Core] selected_guidance_alignment=1.000000
[MOS-Core] Per-constraint details:
[MOS-Core]   Radial: score=0.998, ratio=0.002, loss=0.5729, threshold=244.4277
[MOS-Core]   Sign: score=0.633, ratio=0.580, loss=0.8657, threshold=1.4933

[MOS-Core] Generating 8 malicious updates...
[MOS-Core] Template noise scale: 0.0001
[MOS-Core] Output norms: min=0.5731, mean=0.5732, max=0.5734
[MOS-Core] Attack completed successfully
============================================================

attack:mos_attack
defend:multi_krum
t   9: train_loss = 1.814, test_acc = 24.520
attack numbers = 8
current iteration attack ratio: 0.32

============================================================
[MOS-Core] Starting MOS-Attack
============================================================
[MOS-Core] Total parameters: 11,183,582
[MOS-Core] Benign clients: 17
[MOS-Core] Malicious slots: 8
[MOS-Core] Benign mean norm: 220.8937
[MOS-Core] Benign std (mean): 0.0009
[MOS-Core] ce_raw_norm=141452.5625
[MOS-Core] cw_raw_norm=141452.625
[MOS-Core] ce_valid=True
[MOS-Core] cw_valid=True
[MOS-Core] ce_cw_cosine=1.0
[MOS-Core] combined_pre_norm=1.0
[MOS-Core] historical_direction_valid=True
[MOS-Core] historical_direction_norm=0.5728775858879089
[MOS-Core] guidance_history_cosine=0.9709619283676147
[MOS-Core] guidance_source=ce_cw_combined
[MOS-Core] guidance_fallback_used=False
[MOS-Core] final_guidance_norm=1.000000
[MOS-Core] Base radial threshold (q=0.95): 291.1366
[MOS-Core] Attack budget ratio: 1.0
[MOS-Core] current_budget=291.136627
[MOS-Core] current_budget_valid=True

[MOS-Core] Initializing constraints...
[MOS-Core] Enabled constraints: Radial, Sign
[MOS-Core] Radial weight: 1.0
[MOS-Core] Sign weight: 0.5, layer_reduce: quantile
[MOS-Core]   Radial threshold: 291.1366
[MOS-Core]   Sign threshold: 1.3710

[MOS-Core] Initializing population (size=10)...
[MOS-Core] adaptive_guided_init=True alpha_feasible=0.002930 scales=[0.0, 0.0005859375000000001, 0.0011718750000000002, 0.0017578124999999998, 0.0023437500000000003, 0.0029296875]
[MOS-Core] Generated 6 scale-based seeds: [0.0, 0.0005859375000000001, 0.0011718750000000002, 0.0017578124999999998, 0.0023437500000000003, 0.0029296875]
[MOS-Core] Historical seed injected at position 3
[MOS-Core] historical_raw_norm=0.572878
[MOS-Core] historical_direction_norm=1.000000
[MOS-Core] historical_seed_target_scale=145.568314
[MOS-Core] historical_seed_final_norm=145.568314
[MOS-Core] Generated 4 random candidates (noise_scale=0.1)
[MOS-Core] Initial population norms: min=0.0000, mean=90.8404, max=239.5466
[MOS-Core] Budget ratios: min=0.0000, mean=0.3120, max=0.8228
[MOS-Core] Clipped ratio: 0.00%
[MOS-Core] Historical seed used: True

[MOS-Core] Starting NSGA-II evolution...
[MOS-Core] Generations: 100
[MOS-Core] Population size: 10
[MOS-Core] SBX eta: 15.0, crossover_prob: 0.9
[MOS-Core] Mutation scale: 0.05
[MOS-Core] Gen 1/100:
  Stealth: mean=0.893, best=1.000
  Destructiveness: mean=0.512, best=0.856
  CV: mean=0.0000, min=0.0000
  Feasibility: count=10, ratio=100.00%
  Max feasible destruct: 0.856
  Pareto front size: 8
  Budget ratio: mean=0.017, max=0.039
  Radial: mean_ratio=0.017, max_ratio=0.039, mean_score=0.983
  Sign: mean_ratio=0.500, max_ratio=0.931, mean_score=0.712
[MOS-Core] Gen 10/100:
  Stealth: mean=0.890, best=1.000
  Destructiveness: mean=0.497, best=0.865
  CV: mean=0.0000, min=0.0000
  Feasibility: count=10, ratio=100.00%
  Max feasible destruct: 0.865
  Pareto front size: 10
  Budget ratio: mean=0.030, max=0.093
  Radial: mean_ratio=0.030, max_ratio=0.093, mean_score=0.971
  Sign: mean_ratio=0.467, max_ratio=0.920, mean_score=0.727
[MOS-Core] Gen 20/100:
  Stealth: mean=0.893, best=1.000
  Destructiveness: mean=0.446, best=0.873
  CV: mean=0.0000, min=0.0000
  Feasibility: count=10, ratio=100.00%
  Max feasible destruct: 0.873
  Pareto front size: 10
  Budget ratio: mean=0.038, max=0.122
  Radial: mean_ratio=0.038, max_ratio=0.122, mean_score=0.965
  Sign: mean_ratio=0.411, max_ratio=0.980, mean_score=0.750
[MOS-Core] Gen 30/100:
  Stealth: mean=0.877, best=1.000
  Destructiveness: mean=0.500, best=0.876
  CV: mean=0.0000, min=0.0000
  Feasibility: count=10, ratio=100.00%
  Max feasible destruct: 0.876
  Pareto front size: 10
  Budget ratio: mean=0.051, max=0.151
  Radial: mean_ratio=0.051, max_ratio=0.151, mean_score=0.954
  Sign: mean_ratio=0.482, max_ratio=0.988, mean_score=0.722
[MOS-Core] Gen 40/100:
  Stealth: mean=0.873, best=1.000
  Destructiveness: mean=0.500, best=0.882
  CV: mean=0.0000, min=0.0000
  Feasibility: count=10, ratio=100.00%
  Max feasible destruct: 0.882
  Pareto front size: 10
  Budget ratio: mean=0.056, max=0.168
  Radial: mean_ratio=0.056, max_ratio=0.168, mean_score=0.949
  Sign: mean_ratio=0.479, max_ratio=0.977, mean_score=0.721
[MOS-Core] Gen 50/100:
  Stealth: mean=0.881, best=1.000
  Destructiveness: mean=0.433, best=0.889
  CV: mean=0.0000, min=0.0000
  Feasibility: count=10, ratio=100.00%
  Max feasible destruct: 0.889
  Pareto front size: 10
  Budget ratio: mean=0.066, max=0.170
  Radial: mean_ratio=0.066, max_ratio=0.170, mean_score=0.940
  Sign: mean_ratio=0.398, max_ratio=0.972, mean_score=0.761
[MOS-Core] Gen 60/100:
  Stealth: mean=0.865, best=1.000
  Destructiveness: mean=0.488, best=0.895
  CV: mean=0.0000, min=0.0000
  Feasibility: count=10, ratio=100.00%
  Max feasible destruct: 0.895
  Pareto front size: 10
  Budget ratio: mean=0.080, max=0.208
  Radial: mean_ratio=0.080, max_ratio=0.208, mean_score=0.930
  Sign: mean_ratio=0.461, max_ratio=0.974, mean_score=0.735
[MOS-Core] Gen 70/100:
  Stealth: mean=0.865, best=1.000
  Destructiveness: mean=0.490, best=0.902
  CV: mean=0.0000, min=0.0000
  Feasibility: count=10, ratio=100.00%
  Max feasible destruct: 0.902
  Pareto front size: 10
  Budget ratio: mean=0.078, max=0.201
  Radial: mean_ratio=0.078, max_ratio=0.201, mean_score=0.931
  Sign: mean_ratio=0.460, max_ratio=0.968, mean_score=0.734
[MOS-Core] Gen 80/100:
  Stealth: mean=0.869, best=1.000
  Destructiveness: mean=0.440, best=0.907
  CV: mean=0.0000, min=0.0000
  Feasibility: count=10, ratio=100.00%
  Max feasible destruct: 0.907
  Pareto front size: 10
  Budget ratio: mean=0.087, max=0.210
  Radial: mean_ratio=0.087, max_ratio=0.210, mean_score=0.924
  Sign: mean_ratio=0.412, max_ratio=0.986, mean_score=0.760
[MOS-Core] Gen 90/100:
  Stealth: mean=0.851, best=1.000
  Destructiveness: mean=0.560, best=0.913
  CV: mean=0.0000, min=0.0000
  Feasibility: count=10, ratio=100.00%
  Max feasible destruct: 0.913
  Pareto front size: 10
  Budget ratio: mean=0.082, max=0.206
  Radial: mean_ratio=0.082, max_ratio=0.206, mean_score=0.928
  Sign: mean_ratio=0.539, max_ratio=0.961, mean_score=0.697
[MOS-Core] Gen 100/100:
  Stealth: mean=0.851, best=1.000
  Destructiveness: mean=0.561, best=0.920
  CV: mean=0.0000, min=0.0000
  Feasibility: count=10, ratio=100.00%
  Max feasible destruct: 0.920
  Pareto front size: 10
  Budget ratio: mean=0.081, max=0.223
  Radial: mean_ratio=0.081, max_ratio=0.223, mean_score=0.929
  Sign: mean_ratio=0.544, max_ratio=0.993, mean_score=0.695

[MOS-Core] Selecting final solution...
[MOS-Core] Selection parameters:
  Lambda_s (stealth weight): 0.50
  Lambda_a (attack weight): 0.50
  Attack floor ratio: 0.0920

[MOS-Core] Feasibility summary:
  Feasible solutions: 10
  Feasible ratio: 100.00%
  Selection mode: feasible
  Min CV in front: 0.0000

[MOS-Core] Pareto front summary:
  Front size: 10
  Stealth range: [0.713, 1.000]
  Destructiveness range: [0.000, 0.920]
  CV range: [0.0000, 0.0000]
  Candidates after attack floor: 9

[MOS-Core] Selected solution (index=3):
[MOS-Core]   Constraint pass score (R): 0.865
[MOS-Core]   Destructiveness (A): 0.682
[MOS-Core]   Total CV: 0.0000
[MOS-Core]   Deviation norm: 0.6824
[MOS-Core]   Budget usage: 0.23%
[MOS-Core] selection_mode=balanced_knee
[MOS-Core] selected_budget_ratio=0.002344
[MOS-Core] selected_stealth=0.865292
[MOS-Core] selected_destructiveness=0.682347
[MOS-Core] selected_cv=0.000000
[MOS-Core] selected_feasible=True
[MOS-Core] selected_guidance_alignment=1.000000
[MOS-Core] Per-constraint details:
[MOS-Core]   Radial: score=0.998, ratio=0.002, loss=0.6824, threshold=291.1366
[MOS-Core]   Sign: score=0.601, ratio=0.665, loss=0.9119, threshold=1.3710

[MOS-Core] Generating 8 malicious updates...
[MOS-Core] Template noise scale: 0.0001
[MOS-Core] Output norms: min=0.6826, mean=0.6826, max=0.6827
[MOS-Core] Attack completed successfully
============================================================

attack:mos_attack
defend:multi_krum
t  10: train_loss = 1.783, test_acc = 22.210
attack numbers = 6
current iteration attack ratio: 0.24

============================================================
[MOS-Core] Starting MOS-Attack
============================================================
[MOS-Core] Total parameters: 11,183,582
[MOS-Core] Benign clients: 19
[MOS-Core] Malicious slots: 6
[MOS-Core] Benign mean norm: 310.3348
[MOS-Core] Benign std (mean): 0.0009
[MOS-Core] ce_raw_norm=296468.84375
[MOS-Core] cw_raw_norm=296468.9375
[MOS-Core] ce_valid=True
[MOS-Core] cw_valid=True
[MOS-Core] ce_cw_cosine=0.9999998807907104
[MOS-Core] combined_pre_norm=0.9999999403953552
[MOS-Core] historical_direction_valid=True
[MOS-Core] historical_direction_norm=0.6823514699935913
[MOS-Core] guidance_history_cosine=0.9780095815658569
[MOS-Core] guidance_source=ce_cw_combined
[MOS-Core] guidance_fallback_used=False
[MOS-Core] final_guidance_norm=1.000000
[MOS-Core] Base radial threshold (q=0.95): 318.7111
[MOS-Core] Attack budget ratio: 1.0
[MOS-Core] current_budget=318.711090
[MOS-Core] current_budget_valid=True

[MOS-Core] Initializing constraints...
[MOS-Core] Enabled constraints: Radial, Sign
[MOS-Core] Radial weight: 1.0
[MOS-Core] Sign weight: 0.5, layer_reduce: quantile
[MOS-Core]   Radial threshold: 318.7111
[MOS-Core]   Sign threshold: 1.4325

[MOS-Core] Initializing population (size=10)...
[MOS-Core] adaptive_guided_init=True alpha_feasible=0.001953 scales=[0.0, 0.000390625, 0.00078125, 0.001171875, 0.0015625, 0.001953125]
[MOS-Core] Generated 6 scale-based seeds: [0.0, 0.000390625, 0.00078125, 0.001171875, 0.0015625, 0.001953125]
[MOS-Core] Historical seed injected at position 3
[MOS-Core] historical_raw_norm=0.682351
[MOS-Core] historical_direction_norm=1.000000
[MOS-Core] historical_seed_target_scale=159.355545
[MOS-Core] historical_seed_final_norm=159.355545
[MOS-Core] Generated 4 random candidates (noise_scale=0.1)
[MOS-Core] Initial population norms: min=0.0000, mean=82.1219, max=270.3123
[MOS-Core] Budget ratios: min=0.0000, mean=0.2577, max=0.8481
[MOS-Core] Clipped ratio: 0.00%
[MOS-Core] Historical seed used: True

[MOS-Core] Starting NSGA-II evolution...
[MOS-Core] Generations: 100
[MOS-Core] Population size: 10
[MOS-Core] SBX eta: 15.0, crossover_prob: 0.9
[MOS-Core] Mutation scale: 0.05
[MOS-Core] Gen 1/100:
  Stealth: mean=0.929, best=1.000
  Destructiveness: mean=0.199, best=0.622
  CV: mean=0.0535, min=0.0000
  Feasibility: count=9, ratio=90.00%
  Max feasible destruct: 0.622
  Pareto front size: 6
  Budget ratio: mean=0.016, max=0.034
  Radial: mean_ratio=0.016, max_ratio=0.034, mean_score=0.985
  Sign: mean_ratio=0.376, max_ratio=2.070, mean_score=0.818
[MOS-Core] Gen 10/100:
  Stealth: mean=0.908, best=1.000
  Destructiveness: mean=0.362, best=0.629
  CV: mean=0.0000, min=0.0000
  Feasibility: count=10, ratio=100.00%
  Max feasible destruct: 0.629
  Pareto front size: 10
  Budget ratio: mean=0.022, max=0.063
  Radial: mean_ratio=0.022, max_ratio=0.063, mean_score=0.979
  Sign: mean_ratio=0.372, max_ratio=0.774, mean_score=0.766
[MOS-Core] Gen 20/100:
  Stealth: mean=0.899, best=1.000
  Destructiveness: mean=0.340, best=0.635
  CV: mean=0.0000, min=0.0000
  Feasibility: count=10, ratio=100.00%
  Max feasible destruct: 0.635
  Pareto front size: 10
  Budget ratio: mean=0.046, max=0.120
  Radial: mean_ratio=0.046, max_ratio=0.120, mean_score=0.958
  Sign: mean_ratio=0.352, max_ratio=0.828, mean_score=0.779
[MOS-Core] Gen 30/100:
  Stealth: mean=0.888, best=1.000
  Destructiveness: mean=0.378, best=0.642
  CV: mean=0.0000, min=0.0000
  Feasibility: count=10, ratio=100.00%
  Max feasible destruct: 0.642
  Pareto front size: 10
  Budget ratio: mean=0.048, max=0.148
  Radial: mean_ratio=0.048, max_ratio=0.148, mean_score=0.957
  Sign: mean_ratio=0.415, max_ratio=0.859, mean_score=0.751
[MOS-Core] Gen 40/100:
  Stealth: mean=0.890, best=1.000
  Destructiveness: mean=0.366, best=0.647
  CV: mean=0.0000, min=0.0000
  Feasibility: count=10, ratio=100.00%
  Max feasible destruct: 0.647
  Pareto front size: 10
  Budget ratio: mean=0.052, max=0.191
  Radial: mean_ratio=0.052, max_ratio=0.191, mean_score=0.955
  Sign: mean_ratio=0.393, max_ratio=0.870, mean_score=0.759
[MOS-Core] Gen 50/100:
  Stealth: mean=0.875, best=1.000
  Destructiveness: mean=0.381, best=0.654
  CV: mean=0.0000, min=0.0000
  Feasibility: count=10, ratio=100.00%
  Max feasible destruct: 0.654
  Pareto front size: 10
  Budget ratio: mean=0.070, max=0.214
  Radial: mean_ratio=0.070, max_ratio=0.214, mean_score=0.938
  Sign: mean_ratio=0.418, max_ratio=0.875, mean_score=0.749
[MOS-Core] Gen 60/100:
  Stealth: mean=0.871, best=1.000
  Destructiveness: mean=0.382, best=0.662
  CV: mean=0.0000, min=0.0000
  Feasibility: count=10, ratio=100.00%
  Max feasible destruct: 0.662
  Pareto front size: 10
  Budget ratio: mean=0.077, max=0.248
  Radial: mean_ratio=0.077, max_ratio=0.248, mean_score=0.933
  Sign: mean_ratio=0.422, max_ratio=0.873, mean_score=0.746
[MOS-Core] Gen 70/100:
  Stealth: mean=0.871, best=1.000
  Destructiveness: mean=0.382, best=0.668
  CV: mean=0.0000, min=0.0000
  Feasibility: count=10, ratio=100.00%
  Max feasible destruct: 0.668
  Pareto front size: 10
  Budget ratio: mean=0.075, max=0.245
  Radial: mean_ratio=0.075, max_ratio=0.245, mean_score=0.935
  Sign: mean_ratio=0.430, max_ratio=0.891, mean_score=0.743
[MOS-Core] Gen 80/100:
  Stealth: mean=0.878, best=1.000
  Destructiveness: mean=0.358, best=0.674
  CV: mean=0.0000, min=0.0000
  Feasibility: count=10, ratio=100.00%
  Max feasible destruct: 0.674
  Pareto front size: 10
  Budget ratio: mean=0.072, max=0.252
  Radial: mean_ratio=0.072, max_ratio=0.252, mean_score=0.938
  Sign: mean_ratio=0.400, max_ratio=0.910, mean_score=0.758
[MOS-Core] Gen 90/100:
  Stealth: mean=0.860, best=1.000
  Destructiveness: mean=0.412, best=0.684
  CV: mean=0.0000, min=0.0000
  Feasibility: count=10, ratio=100.00%
  Max feasible destruct: 0.684
  Pareto front size: 10
  Budget ratio: mean=0.085, max=0.273
  Radial: mean_ratio=0.085, max_ratio=0.273, mean_score=0.928
  Sign: mean_ratio=0.470, max_ratio=0.892, mean_score=0.724
[MOS-Core] Gen 100/100:
  Stealth: mean=0.857, best=1.000
  Destructiveness: mean=0.414, best=0.692
  CV: mean=0.0000, min=0.0000
  Feasibility: count=10, ratio=100.00%
  Max feasible destruct: 0.692
  Pareto front size: 10
  Budget ratio: mean=0.090, max=0.280
  Radial: mean_ratio=0.090, max_ratio=0.280, mean_score=0.924
  Sign: mean_ratio=0.470, max_ratio=0.915, mean_score=0.723

[MOS-Core] Selecting final solution...
[MOS-Core] Selection parameters:
  Lambda_s (stealth weight): 0.50
  Lambda_a (attack weight): 0.50
  Attack floor ratio: 0.0692

[MOS-Core] Feasibility summary:
  Feasible solutions: 10
  Feasible ratio: 100.00%
  Selection mode: feasible
  Min CV in front: 0.0000

[MOS-Core] Pareto front summary:
  Front size: 10
  Stealth range: [0.695, 1.000]
  Destructiveness range: [0.000, 0.692]
  CV range: [0.0000, 0.0000]
  Candidates after attack floor: 9

[MOS-Core] Selected solution (index=4):
[MOS-Core]   Constraint pass score (R): 0.885
[MOS-Core]   Destructiveness (A): 0.498
[MOS-Core]   Total CV: 0.0000
[MOS-Core]   Deviation norm: 0.4980
[MOS-Core]   Budget usage: 0.16%
[MOS-Core] selection_mode=balanced_knee
[MOS-Core] selected_budget_ratio=0.001563
[MOS-Core] selected_stealth=0.885114
[MOS-Core] selected_destructiveness=0.497983
[MOS-Core] selected_cv=0.000000
[MOS-Core] selected_feasible=True
[MOS-Core] selected_guidance_alignment=1.000000
[MOS-Core] Per-constraint details:
[MOS-Core]   Radial: score=0.998, ratio=0.002, loss=0.4980, threshold=318.7111
[MOS-Core]   Sign: score=0.658, ratio=0.519, loss=0.7430, threshold=1.4325

[MOS-Core] Generating 6 malicious updates...
[MOS-Core] Template noise scale: 0.0001
[MOS-Core] Output norms: min=0.4982, mean=0.4983, max=0.4985
[MOS-Core] Attack completed successfully
============================================================

attack:mos_attack
defend:multi_krum
t  11: train_loss = 1.725, test_acc = 27.710
attack numbers = 3
current iteration attack ratio: 0.12

============================================================
[MOS-Core] Starting MOS-Attack
============================================================
[MOS-Core] Total parameters: 11,183,582
[MOS-Core] Benign clients: 22
[MOS-Core] Malicious slots: 3
[MOS-Core] Benign mean norm: 207.9747
[MOS-Core] Benign std (mean): 0.0010
[MOS-Core] ce_raw_norm=418364.59375
[MOS-Core] cw_raw_norm=418364.59375
[MOS-Core] ce_valid=True
[MOS-Core] cw_valid=True
[MOS-Core] ce_cw_cosine=1.0
[MOS-Core] combined_pre_norm=1.0
[MOS-Core] historical_direction_valid=True
[MOS-Core] historical_direction_norm=0.4979861378669739
[MOS-Core] guidance_history_cosine=0.9816157817840576
[MOS-Core] guidance_source=ce_cw_combined
[MOS-Core] guidance_fallback_used=False
[MOS-Core] final_guidance_norm=1.000000
[MOS-Core] Base radial threshold (q=0.95): 339.3035
[MOS-Core] Attack budget ratio: 1.0
[MOS-Core] current_budget=339.303497
[MOS-Core] current_budget_valid=True

[MOS-Core] Initializing constraints...
[MOS-Core] Enabled constraints: Radial, Sign
[MOS-Core] Radial weight: 1.0
[MOS-Core] Sign weight: 0.5, layer_reduce: quantile
[MOS-Core]   Radial threshold: 339.3035
[MOS-Core]   Sign threshold: 1.8537

[MOS-Core] Initializing population (size=10)...
[MOS-Core] adaptive_guided_init=True alpha_feasible=0.001953 scales=[0.0, 0.000390625, 0.00078125, 0.001171875, 0.0015625, 0.001953125]
[MOS-Core] Generated 6 scale-based seeds: [0.0, 0.000390625, 0.00078125, 0.001171875, 0.0015625, 0.001953125]
[MOS-Core] Historical seed injected at position 3
[MOS-Core] historical_raw_norm=0.497986
[MOS-Core] historical_direction_norm=1.000000
[MOS-Core] historical_seed_target_scale=169.651749
[MOS-Core] historical_seed_final_norm=169.651749
[MOS-Core] Generated 4 random candidates (noise_scale=0.1)
[MOS-Core] Initial population norms: min=0.0000, mean=79.1198, max=246.5589
[MOS-Core] Budget ratios: min=0.0000, mean=0.2332, max=0.7267
[MOS-Core] Clipped ratio: 0.00%
[MOS-Core] Historical seed used: True

[MOS-Core] Starting NSGA-II evolution...
[MOS-Core] Generations: 100
[MOS-Core] Population size: 10
[MOS-Core] SBX eta: 15.0, crossover_prob: 0.9
[MOS-Core] Mutation scale: 0.05
[MOS-Core] Gen 1/100:
  Stealth: mean=0.930, best=1.000
  Destructiveness: mean=0.318, best=0.663
  CV: mean=0.0000, min=0.0000
  Feasibility: count=10, ratio=100.00%
  Max feasible destruct: 0.663
  Pareto front size: 8
  Budget ratio: mean=0.016, max=0.035
  Radial: mean_ratio=0.016, max_ratio=0.035, mean_score=0.984
  Sign: mean_ratio=0.267, max_ratio=0.670, mean_score=0.820
[MOS-Core] Gen 10/100:
  Stealth: mean=0.910, best=1.000
  Destructiveness: mean=0.385, best=0.670
  CV: mean=0.0000, min=0.0000
  Feasibility: count=10, ratio=100.00%
  Max feasible destruct: 0.670
  Pareto front size: 10
  Budget ratio: mean=0.026, max=0.087
  Radial: mean_ratio=0.026, max_ratio=0.087, mean_score=0.975
  Sign: mean_ratio=0.332, max_ratio=0.697, mean_score=0.781
[MOS-Core] Gen 20/100:
  Stealth: mean=0.899, best=1.000
  Destructiveness: mean=0.401, best=0.679
  CV: mean=0.0000, min=0.0000
  Feasibility: count=10, ratio=100.00%
  Max feasible destruct: 0.679
  Pareto front size: 10
  Budget ratio: mean=0.041, max=0.134
  Radial: mean_ratio=0.041, max_ratio=0.134, mean_score=0.962
  Sign: mean_ratio=0.357, max_ratio=0.708, mean_score=0.771
[MOS-Core] Gen 30/100:
  Stealth: mean=0.884, best=1.000
  Destructiveness: mean=0.429, best=0.686
  CV: mean=0.0000, min=0.0000
  Feasibility: count=10, ratio=100.00%
  Max feasible destruct: 0.686
  Pareto front size: 10
  Budget ratio: mean=0.054, max=0.144
  Radial: mean_ratio=0.054, max_ratio=0.144, mean_score=0.951
  Sign: mean_ratio=0.393, max_ratio=0.727, mean_score=0.751
[MOS-Core] Gen 40/100:
  Stealth: mean=0.879, best=1.000
  Destructiveness: mean=0.392, best=0.692
  CV: mean=0.0000, min=0.0000
  Feasibility: count=10, ratio=100.00%
  Max feasible destruct: 0.692
  Pareto front size: 10
  Budget ratio: mean=0.077, max=0.164
  Radial: mean_ratio=0.077, max_ratio=0.164, mean_score=0.931
  Sign: mean_ratio=0.349, max_ratio=0.726, mean_score=0.774
[MOS-Core] Gen 50/100:
  Stealth: mean=0.865, best=1.000
  Destructiveness: mean=0.435, best=0.706
  CV: mean=0.0000, min=0.0000
  Feasibility: count=10, ratio=100.00%
  Max feasible destruct: 0.706
  Pareto front size: 10
  Budget ratio: mean=0.085, max=0.220
  Radial: mean_ratio=0.085, max_ratio=0.220, mean_score=0.927
  Sign: mean_ratio=0.412, max_ratio=0.762, mean_score=0.742
[MOS-Core] Gen 60/100:
  Stealth: mean=0.862, best=1.000
  Destructiveness: mean=0.436, best=0.720
  CV: mean=0.0000, min=0.0000
  Feasibility: count=10, ratio=100.00%
  Max feasible destruct: 0.720
  Pareto front size: 10
  Budget ratio: mean=0.089, max=0.241
  Radial: mean_ratio=0.089, max_ratio=0.241, mean_score=0.923
  Sign: mean_ratio=0.420, max_ratio=0.833, mean_score=0.739
[MOS-Core] Gen 70/100:
  Stealth: mean=0.870, best=1.000
  Destructiveness: mean=0.397, best=0.727
  CV: mean=0.0000, min=0.0000
  Feasibility: count=10, ratio=100.00%
  Max feasible destruct: 0.727
  Pareto front size: 10
  Budget ratio: mean=0.091, max=0.272
  Radial: mean_ratio=0.091, max_ratio=0.272, mean_score=0.922
  Sign: mean_ratio=0.368, max_ratio=0.858, mean_score=0.767
[MOS-Core] Gen 80/100:
  Stealth: mean=0.858, best=1.000
  Destructiveness: mean=0.438, best=0.736
  CV: mean=0.0000, min=0.0000
  Feasibility: count=10, ratio=100.00%
  Max feasible destruct: 0.736
  Pareto front size: 10
  Budget ratio: mean=0.094, max=0.270
  Radial: mean_ratio=0.094, max_ratio=0.270, mean_score=0.919
  Sign: mean_ratio=0.431, max_ratio=0.915, mean_score=0.736
[MOS-Core] Gen 90/100:
  Stealth: mean=0.855, best=1.000
  Destructiveness: mean=0.439, best=0.744
  CV: mean=0.0000, min=0.0000
  Feasibility: count=10, ratio=100.00%
  Max feasible destruct: 0.744
  Pareto front size: 10
  Budget ratio: mean=0.098, max=0.285
  Radial: mean_ratio=0.098, max_ratio=0.285, mean_score=0.916
  Sign: mean_ratio=0.435, max_ratio=0.943, mean_score=0.734
[MOS-Core] Gen 100/100:
  Stealth: mean=0.859, best=1.000
  Destructiveness: mean=0.439, best=0.753
  CV: mean=0.0000, min=0.0000
  Feasibility: count=10, ratio=100.00%
  Max feasible destruct: 0.753
  Pareto front size: 10
  Budget ratio: mean=0.094, max=0.297
  Radial: mean_ratio=0.094, max_ratio=0.297, mean_score=0.921
  Sign: mean_ratio=0.437, max_ratio=1.000, mean_score=0.735

[MOS-Core] Selecting final solution...
[MOS-Core] Selection parameters:
  Lambda_s (stealth weight): 0.50
  Lambda_a (attack weight): 0.50
  Attack floor ratio: 0.0753

[MOS-Core] Feasibility summary:
  Feasible solutions: 10
  Feasible ratio: 100.00%
  Selection mode: feasible
  Min CV in front: 0.0000

[MOS-Core] Pareto front summary:
  Front size: 10
  Stealth range: [0.681, 1.000]
  Destructiveness range: [0.000, 0.753]
  CV range: [0.0000, 0.0000]
  Candidates after attack floor: 9

[MOS-Core] Selected solution (index=6):
[MOS-Core]   Constraint pass score (R): 0.892
[MOS-Core]   Destructiveness (A): 0.530
[MOS-Core]   Total CV: 0.0000
[MOS-Core]   Deviation norm: 0.5302
[MOS-Core]   Budget usage: 0.16%
[MOS-Core] selection_mode=balanced_knee
[MOS-Core] selected_budget_ratio=0.001563
[MOS-Core] selected_stealth=0.892429
[MOS-Core] selected_destructiveness=0.530158
[MOS-Core] selected_cv=0.000000
[MOS-Core] selected_feasible=True
[MOS-Core] selected_guidance_alignment=1.000000
[MOS-Core] Per-constraint details:
[MOS-Core]   Radial: score=0.998, ratio=0.002, loss=0.5302, threshold=339.3035
[MOS-Core]   Sign: score=0.680, ratio=0.470, loss=0.8707, threshold=1.8537

[MOS-Core] Generating 3 malicious updates...
[MOS-Core] Template noise scale: 0.0001
[MOS-Core] Output norms: min=0.5306, mean=0.5307, max=0.5308
[MOS-Core] Attack completed successfully
============================================================

attack:mos_attack
defend:multi_krum
t  12: train_loss = 1.706, test_acc = 29.190
attack numbers = 2
current iteration attack ratio: 0.08

============================================================
[MOS-Core] Starting MOS-Attack
============================================================
[MOS-Core] Total parameters: 11,183,582
[MOS-Core] Benign clients: 23
[MOS-Core] Malicious slots: 2
[MOS-Core] Benign mean norm: 349.1966
[MOS-Core] Benign std (mean): 0.0010
[MOS-Core] ce_raw_norm=777838.6875
[MOS-Core] cw_raw_norm=777838.6875
[MOS-Core] ce_valid=True
[MOS-Core] cw_valid=True
[MOS-Core] ce_cw_cosine=1.000000238418579
[MOS-Core] combined_pre_norm=1.0000001192092896
[MOS-Core] historical_direction_valid=True
[MOS-Core] historical_direction_norm=0.5301617383956909
[MOS-Core] guidance_history_cosine=0.9870944023132324
[MOS-Core] guidance_source=ce_cw_combined
[MOS-Core] guidance_fallback_used=False
[MOS-Core] final_guidance_norm=1.000000
[MOS-Core] Base radial threshold (q=0.95): 364.3230
[MOS-Core] Attack budget ratio: 1.0
[MOS-Core] current_budget=364.323029
[MOS-Core] current_budget_valid=True

[MOS-Core] Initializing constraints...
[MOS-Core] Enabled constraints: Radial, Sign
[MOS-Core] Radial weight: 1.0
[MOS-Core] Sign weight: 0.5, layer_reduce: quantile
[MOS-Core]   Radial threshold: 364.3230
[MOS-Core]   Sign threshold: 1.7479

[MOS-Core] Initializing population (size=10)...
[MOS-Core] adaptive_guided_init=True alpha_feasible=0.001953 scales=[0.0, 0.000390625, 0.00078125, 0.001171875, 0.0015625, 0.001953125]
[MOS-Core] Generated 6 scale-based seeds: [0.0, 0.000390625, 0.00078125, 0.001171875, 0.0015625, 0.001953125]
[MOS-Core] Historical seed injected at position 3
[MOS-Core] historical_raw_norm=0.530162
[MOS-Core] historical_direction_norm=1.000000
[MOS-Core] historical_seed_target_scale=182.161514
[MOS-Core] historical_seed_final_norm=182.161530
[MOS-Core] Generated 4 random candidates (noise_scale=0.1)
[MOS-Core] Initial population norms: min=0.0000, mean=92.8636, max=311.6401
[MOS-Core] Budget ratios: min=0.0000, mean=0.2549, max=0.8554
[MOS-Core] Clipped ratio: 0.00%
[MOS-Core] Historical seed used: True

[MOS-Core] Starting NSGA-II evolution...
[MOS-Core] Generations: 100
[MOS-Core] Population size: 10
[MOS-Core] SBX eta: 15.0, crossover_prob: 0.9
[MOS-Core] Mutation scale: 0.05
[MOS-Core] Gen 1/100:
  Stealth: mean=0.892, best=1.000
  Destructiveness: mean=0.339, best=0.712
  CV: mean=0.2631, min=0.0000
  Feasibility: count=9, ratio=90.00%
  Max feasible destruct: 0.712
  Pareto front size: 7
  Budget ratio: mean=0.017, max=0.036
  Radial: mean_ratio=0.017, max_ratio=0.036, mean_score=0.984
  Sign: mean_ratio=0.952, max_ratio=6.262, mean_score=0.707
[MOS-Core] Gen 10/100:
  Stealth: mean=0.897, best=1.000
  Destructiveness: mean=0.414, best=0.717
  CV: mean=0.0000, min=0.0000
  Feasibility: count=10, ratio=100.00%
  Max feasible destruct: 0.717
  Pareto front size: 10
  Budget ratio: mean=0.024, max=0.078
  Radial: mean_ratio=0.024, max_ratio=0.078, mean_score=0.977
  Sign: mean_ratio=0.443, max_ratio=0.901, mean_score=0.736
[MOS-Core] Gen 20/100:
  Stealth: mean=0.900, best=1.000
  Destructiveness: mean=0.372, best=0.722
  CV: mean=0.0000, min=0.0000
  Feasibility: count=10, ratio=100.00%
  Max feasible destruct: 0.722
  Pareto front size: 10
  Budget ratio: mean=0.034, max=0.105
  Radial: mean_ratio=0.034, max_ratio=0.105, mean_score=0.968
  Sign: mean_ratio=0.386, max_ratio=0.982, mean_score=0.763
[MOS-Core] Gen 30/100:
  Stealth: mean=0.877, best=1.000
  Destructiveness: mean=0.417, best=0.728
  CV: mean=0.0000, min=0.0000
  Feasibility: count=10, ratio=100.00%
  Max feasible destruct: 0.728
  Pareto front size: 10
  Budget ratio: mean=0.054, max=0.137
  Radial: mean_ratio=0.054, max_ratio=0.137, mean_score=0.951
  Sign: mean_ratio=0.463, max_ratio=0.982, mean_score=0.730
[MOS-Core] Gen 40/100:
  Stealth: mean=0.878, best=1.000
  Destructiveness: mean=0.417, best=0.736
  CV: mean=0.0000, min=0.0000
  Feasibility: count=10, ratio=100.00%
  Max feasible destruct: 0.736
  Pareto front size: 10
  Budget ratio: mean=0.054, max=0.154
  Radial: mean_ratio=0.054, max_ratio=0.154, mean_score=0.951
  Sign: mean_ratio=0.453, max_ratio=0.989, mean_score=0.731
[MOS-Core] Gen 50/100:
  Stealth: mean=0.877, best=1.000
  Destructiveness: mean=0.418, best=0.739
  CV: mean=0.0000, min=0.0000
  Feasibility: count=10, ratio=100.00%
  Max feasible destruct: 0.739
  Pareto front size: 10
  Budget ratio: mean=0.057, max=0.167
  Radial: mean_ratio=0.057, max_ratio=0.167, mean_score=0.948
  Sign: mean_ratio=0.453, max_ratio=0.990, mean_score=0.733
[MOS-Core] Gen 60/100:
  Stealth: mean=0.863, best=1.000
  Destructiveness: mean=0.422, best=0.745
  CV: mean=0.0000, min=0.0000
  Feasibility: count=10, ratio=100.00%
  Max feasible destruct: 0.745
  Pareto front size: 10
  Budget ratio: mean=0.077, max=0.180
  Radial: mean_ratio=0.077, max_ratio=0.180, mean_score=0.932
  Sign: mean_ratio=0.472, max_ratio=0.992, mean_score=0.726
[MOS-Core] Gen 70/100:
  Stealth: mean=0.862, best=1.000
  Destructiveness: mean=0.422, best=0.749
  CV: mean=0.0000, min=0.0000
  Feasibility: count=10, ratio=100.00%
  Max feasible destruct: 0.749
  Pareto front size: 10
  Budget ratio: mean=0.079, max=0.198
  Radial: mean_ratio=0.079, max_ratio=0.198, mean_score=0.930
  Sign: mean_ratio=0.469, max_ratio=0.974, mean_score=0.726
[MOS-Core] Gen 80/100:
  Stealth: mean=0.868, best=1.000
  Destructiveness: mean=0.423, best=0.759
  CV: mean=0.0000, min=0.0000
  Feasibility: count=10, ratio=100.00%
  Max feasible destruct: 0.759
  Pareto front size: 10
  Budget ratio: mean=0.072, max=0.222
  Radial: mean_ratio=0.072, max_ratio=0.222, mean_score=0.936
  Sign: mean_ratio=0.463, max_ratio=0.988, mean_score=0.731
[MOS-Core] Gen 90/100:
  Stealth: mean=0.863, best=1.000
  Destructiveness: mean=0.424, best=0.770
  CV: mean=0.0000, min=0.0000
  Feasibility: count=10, ratio=100.00%
  Max feasible destruct: 0.770
  Pareto front size: 10
  Budget ratio: mean=0.081, max=0.242
  Radial: mean_ratio=0.081, max_ratio=0.242, mean_score=0.930
  Sign: mean_ratio=0.466, max_ratio=0.993, mean_score=0.729
[MOS-Core] Gen 100/100:
  Stealth: mean=0.863, best=1.000
  Destructiveness: mean=0.425, best=0.773
  CV: mean=0.0000, min=0.0000
  Feasibility: count=10, ratio=100.00%
  Max feasible destruct: 0.773
  Pareto front size: 10
  Budget ratio: mean=0.081, max=0.252
  Radial: mean_ratio=0.081, max_ratio=0.252, mean_score=0.930
  Sign: mean_ratio=0.465, max_ratio=0.990, mean_score=0.729

[MOS-Core] Selecting final solution...
[MOS-Core] Selection parameters:
  Lambda_s (stealth weight): 0.50
  Lambda_a (attack weight): 0.50
  Attack floor ratio: 0.0773

[MOS-Core] Feasibility summary:
  Feasible solutions: 10
  Feasible ratio: 100.00%
  Selection mode: feasible
  Min CV in front: 0.0000

[MOS-Core] Pareto front summary:
  Front size: 10
  Stealth range: [0.700, 1.000]
  Destructiveness range: [0.000, 0.773]
  CV range: [0.0000, 0.0000]
  Candidates after attack floor: 9

[MOS-Core] Selected solution (index=4):
[MOS-Core]   Constraint pass score (R): 0.871
[MOS-Core]   Destructiveness (A): 0.569
[MOS-Core]   Total CV: 0.0000
[MOS-Core]   Deviation norm: 0.5693
[MOS-Core]   Budget usage: 0.16%
[MOS-Core] selection_mode=balanced_knee
[MOS-Core] selected_budget_ratio=0.001563
[MOS-Core] selected_stealth=0.871222
[MOS-Core] selected_destructiveness=0.569251
[MOS-Core] selected_cv=0.000000
[MOS-Core] selected_feasible=True
[MOS-Core] selected_guidance_alignment=1.000000
[MOS-Core] Per-constraint details:
[MOS-Core]   Radial: score=0.998, ratio=0.002, loss=0.5693, threshold=364.3230
[MOS-Core]   Sign: score=0.617, ratio=0.621, loss=1.0860, threshold=1.7479

[MOS-Core] Generating 2 malicious updates...
[MOS-Core] Template noise scale: 0.0001
[MOS-Core] Output norms: min=0.5696, mean=0.5697, max=0.5698
[MOS-Core] Attack completed successfully
============================================================

attack:mos_attack
defend:multi_krum
t  13: train_loss = 1.687, test_acc = 34.030
attack numbers = 3
current iteration attack ratio: 0.12

============================================================
[MOS-Core] Starting MOS-Attack
============================================================
[MOS-Core] Total parameters: 11,183,582
[MOS-Core] Benign clients: 22
[MOS-Core] Malicious slots: 3
[MOS-Core] Benign mean norm: 196.6960
[MOS-Core] Benign std (mean): 0.0009
[MOS-Core] ce_raw_norm=765430.625
[MOS-Core] cw_raw_norm=765430.625
[MOS-Core] ce_valid=True
[MOS-Core] cw_valid=True
[MOS-Core] ce_cw_cosine=1.0
[MOS-Core] combined_pre_norm=1.0
[MOS-Core] historical_direction_valid=True
[MOS-Core] historical_direction_norm=0.5692547559738159
[MOS-Core] guidance_history_cosine=0.9800790548324585
[MOS-Core] guidance_source=ce_cw_combined
[MOS-Core] guidance_fallback_used=False
[MOS-Core] final_guidance_norm=1.000000
[MOS-Core] Base radial threshold (q=0.95): 278.3895
[MOS-Core] Attack budget ratio: 1.0
[MOS-Core] current_budget=278.389465
[MOS-Core] current_budget_valid=True

[MOS-Core] Initializing constraints...
[MOS-Core] Enabled constraints: Radial, Sign
[MOS-Core] Radial weight: 1.0
[MOS-Core] Sign weight: 0.5, layer_reduce: quantile
[MOS-Core]   Radial threshold: 278.3895
[MOS-Core]   Sign threshold: 1.6791

[MOS-Core] Initializing population (size=10)...
[MOS-Core] adaptive_guided_init=True alpha_feasible=0.001953 scales=[0.0, 0.000390625, 0.00078125, 0.001171875, 0.0015625, 0.001953125]
[MOS-Core] Generated 6 scale-based seeds: [0.0, 0.000390625, 0.00078125, 0.001171875, 0.0015625, 0.001953125]
[MOS-Core] Historical seed injected at position 3
[MOS-Core] historical_raw_norm=0.569255
[MOS-Core] historical_direction_norm=1.000000
[MOS-Core] historical_seed_target_scale=139.194733
[MOS-Core] historical_seed_final_norm=139.194733
[MOS-Core] Generated 4 random candidates (noise_scale=0.1)
[MOS-Core] Initial population norms: min=0.0000, mean=74.6034, max=191.5856
[MOS-Core] Budget ratios: min=0.0000, mean=0.2680, max=0.6882
[MOS-Core] Clipped ratio: 0.00%
[MOS-Core] Historical seed used: True

[MOS-Core] Starting NSGA-II evolution...
[MOS-Core] Generations: 100
[MOS-Core] Population size: 10
[MOS-Core] SBX eta: 15.0, crossover_prob: 0.9
[MOS-Core] Mutation scale: 0.05
[MOS-Core] Gen 1/100:
  Stealth: mean=0.910, best=1.000
  Destructiveness: mean=0.315, best=0.545
  CV: mean=0.0000, min=0.0000
  Feasibility: count=10, ratio=100.00%
  Max feasible destruct: 0.545
  Pareto front size: 9
  Budget ratio: mean=0.018, max=0.040
  Radial: mean_ratio=0.018, max_ratio=0.040, mean_score=0.983
  Sign: mean_ratio=0.383, max_ratio=0.775, mean_score=0.766
[MOS-Core] Gen 10/100:
  Stealth: mean=0.908, best=1.000
  Destructiveness: mean=0.296, best=0.554
  CV: mean=0.0000, min=0.0000
  Feasibility: count=10, ratio=100.00%
  Max feasible destruct: 0.554
  Pareto front size: 10
  Budget ratio: mean=0.036, max=0.104
  Radial: mean_ratio=0.036, max_ratio=0.104, mean_score=0.967
  Sign: mean_ratio=0.333, max_ratio=0.793, mean_score=0.791
[MOS-Core] Gen 20/100:
  Stealth: mean=0.899, best=1.000
  Destructiveness: mean=0.307, best=0.560
  CV: mean=0.0000, min=0.0000
  Feasibility: count=10, ratio=100.00%
  Max feasible destruct: 0.560
  Pareto front size: 10
  Budget ratio: mean=0.047, max=0.124
  Radial: mean_ratio=0.047, max_ratio=0.124, mean_score=0.958
  Sign: mean_ratio=0.347, max_ratio=0.809, mean_score=0.780
[MOS-Core] Gen 30/100:
  Stealth: mean=0.895, best=1.000
  Destructiveness: mean=0.329, best=0.564
  CV: mean=0.0000, min=0.0000
  Feasibility: count=10, ratio=100.00%
  Max feasible destruct: 0.564
  Pareto front size: 10
  Budget ratio: mean=0.041, max=0.153
  Radial: mean_ratio=0.041, max_ratio=0.153, mean_score=0.963
  Sign: mean_ratio=0.383, max_ratio=0.813, mean_score=0.760
[MOS-Core] Gen 40/100:
  Stealth: mean=0.878, best=1.000
  Destructiveness: mean=0.344, best=0.573
  CV: mean=0.0000, min=0.0000
  Feasibility: count=10, ratio=100.00%
  Max feasible destruct: 0.573
  Pareto front size: 10
  Budget ratio: mean=0.065, max=0.205
  Radial: mean_ratio=0.065, max_ratio=0.205, mean_score=0.944
  Sign: mean_ratio=0.420, max_ratio=0.881, mean_score=0.748
[MOS-Core] Gen 50/100:
  Stealth: mean=0.881, best=1.000
  Destructiveness: mean=0.324, best=0.583
  CV: mean=0.0000, min=0.0000
  Feasibility: count=10, ratio=100.00%
  Max feasible destruct: 0.583
  Pareto front size: 10
  Budget ratio: mean=0.071, max=0.223
  Radial: mean_ratio=0.071, max_ratio=0.223, mean_score=0.938
  Sign: mean_ratio=0.377, max_ratio=0.852, mean_score=0.767
[MOS-Core] Gen 60/100:
  Stealth: mean=0.864, best=1.000
  Destructiveness: mean=0.357, best=0.589
  CV: mean=0.0000, min=0.0000
  Feasibility: count=10, ratio=100.00%
  Max feasible destruct: 0.589
  Pareto front size: 10
  Budget ratio: mean=0.081, max=0.233
  Radial: mean_ratio=0.081, max_ratio=0.233, mean_score=0.929
  Sign: mean_ratio=0.440, max_ratio=0.854, mean_score=0.734
[MOS-Core] Gen 70/100:
  Stealth: mean=0.862, best=1.000
  Destructiveness: mean=0.358, best=0.594
  CV: mean=0.0000, min=0.0000
  Feasibility: count=10, ratio=100.00%
  Max feasible destruct: 0.594
  Pareto front size: 10
  Budget ratio: mean=0.085, max=0.247
  Radial: mean_ratio=0.085, max_ratio=0.247, mean_score=0.927
  Sign: mean_ratio=0.443, max_ratio=0.919, mean_score=0.732
[MOS-Core] Gen 80/100:
  Stealth: mean=0.858, best=1.000
  Destructiveness: mean=0.359, best=0.601
  CV: mean=0.0000, min=0.0000
  Feasibility: count=10, ratio=100.00%
  Max feasible destruct: 0.601
  Pareto front size: 10
  Budget ratio: mean=0.091, max=0.270
  Radial: mean_ratio=0.091, max_ratio=0.270, mean_score=0.921
  Sign: mean_ratio=0.442, max_ratio=0.927, mean_score=0.732
[MOS-Core] Gen 90/100:
  Stealth: mean=0.856, best=1.000
  Destructiveness: mean=0.360, best=0.610
  CV: mean=0.0000, min=0.0000
  Feasibility: count=10, ratio=100.00%
  Max feasible destruct: 0.610
  Pareto front size: 10
  Budget ratio: mean=0.095, max=0.272
  Radial: mean_ratio=0.095, max_ratio=0.272, mean_score=0.919
  Sign: mean_ratio=0.443, max_ratio=0.943, mean_score=0.732
[MOS-Core] Gen 100/100:
  Stealth: mean=0.852, best=1.000
  Destructiveness: mean=0.364, best=0.616
  CV: mean=0.0000, min=0.0000
  Feasibility: count=10, ratio=100.00%
  Max feasible destruct: 0.616
  Pareto front size: 10
  Budget ratio: mean=0.100, max=0.275
  Radial: mean_ratio=0.100, max_ratio=0.275, mean_score=0.916
  Sign: mean_ratio=0.471, max_ratio=0.964, mean_score=0.725

[MOS-Core] Selecting final solution...
[MOS-Core] Selection parameters:
  Lambda_s (stealth weight): 0.50
  Lambda_a (attack weight): 0.50
  Attack floor ratio: 0.0616

[MOS-Core] Feasibility summary:
  Feasible solutions: 10
  Feasible ratio: 100.00%
  Selection mode: feasible
  Min CV in front: 0.0000

[MOS-Core] Pareto front summary:
  Front size: 10
  Stealth range: [0.693, 1.000]
  Destructiveness range: [0.000, 0.616]
  CV range: [0.0000, 0.0000]
  Candidates after attack floor: 9

[MOS-Core] Selected solution (index=5):
[MOS-Core]   Constraint pass score (R): 0.883
[MOS-Core]   Destructiveness (A): 0.435
[MOS-Core]   Total CV: 0.0000
[MOS-Core]   Deviation norm: 0.4350
[MOS-Core]   Budget usage: 0.16%
[MOS-Core] selection_mode=balanced_knee
[MOS-Core] selected_budget_ratio=0.001563
[MOS-Core] selected_stealth=0.883454
[MOS-Core] selected_destructiveness=0.434981
[MOS-Core] selected_cv=0.000000
[MOS-Core] selected_feasible=True
[MOS-Core] selected_guidance_alignment=1.000000
[MOS-Core] Per-constraint details:
[MOS-Core]   Radial: score=0.998, ratio=0.002, loss=0.4350, threshold=278.3895
[MOS-Core]   Sign: score=0.653, ratio=0.530, loss=0.8904, threshold=1.6791

[MOS-Core] Generating 3 malicious updates...
[MOS-Core] Template noise scale: 0.0001
[MOS-Core] Output norms: min=0.4353, mean=0.4354, max=0.4355
[MOS-Core] Attack completed successfully
============================================================

attack:mos_attack
defend:multi_krum
t  14: train_loss = 1.663, test_acc = 33.270
attack numbers = 8
current iteration attack ratio: 0.32

============================================================
[MOS-Core] Starting MOS-Attack
============================================================
[MOS-Core] Total parameters: 11,183,582
[MOS-Core] Benign clients: 17
[MOS-Core] Malicious slots: 8
[MOS-Core] Benign mean norm: 210.1071
[MOS-Core] Benign std (mean): 0.0009
[MOS-Core] ce_raw_norm=1217353.125
[MOS-Core] cw_raw_norm=1217353.125
[MOS-Core] ce_valid=True
[MOS-Core] cw_valid=True
[MOS-Core] ce_cw_cosine=1.0
[MOS-Core] combined_pre_norm=0.9999999403953552
[MOS-Core] historical_direction_valid=True
[MOS-Core] historical_direction_norm=0.4349835515022278
[MOS-Core] guidance_history_cosine=0.9849578738212585
[MOS-Core] guidance_source=ce_cw_combined
[MOS-Core] guidance_fallback_used=False
[MOS-Core] final_guidance_norm=1.000000
[MOS-Core] Base radial threshold (q=0.95): 277.8554
[MOS-Core] Attack budget ratio: 1.0
[MOS-Core] current_budget=277.855377
[MOS-Core] current_budget_valid=True

[MOS-Core] Initializing constraints...
[MOS-Core] Enabled constraints: Radial, Sign
[MOS-Core] Radial weight: 1.0
[MOS-Core] Sign weight: 0.5, layer_reduce: quantile
[MOS-Core]   Radial threshold: 277.8554
[MOS-Core]   Sign threshold: 1.7085

[MOS-Core] Initializing population (size=10)...
[MOS-Core] adaptive_guided_init=True alpha_feasible=0.001953 scales=[0.0, 0.000390625, 0.00078125, 0.001171875, 0.0015625, 0.001953125]
[MOS-Core] Generated 6 scale-based seeds: [0.0, 0.000390625, 0.00078125, 0.001171875, 0.0015625, 0.001953125]
[MOS-Core] Historical seed injected at position 3
[MOS-Core] historical_raw_norm=0.434984
[MOS-Core] historical_direction_norm=1.000000
[MOS-Core] historical_seed_target_scale=138.927689
[MOS-Core] historical_seed_final_norm=138.927689
[MOS-Core] Generated 4 random candidates (noise_scale=0.1)
[MOS-Core] Initial population norms: min=0.0000, mean=83.9670, max=225.7339
[MOS-Core] Budget ratios: min=0.0000, mean=0.3022, max=0.8124
[MOS-Core] Clipped ratio: 0.00%
[MOS-Core] Historical seed used: True

[MOS-Core] Starting NSGA-II evolution...
[MOS-Core] Generations: 100
[MOS-Core] Population size: 10
[MOS-Core] SBX eta: 15.0, crossover_prob: 0.9
[MOS-Core] Mutation scale: 0.05
[MOS-Core] Gen 1/100:
  Stealth: mean=0.908, best=1.000
  Destructiveness: mean=0.326, best=0.544
  CV: mean=0.0000, min=0.0000
  Feasibility: count=10, ratio=100.00%
  Max feasible destruct: 0.544
  Pareto front size: 8
  Budget ratio: mean=0.018, max=0.040
  Radial: mean_ratio=0.018, max_ratio=0.040, mean_score=0.983
  Sign: mean_ratio=0.395, max_ratio=0.762, mean_score=0.759
[MOS-Core] Gen 10/100:
  Stealth: mean=0.907, best=1.000
  Destructiveness: mean=0.316, best=0.549
  CV: mean=0.0000, min=0.0000
  Feasibility: count=10, ratio=100.00%
  Max feasible destruct: 0.549
  Pareto front size: 10
  Budget ratio: mean=0.023, max=0.089
  Radial: mean_ratio=0.023, max_ratio=0.089, mean_score=0.978
  Sign: mean_ratio=0.377, max_ratio=0.770, mean_score=0.766
[MOS-Core] Gen 20/100:
  Stealth: mean=0.902, best=1.000
  Destructiveness: mean=0.317, best=0.555
  CV: mean=0.0000, min=0.0000
  Feasibility: count=10, ratio=100.00%
  Max feasible destruct: 0.555
  Pareto front size: 10
  Budget ratio: mean=0.031, max=0.114
  Radial: mean_ratio=0.031, max_ratio=0.114, mean_score=0.971
  Sign: mean_ratio=0.376, max_ratio=0.764, mean_score=0.766
[MOS-Core] Gen 30/100:
  Stealth: mean=0.880, best=1.000
  Destructiveness: mean=0.351, best=0.561
  CV: mean=0.0000, min=0.0000
  Feasibility: count=10, ratio=100.00%
  Max feasible destruct: 0.561
  Pareto front size: 10
  Budget ratio: mean=0.054, max=0.175
  Radial: mean_ratio=0.054, max_ratio=0.175, mean_score=0.952
  Sign: mean_ratio=0.434, max_ratio=0.777, mean_score=0.736
[MOS-Core] Gen 40/100:
  Stealth: mean=0.882, best=1.000
  Destructiveness: mean=0.320, best=0.565
  CV: mean=0.0000, min=0.0000
  Feasibility: count=10, ratio=100.00%
  Max feasible destruct: 0.565
  Pareto front size: 10
  Budget ratio: mean=0.068, max=0.213
  Radial: mean_ratio=0.068, max_ratio=0.213, mean_score=0.940
  Sign: mean_ratio=0.375, max_ratio=0.793, mean_score=0.765
[MOS-Core] Gen 50/100:
  Stealth: mean=0.875, best=1.000
  Destructiveness: mean=0.321, best=0.569
  CV: mean=0.0000, min=0.0000
  Feasibility: count=10, ratio=100.00%
  Max feasible destruct: 0.569
  Pareto front size: 10
  Budget ratio: mean=0.079, max=0.225
  Radial: mean_ratio=0.079, max_ratio=0.225, mean_score=0.931
  Sign: mean_ratio=0.378, max_ratio=0.800, mean_score=0.763
[MOS-Core] Gen 60/100:
  Stealth: mean=0.868, best=1.000
  Destructiveness: mean=0.311, best=0.576
  CV: mean=0.0000, min=0.0000
  Feasibility: count=10, ratio=100.00%
  Max feasible destruct: 0.576
  Pareto front size: 10
  Budget ratio: mean=0.092, max=0.253
  Radial: mean_ratio=0.092, max_ratio=0.253, mean_score=0.921
  Sign: mean_ratio=0.390, max_ratio=0.890, mean_score=0.763
[MOS-Core] Gen 70/100:
  Stealth: mean=0.875, best=1.000
  Destructiveness: mean=0.269, best=0.584
  CV: mean=0.0000, min=0.0000
  Feasibility: count=10, ratio=100.00%
  Max feasible destruct: 0.584
  Pareto front size: 10
  Budget ratio: mean=0.100, max=0.269
  Radial: mean_ratio=0.100, max_ratio=0.269, mean_score=0.914
  Sign: mean_ratio=0.326, max_ratio=0.961, mean_score=0.798
[MOS-Core] Gen 80/100:
  Stealth: mean=0.873, best=1.000
  Destructiveness: mean=0.271, best=0.592
  CV: mean=0.0000, min=0.0000
  Feasibility: count=10, ratio=100.00%
  Max feasible destruct: 0.592
  Pareto front size: 10
  Budget ratio: mean=0.104, max=0.289
  Radial: mean_ratio=0.104, max_ratio=0.289, mean_score=0.911
  Sign: mean_ratio=0.330, max_ratio=0.985, mean_score=0.796
[MOS-Core] Gen 90/100:
  Stealth: mean=0.863, best=1.000
  Destructiveness: mean=0.305, best=0.599
  CV: mean=0.0000, min=0.0000
  Feasibility: count=10, ratio=100.00%
  Max feasible destruct: 0.599
  Pareto front size: 10
  Budget ratio: mean=0.105, max=0.307
  Radial: mean_ratio=0.105, max_ratio=0.307, mean_score=0.911
  Sign: mean_ratio=0.380, max_ratio=0.964, mean_score=0.765
[MOS-Core] Gen 100/100:
  Stealth: mean=0.869, best=1.000
  Destructiveness: mean=0.273, best=0.607
  CV: mean=0.0000, min=0.0000
  Feasibility: count=10, ratio=100.00%
  Max feasible destruct: 0.607
  Pareto front size: 10
  Budget ratio: mean=0.111, max=0.331
  Radial: mean_ratio=0.111, max_ratio=0.331, mean_score=0.906
  Sign: mean_ratio=0.329, max_ratio=0.936, mean_score=0.795

[MOS-Core] Selecting final solution...
[MOS-Core] Selection parameters:
  Lambda_s (stealth weight): 0.50
  Lambda_a (attack weight): 0.50
  Attack floor ratio: 0.0607

[MOS-Core] Feasibility summary:
  Feasible solutions: 10
  Feasible ratio: 100.00%
  Selection mode: feasible
  Min CV in front: 0.0000

[MOS-Core] Pareto front summary:
  Front size: 10
  Stealth range: [0.673, 1.000]
  Destructiveness range: [0.000, 0.607]
  CV range: [0.0000, 0.0000]
  Candidates after attack floor: 8

[MOS-Core] Selected solution (index=3):
[MOS-Core]   Constraint pass score (R): 0.882
[MOS-Core]   Destructiveness (A): 0.434
[MOS-Core]   Total CV: 0.0000
[MOS-Core]   Deviation norm: 0.4341
[MOS-Core]   Budget usage: 0.16%
[MOS-Core] selection_mode=balanced_knee
[MOS-Core] selected_budget_ratio=0.001563
[MOS-Core] selected_stealth=0.882192
[MOS-Core] selected_destructiveness=0.434146
[MOS-Core] selected_cv=0.000000
[MOS-Core] selected_feasible=True
[MOS-Core] selected_guidance_alignment=1.000000
[MOS-Core] Per-constraint details:
[MOS-Core]   Radial: score=0.998, ratio=0.002, loss=0.4341, threshold=277.8554
[MOS-Core]   Sign: score=0.650, ratio=0.539, loss=0.9212, threshold=1.7085

[MOS-Core] Generating 8 malicious updates...
[MOS-Core] Template noise scale: 0.0001
[MOS-Core] Output norms: min=0.4345, mean=0.4345, max=0.4347
[MOS-Core] Attack completed successfully
============================================================

attack:mos_attack
defend:multi_krum
t  15: train_loss = 1.629, test_acc = 35.310
attack numbers = 10
current iteration attack ratio: 0.4

============================================================
[MOS-Core] Starting MOS-Attack
============================================================
[MOS-Core] Total parameters: 11,183,582
[MOS-Core] Benign clients: 15
[MOS-Core] Malicious slots: 10
[MOS-Core] Benign mean norm: 223.1567
[MOS-Core] Benign std (mean): 0.0010
[MOS-Core] ce_raw_norm=1428872.125
[MOS-Core] cw_raw_norm=1428872.125
[MOS-Core] ce_valid=True
[MOS-Core] cw_valid=True
[MOS-Core] ce_cw_cosine=1.0
[MOS-Core] combined_pre_norm=1.0
[MOS-Core] historical_direction_valid=True
[MOS-Core] historical_direction_norm=0.4341490566730499
[MOS-Core] guidance_history_cosine=0.9857703447341919
[MOS-Core] guidance_source=ce_cw_combined
[MOS-Core] guidance_fallback_used=False
[MOS-Core] final_guidance_norm=1.000000
[MOS-Core] Base radial threshold (q=0.95): 298.0905
[MOS-Core] Attack budget ratio: 1.0
[MOS-Core] current_budget=298.090485
[MOS-Core] current_budget_valid=True

[MOS-Core] Initializing constraints...
[MOS-Core] Enabled constraints: Radial, Sign
[MOS-Core] Radial weight: 1.0
[MOS-Core] Sign weight: 0.5, layer_reduce: quantile
[MOS-Core]   Radial threshold: 298.0905
[MOS-Core]   Sign threshold: 1.5476

[MOS-Core] Initializing population (size=10)...
[MOS-Core] adaptive_guided_init=True alpha_feasible=0.001953 scales=[0.0, 0.000390625, 0.00078125, 0.001171875, 0.0015625, 0.001953125]
[MOS-Core] Generated 6 scale-based seeds: [0.0, 0.000390625, 0.00078125, 0.001171875, 0.0015625, 0.001953125]
[MOS-Core] Historical seed injected at position 3
[MOS-Core] historical_raw_norm=0.434149
[MOS-Core] historical_direction_norm=1.000000
[MOS-Core] historical_seed_target_scale=149.045242
[MOS-Core] historical_seed_final_norm=149.045242
[MOS-Core] Generated 4 random candidates (noise_scale=0.1)
[MOS-Core] Initial population norms: min=0.0000, mean=70.8249, max=214.4480
[MOS-Core] Budget ratios: min=0.0000, mean=0.2376, max=0.7194
[MOS-Core] Clipped ratio: 0.00%
[MOS-Core] Historical seed used: True

[MOS-Core] Starting NSGA-II evolution...
[MOS-Core] Generations: 100
[MOS-Core] Population size: 10
[MOS-Core] SBX eta: 15.0, crossover_prob: 0.9
[MOS-Core] Mutation scale: 0.05
[MOS-Core] Gen 1/100:
  Stealth: mean=0.914, best=1.000
  Destructiveness: mean=0.338, best=0.582
  CV: mean=0.0000, min=0.0000
  Feasibility: count=10, ratio=100.00%
  Max feasible destruct: 0.582
  Pareto front size: 10
  Budget ratio: mean=0.018, max=0.039
  Radial: mean_ratio=0.018, max_ratio=0.039, mean_score=0.983
  Sign: mean_ratio=0.339, max_ratio=0.661, mean_score=0.778
[MOS-Core] Gen 10/100:
  Stealth: mean=0.912, best=1.000
  Destructiveness: mean=0.316, best=0.588
  CV: mean=0.0000, min=0.0000
  Feasibility: count=10, ratio=100.00%
  Max feasible destruct: 0.588
  Pareto front size: 10
  Budget ratio: mean=0.030, max=0.087
  Radial: mean_ratio=0.030, max_ratio=0.087, mean_score=0.972
  Sign: mean_ratio=0.311, max_ratio=0.677, mean_score=0.794
[MOS-Core] Gen 20/100:
  Stealth: mean=0.900, best=1.000
  Destructiveness: mean=0.318, best=0.597
  CV: mean=0.0000, min=0.0000
  Feasibility: count=10, ratio=100.00%
  Max feasible destruct: 0.597
  Pareto front size: 10
  Budget ratio: mean=0.046, max=0.126
  Radial: mean_ratio=0.046, max_ratio=0.126, mean_score=0.958
  Sign: mean_ratio=0.337, max_ratio=0.805, mean_score=0.785
[MOS-Core] Gen 30/100:
  Stealth: mean=0.887, best=1.000
  Destructiveness: mean=0.343, best=0.604
  CV: mean=0.0000, min=0.0000
  Feasibility: count=10, ratio=100.00%
  Max feasible destruct: 0.604
  Pareto front size: 10
  Budget ratio: mean=0.059, max=0.182
  Radial: mean_ratio=0.059, max_ratio=0.182, mean_score=0.947
  Sign: mean_ratio=0.371, max_ratio=0.794, mean_score=0.765
[MOS-Core] Gen 40/100:
  Stealth: mean=0.887, best=1.000
  Destructiveness: mean=0.343, best=0.609
  CV: mean=0.0000, min=0.0000
  Feasibility: count=10, ratio=100.00%
  Max feasible destruct: 0.609
  Pareto front size: 10
  Budget ratio: mean=0.059, max=0.211
  Radial: mean_ratio=0.059, max_ratio=0.211, mean_score=0.948
  Sign: mean_ratio=0.371, max_ratio=0.807, mean_score=0.765
[MOS-Core] Gen 50/100:
  Stealth: mean=0.864, best=1.000
  Destructiveness: mean=0.381, best=0.613
  CV: mean=0.0000, min=0.0000
  Feasibility: count=10, ratio=100.00%
  Max feasible destruct: 0.613
  Pareto front size: 10
  Budget ratio: mean=0.085, max=0.219
  Radial: mean_ratio=0.085, max_ratio=0.219, mean_score=0.926
  Sign: mean_ratio=0.421, max_ratio=0.837, mean_score=0.739
[MOS-Core] Gen 60/100:
  Stealth: mean=0.858, best=1.000
  Destructiveness: mean=0.383, best=0.620
  CV: mean=0.0000, min=0.0000
  Feasibility: count=10, ratio=100.00%
  Max feasible destruct: 0.620
  Pareto front size: 10
  Budget ratio: mean=0.094, max=0.241
  Radial: mean_ratio=0.094, max_ratio=0.241, mean_score=0.919
  Sign: mean_ratio=0.424, max_ratio=0.832, mean_score=0.737
[MOS-Core] Gen 70/100:
  Stealth: mean=0.856, best=1.000
  Destructiveness: mean=0.384, best=0.631
  CV: mean=0.0000, min=0.0000
  Feasibility: count=10, ratio=100.00%
  Max feasible destruct: 0.631
  Pareto front size: 10
  Budget ratio: mean=0.097, max=0.283
  Radial: mean_ratio=0.097, max_ratio=0.283, mean_score=0.917
  Sign: mean_ratio=0.433, max_ratio=0.953, mean_score=0.735
[MOS-Core] Gen 80/100:
  Stealth: mean=0.866, best=1.000
  Destructiveness: mean=0.371, best=0.640
  CV: mean=0.0000, min=0.0000
  Feasibility: count=10, ratio=100.00%
  Max feasible destruct: 0.640
  Pareto front size: 10
  Budget ratio: mean=0.085, max=0.288
  Radial: mean_ratio=0.085, max_ratio=0.288, mean_score=0.927
  Sign: mean_ratio=0.404, max_ratio=0.913, mean_score=0.745
[MOS-Core] Gen 90/100:
  Stealth: mean=0.849, best=1.000
  Destructiveness: mean=0.389, best=0.649
  CV: mean=0.0000, min=0.0000
  Feasibility: count=10, ratio=100.00%
  Max feasible destruct: 0.649
  Pareto front size: 10
  Budget ratio: mean=0.109, max=0.298
  Radial: mean_ratio=0.109, max_ratio=0.298, mean_score=0.909
  Sign: mean_ratio=0.447, max_ratio=0.972, mean_score=0.729
[MOS-Core] Gen 100/100:
  Stealth: mean=0.846, best=1.000
  Destructiveness: mean=0.390, best=0.658
  CV: mean=0.0000, min=0.0000
  Feasibility: count=10, ratio=100.00%
  Max feasible destruct: 0.658
  Pareto front size: 10
  Budget ratio: mean=0.115, max=0.324
  Radial: mean_ratio=0.115, max_ratio=0.324, mean_score=0.905
  Sign: mean_ratio=0.445, max_ratio=0.943, mean_score=0.729

[MOS-Core] Selecting final solution...
[MOS-Core] Selection parameters:
  Lambda_s (stealth weight): 0.50
  Lambda_a (attack weight): 0.50
  Attack floor ratio: 0.0658

[MOS-Core] Feasibility summary:
  Feasible solutions: 10
  Feasible ratio: 100.00%
  Selection mode: feasible
  Min CV in front: 0.0000

[MOS-Core] Pareto front summary:
  Front size: 10
  Stealth range: [0.675, 1.000]
  Destructiveness range: [0.000, 0.658]
  CV range: [0.0000, 0.0000]
  Candidates after attack floor: 9

[MOS-Core] Selected solution (index=3):
[MOS-Core]   Constraint pass score (R): 0.887
[MOS-Core]   Destructiveness (A): 0.466
[MOS-Core]   Total CV: 0.0000
[MOS-Core]   Deviation norm: 0.4658
[MOS-Core]   Budget usage: 0.16%
[MOS-Core] selection_mode=balanced_knee
[MOS-Core] selected_budget_ratio=0.001563
[MOS-Core] selected_stealth=0.887357
[MOS-Core] selected_destructiveness=0.465763
[MOS-Core] selected_cv=0.000000
[MOS-Core] selected_feasible=True
[MOS-Core] selected_guidance_alignment=1.000000
[MOS-Core] Per-constraint details:
[MOS-Core]   Radial: score=0.998, ratio=0.002, loss=0.4658, threshold=298.0905
[MOS-Core]   Sign: score=0.665, ratio=0.503, loss=0.7789, threshold=1.5476

[MOS-Core] Generating 10 malicious updates...
[MOS-Core] Template noise scale: 0.0001
[MOS-Core] Output norms: min=0.4662, mean=0.4662, max=0.4665
[MOS-Core] Attack completed successfully
============================================================

attack:mos_attack
defend:multi_krum
t  16: train_loss = 1.631, test_acc = 33.970
attack numbers = 4
current iteration attack ratio: 0.16

============================================================
[MOS-Core] Starting MOS-Attack
============================================================
[MOS-Core] Total parameters: 11,183,582
[MOS-Core] Benign clients: 21
[MOS-Core] Malicious slots: 4
[MOS-Core] Benign mean norm: 311.4147
[MOS-Core] Benign std (mean): 0.0010
[MOS-Core] ce_raw_norm=3380813.75
[MOS-Core] cw_raw_norm=3380813.75
[MOS-Core] ce_valid=True
[MOS-Core] cw_valid=True
[MOS-Core] ce_cw_cosine=0.9999999403953552
[MOS-Core] combined_pre_norm=0.9999999403953552
[MOS-Core] historical_direction_valid=True
[MOS-Core] historical_direction_norm=0.46576642990112305
[MOS-Core] guidance_history_cosine=0.974970817565918
[MOS-Core] guidance_source=ce_cw_combined
[MOS-Core] guidance_fallback_used=False
[MOS-Core] final_guidance_norm=1.000000
[MOS-Core] Base radial threshold (q=0.95): 338.0764
[MOS-Core] Attack budget ratio: 1.0
[MOS-Core] current_budget=338.076385
[MOS-Core] current_budget_valid=True

[MOS-Core] Initializing constraints...
[MOS-Core] Enabled constraints: Radial, Sign
[MOS-Core] Radial weight: 1.0
[MOS-Core] Sign weight: 0.5, layer_reduce: quantile
[MOS-Core]   Radial threshold: 338.0764
[MOS-Core]   Sign threshold: 1.8127

[MOS-Core] Initializing population (size=10)...
[MOS-Core] adaptive_guided_init=True alpha_feasible=0.001953 scales=[0.0, 0.000390625, 0.00078125, 0.001171875, 0.0015625, 0.001953125]
[MOS-Core] Generated 6 scale-based seeds: [0.0, 0.000390625, 0.00078125, 0.001171875, 0.0015625, 0.001953125]
[MOS-Core] Historical seed injected at position 3
[MOS-Core] historical_raw_norm=0.465766
[MOS-Core] historical_direction_norm=1.000000
[MOS-Core] historical_seed_target_scale=169.038193
[MOS-Core] historical_seed_final_norm=169.038193
[MOS-Core] Generated 4 random candidates (noise_scale=0.1)
[MOS-Core] Initial population norms: min=0.0000, mean=98.4977, max=297.8022
[MOS-Core] Budget ratios: min=0.0000, mean=0.2913, max=0.8809
[MOS-Core] Clipped ratio: 0.00%
[MOS-Core] Historical seed used: True

[MOS-Core] Starting NSGA-II evolution...
[MOS-Core] Generations: 100
[MOS-Core] Population size: 10
[MOS-Core] SBX eta: 15.0, crossover_prob: 0.9
[MOS-Core] Mutation scale: 0.05
[MOS-Core] Gen 1/100:
  Stealth: mean=0.930, best=1.000
  Destructiveness: mean=0.251, best=0.660
  CV: mean=0.0000, min=0.0000
  Feasibility: count=10, ratio=100.00%
  Max feasible destruct: 0.660
  Pareto front size: 7
  Budget ratio: mean=0.017, max=0.036
  Radial: mean_ratio=0.017, max_ratio=0.036, mean_score=0.984
  Sign: mean_ratio=0.278, max_ratio=0.847, mean_score=0.821
[MOS-Core] Gen 10/100:
  Stealth: mean=0.894, best=1.000
  Destructiveness: mean=0.385, best=0.670
  CV: mean=0.0000, min=0.0000
  Feasibility: count=10, ratio=100.00%
  Max feasible destruct: 0.670
  Pareto front size: 10
  Budget ratio: mean=0.027, max=0.093
  Radial: mean_ratio=0.027, max_ratio=0.093, mean_score=0.974
  Sign: mean_ratio=0.440, max_ratio=0.847, mean_score=0.734
[MOS-Core] Gen 20/100:
  Stealth: mean=0.887, best=1.000
  Destructiveness: mean=0.385, best=0.675
  CV: mean=0.0000, min=0.0000
  Feasibility: count=10, ratio=100.00%
  Max feasible destruct: 0.675
  Pareto front size: 10
  Budget ratio: mean=0.039, max=0.135
  Radial: mean_ratio=0.039, max_ratio=0.135, mean_score=0.964
  Sign: mean_ratio=0.446, max_ratio=0.867, mean_score=0.732
[MOS-Core] Gen 30/100:
  Stealth: mean=0.869, best=1.000
  Destructiveness: mean=0.428, best=0.683
  CV: mean=0.0000, min=0.0000
  Feasibility: count=10, ratio=100.00%
  Max feasible destruct: 0.683
  Pareto front size: 10
  Budget ratio: mean=0.056, max=0.161
  Radial: mean_ratio=0.056, max_ratio=0.161, mean_score=0.950
  Sign: mean_ratio=0.502, max_ratio=0.872, mean_score=0.707
[MOS-Core] Gen 40/100:
  Stealth: mean=0.866, best=1.000
  Destructiveness: mean=0.392, best=0.694
  CV: mean=0.0000, min=0.0000
  Feasibility: count=10, ratio=100.00%
  Max feasible destruct: 0.694
  Pareto front size: 10
  Budget ratio: mean=0.076, max=0.185
  Radial: mean_ratio=0.076, max_ratio=0.185, mean_score=0.933
  Sign: mean_ratio=0.447, max_ratio=0.902, mean_score=0.732
[MOS-Core] Gen 50/100:
  Stealth: mean=0.864, best=1.000
  Destructiveness: mean=0.392, best=0.700
  CV: mean=0.0000, min=0.0000
  Feasibility: count=10, ratio=100.00%
  Max feasible destruct: 0.700
  Pareto front size: 10
  Budget ratio: mean=0.079, max=0.203
  Radial: mean_ratio=0.079, max_ratio=0.203, mean_score=0.931
  Sign: mean_ratio=0.450, max_ratio=0.919, mean_score=0.731
[MOS-Core] Gen 60/100:
  Stealth: mean=0.853, best=1.000
  Destructiveness: mean=0.433, best=0.709
  CV: mean=0.0000, min=0.0000
  Feasibility: count=10, ratio=100.00%
  Max feasible destruct: 0.709
  Pareto front size: 10
  Budget ratio: mean=0.082, max=0.231
  Radial: mean_ratio=0.082, max_ratio=0.231, mean_score=0.928
  Sign: mean_ratio=0.517, max_ratio=0.996, mean_score=0.701
[MOS-Core] Gen 70/100:
  Stealth: mean=0.855, best=1.000
  Destructiveness: mean=0.434, best=0.717
  CV: mean=0.0000, min=0.0000
  Feasibility: count=10, ratio=100.00%
  Max feasible destruct: 0.717
  Pareto front size: 10
  Budget ratio: mean=0.080, max=0.261
  Radial: mean_ratio=0.080, max_ratio=0.261, mean_score=0.930
  Sign: mean_ratio=0.515, max_ratio=0.994, mean_score=0.705
[MOS-Core] Gen 80/100:
  Stealth: mean=0.860, best=1.000
  Destructiveness: mean=0.395, best=0.723
  CV: mean=0.0000, min=0.0000
  Feasibility: count=10, ratio=100.00%
  Max feasible destruct: 0.723
  Pareto front size: 10
  Budget ratio: mean=0.089, max=0.275
  Radial: mean_ratio=0.089, max_ratio=0.275, mean_score=0.924
  Sign: mean_ratio=0.449, max_ratio=0.977, mean_score=0.733
[MOS-Core] Gen 90/100:
  Stealth: mean=0.874, best=1.000
  Destructiveness: mean=0.340, best=0.731
  CV: mean=0.0000, min=0.0000
  Feasibility: count=10, ratio=100.00%
  Max feasible destruct: 0.731
  Pareto front size: 10
  Budget ratio: mean=0.085, max=0.292
  Radial: mean_ratio=0.085, max_ratio=0.292, mean_score=0.926
  Sign: mean_ratio=0.375, max_ratio=0.982, mean_score=0.769
[MOS-Core] Gen 100/100:
  Stealth: mean=0.854, best=1.000
  Destructiveness: mean=0.401, best=0.736
  CV: mean=0.0000, min=0.0000
  Feasibility: count=10, ratio=100.00%
  Max feasible destruct: 0.736
  Pareto front size: 10
  Budget ratio: mean=0.099, max=0.285
  Radial: mean_ratio=0.099, max_ratio=0.285, mean_score=0.917
  Sign: mean_ratio=0.478, max_ratio=0.992, mean_score=0.730

[MOS-Core] Selecting final solution...
[MOS-Core] Selection parameters:
  Lambda_s (stealth weight): 0.50
  Lambda_a (attack weight): 0.50
  Attack floor ratio: 0.0736

[MOS-Core] Feasibility summary:
  Feasible solutions: 10
  Feasible ratio: 100.00%
  Selection mode: feasible
  Min CV in front: 0.0000

[MOS-Core] Pareto front summary:
  Front size: 10
  Stealth range: [0.686, 1.000]
  Destructiveness range: [0.000, 0.736]
  CV range: [0.0000, 0.0000]
  Candidates after attack floor: 9

[MOS-Core] Selected solution (index=2):
[MOS-Core]   Constraint pass score (R): 0.870
[MOS-Core]   Destructiveness (A): 0.528
[MOS-Core]   Total CV: 0.0000
[MOS-Core]   Deviation norm: 0.5282
[MOS-Core]   Budget usage: 0.16%
[MOS-Core] selection_mode=balanced_knee
[MOS-Core] selected_budget_ratio=0.001563
[MOS-Core] selected_stealth=0.870365
[MOS-Core] selected_destructiveness=0.528242
[MOS-Core] selected_cv=0.000000
[MOS-Core] selected_feasible=True
[MOS-Core] selected_guidance_alignment=1.000000
[MOS-Core] Per-constraint details:
[MOS-Core]   Radial: score=0.998, ratio=0.002, loss=0.5282, threshold=338.0764
[MOS-Core]   Sign: score=0.614, ratio=0.628, loss=1.1386, threshold=1.8127

[MOS-Core] Generating 4 malicious updates...
[MOS-Core] Template noise scale: 0.0001
[MOS-Core] Output norms: min=0.5286, mean=0.5287, max=0.5288
[MOS-Core] Attack completed successfully
============================================================

attack:mos_attack
defend:multi_krum
t  17: train_loss = 1.575, test_acc = 34.190
attack numbers = 4
current iteration attack ratio: 0.16

============================================================
[MOS-Core] Starting MOS-Attack
============================================================
[MOS-Core] Total parameters: 11,183,582
[MOS-Core] Benign clients: 21
[MOS-Core] Malicious slots: 4
[MOS-Core] Benign mean norm: 297.6177
[MOS-Core] Benign std (mean): 0.0011
[MOS-Core] ce_raw_norm=6042689.0
[MOS-Core] cw_raw_norm=6042689.0
[MOS-Core] ce_valid=True
[MOS-Core] cw_valid=True
[MOS-Core] ce_cw_cosine=1.0
[MOS-Core] combined_pre_norm=1.0
[MOS-Core] historical_direction_valid=True
[MOS-Core] historical_direction_norm=0.5282444357872009
[MOS-Core] guidance_history_cosine=0.9784711599349976
[MOS-Core] guidance_source=ce_cw_combined
[MOS-Core] guidance_fallback_used=False
[MOS-Core] final_guidance_norm=1.000000
[MOS-Core] Base radial threshold (q=0.95): 338.5205
[MOS-Core] Attack budget ratio: 1.0
[MOS-Core] current_budget=338.520538
[MOS-Core] current_budget_valid=True

[MOS-Core] Initializing constraints...
[MOS-Core] Enabled constraints: Radial, Sign
[MOS-Core] Radial weight: 1.0
[MOS-Core] Sign weight: 0.5, layer_reduce: quantile
[MOS-Core]   Radial threshold: 338.5205
[MOS-Core]   Sign threshold: 1.8589

[MOS-Core] Initializing population (size=10)...
[MOS-Core] adaptive_guided_init=True alpha_feasible=0.001953 scales=[0.0, 0.000390625, 0.00078125, 0.001171875, 0.0015625, 0.001953125]
[MOS-Core] Generated 6 scale-based seeds: [0.0, 0.000390625, 0.00078125, 0.001171875, 0.0015625, 0.001953125]
[MOS-Core] Historical seed injected at position 3
[MOS-Core] historical_raw_norm=0.528244
[MOS-Core] historical_direction_norm=1.000000
[MOS-Core] historical_seed_target_scale=169.260269
[MOS-Core] historical_seed_final_norm=169.260254
[MOS-Core] Generated 4 random candidates (noise_scale=0.1)
[MOS-Core] Initial population norms: min=0.0000, mean=83.7352, max=297.1316
[MOS-Core] Budget ratios: min=0.0000, mean=0.2474, max=0.8777
[MOS-Core] Clipped ratio: 0.00%
[MOS-Core] Historical seed used: True

[MOS-Core] Starting NSGA-II evolution...
[MOS-Core] Generations: 100
[MOS-Core] Population size: 10
[MOS-Core] SBX eta: 15.0, crossover_prob: 0.9
[MOS-Core] Mutation scale: 0.05
[MOS-Core] Gen 1/100:
  Stealth: mean=0.914, best=1.000
  Destructiveness: mean=0.326, best=0.663
  CV: mean=0.0154, min=0.0000
  Feasibility: count=9, ratio=90.00%
  Max feasible destruct: 0.663
  Pareto front size: 7
  Budget ratio: mean=0.019, max=0.039
  Radial: mean_ratio=0.019, max_ratio=0.039, mean_score=0.982
  Sign: mean_ratio=0.392, max_ratio=1.307, mean_score=0.778
[MOS-Core] Gen 10/100:
  Stealth: mean=0.903, best=1.000
  Destructiveness: mean=0.385, best=0.668
  CV: mean=0.0000, min=0.0000
  Feasibility: count=10, ratio=100.00%
  Max feasible destruct: 0.668
  Pareto front size: 10
  Budget ratio: mean=0.025, max=0.077
  Radial: mean_ratio=0.025, max_ratio=0.077, mean_score=0.977
  Sign: mean_ratio=0.398, max_ratio=0.791, mean_score=0.755
[MOS-Core] Gen 20/100:
  Stealth: mean=0.903, best=1.000
  Destructiveness: mean=0.360, best=0.675
  CV: mean=0.0000, min=0.0000
  Feasibility: count=10, ratio=100.00%
  Max feasible destruct: 0.675
  Pareto front size: 10
  Budget ratio: mean=0.038, max=0.107
  Radial: mean_ratio=0.038, max_ratio=0.107, mean_score=0.965
  Sign: mean_ratio=0.352, max_ratio=0.785, mean_score=0.779
[MOS-Core] Gen 30/100:
  Stealth: mean=0.898, best=1.000
  Destructiveness: mean=0.386, best=0.680
  CV: mean=0.0000, min=0.0000
  Feasibility: count=10, ratio=100.00%
  Max feasible destruct: 0.680
  Pareto front size: 10
  Budget ratio: mean=0.034, max=0.140
  Radial: mean_ratio=0.034, max_ratio=0.140, mean_score=0.969
  Sign: mean_ratio=0.398, max_ratio=0.805, mean_score=0.755
[MOS-Core] Gen 40/100:
  Stealth: mean=0.873, best=1.000
  Destructiveness: mean=0.429, best=0.689
  CV: mean=0.0000, min=0.0000
  Feasibility: count=10, ratio=100.00%
  Max feasible destruct: 0.689
  Pareto front size: 10
  Budget ratio: mean=0.057, max=0.176
  Radial: mean_ratio=0.057, max_ratio=0.176, mean_score=0.949
  Sign: mean_ratio=0.464, max_ratio=0.785, mean_score=0.721
[MOS-Core] Gen 50/100:
  Stealth: mean=0.875, best=1.000
  Destructiveness: mean=0.390, best=0.694
  CV: mean=0.0000, min=0.0000
  Feasibility: count=10, ratio=100.00%
  Max feasible destruct: 0.694
  Pareto front size: 10
  Budget ratio: mean=0.067, max=0.193
  Radial: mean_ratio=0.067, max_ratio=0.193, mean_score=0.941
  Sign: mean_ratio=0.414, max_ratio=0.813, mean_score=0.744
[MOS-Core] Gen 60/100:
  Stealth: mean=0.873, best=1.000
  Destructiveness: mean=0.392, best=0.699
  CV: mean=0.0000, min=0.0000
  Feasibility: count=10, ratio=100.00%
  Max feasible destruct: 0.699
  Pareto front size: 10
  Budget ratio: mean=0.074, max=0.200
  Radial: mean_ratio=0.074, max_ratio=0.200, mean_score=0.935
  Sign: mean_ratio=0.424, max_ratio=0.820, mean_score=0.747
[MOS-Core] Gen 70/100:
  Stealth: mean=0.873, best=1.000
  Destructiveness: mean=0.394, best=0.708
  CV: mean=0.0000, min=0.0000
  Feasibility: count=10, ratio=100.00%
  Max feasible destruct: 0.708
  Pareto front size: 10
  Budget ratio: mean=0.074, max=0.215
  Radial: mean_ratio=0.074, max_ratio=0.215, mean_score=0.936
  Sign: mean_ratio=0.427, max_ratio=0.844, mean_score=0.745
[MOS-Core] Gen 80/100:
  Stealth: mean=0.867, best=1.000
  Destructiveness: mean=0.409, best=0.718
  CV: mean=0.0000, min=0.0000
  Feasibility: count=10, ratio=100.00%
  Max feasible destruct: 0.718
  Pareto front size: 10
  Budget ratio: mean=0.079, max=0.232
  Radial: mean_ratio=0.079, max_ratio=0.232, mean_score=0.932
  Sign: mean_ratio=0.439, max_ratio=0.856, mean_score=0.738
[MOS-Core] Gen 90/100:
  Stealth: mean=0.841, best=1.000
  Destructiveness: mean=0.454, best=0.729
  CV: mean=0.0000, min=0.0000
  Feasibility: count=10, ratio=100.00%
  Max feasible destruct: 0.729
  Pareto front size: 10
  Budget ratio: mean=0.103, max=0.257
  Radial: mean_ratio=0.103, max_ratio=0.257, mean_score=0.911
  Sign: mean_ratio=0.513, max_ratio=0.949, mean_score=0.701
[MOS-Core] Gen 100/100:
  Stealth: mean=0.841, best=1.000
  Destructiveness: mean=0.443, best=0.740
  CV: mean=0.0000, min=0.0000
  Feasibility: count=10, ratio=100.00%
  Max feasible destruct: 0.740
  Pareto front size: 10
  Budget ratio: mean=0.109, max=0.280
  Radial: mean_ratio=0.109, max_ratio=0.280, mean_score=0.908
  Sign: mean_ratio=0.507, max_ratio=0.968, mean_score=0.706

[MOS-Core] Selecting final solution...
[MOS-Core] Selection parameters:
  Lambda_s (stealth weight): 0.50
  Lambda_a (attack weight): 0.50
  Attack floor ratio: 0.0740

[MOS-Core] Feasibility summary:
  Feasible solutions: 10
  Feasible ratio: 100.00%
  Selection mode: feasible
  Min CV in front: 0.0000

[MOS-Core] Pareto front summary:
  Front size: 10
  Stealth range: [0.690, 1.000]
  Destructiveness range: [0.000, 0.740]
  CV range: [0.0000, 0.0000]
  Candidates after attack floor: 8

[MOS-Core] Selected solution (index=4):
[MOS-Core]   Constraint pass score (R): 0.875
[MOS-Core]   Destructiveness (A): 0.529
[MOS-Core]   Total CV: 0.0000
[MOS-Core]   Deviation norm: 0.5289
[MOS-Core]   Budget usage: 0.16%
[MOS-Core] selection_mode=balanced_knee
[MOS-Core] selected_budget_ratio=0.001563
[MOS-Core] selected_stealth=0.875198
[MOS-Core] selected_destructiveness=0.528936
[MOS-Core] selected_cv=0.000000
[MOS-Core] selected_feasible=True
[MOS-Core] selected_guidance_alignment=1.000000
[MOS-Core] Per-constraint details:
[MOS-Core]   Radial: score=0.998, ratio=0.002, loss=0.5289, threshold=338.5205
[MOS-Core]   Sign: score=0.629, ratio=0.591, loss=1.0978, threshold=1.8589

[MOS-Core] Generating 4 malicious updates...
[MOS-Core] Template noise scale: 0.0001
[MOS-Core] Output norms: min=0.5294, mean=0.5295, max=0.5297
[MOS-Core] Attack completed successfully
============================================================

attack:mos_attack
defend:multi_krum
t  18: train_loss = 1.557, test_acc = 35.530
attack numbers = 7
current iteration attack ratio: 0.28

============================================================
[MOS-Core] Starting MOS-Attack
============================================================
[MOS-Core] Total parameters: 11,183,582
[MOS-Core] Benign clients: 18
[MOS-Core] Malicious slots: 7
[MOS-Core] Benign mean norm: 341.1640
[MOS-Core] Benign std (mean): 0.0010
[MOS-Core] ce_raw_norm=6941639.0
[MOS-Core] cw_raw_norm=6941639.0
[MOS-Core] ce_valid=True
[MOS-Core] cw_valid=True
[MOS-Core] ce_cw_cosine=0.9999998807907104
[MOS-Core] combined_pre_norm=1.0
[MOS-Core] historical_direction_valid=True
[MOS-Core] historical_direction_norm=0.528938353061676
[MOS-Core] guidance_history_cosine=0.9816446304321289
[MOS-Core] guidance_source=ce_cw_combined
[MOS-Core] guidance_fallback_used=False
[MOS-Core] final_guidance_norm=1.000000
[MOS-Core] Base radial threshold (q=0.95): 362.5685
[MOS-Core] Attack budget ratio: 1.0
[MOS-Core] current_budget=362.568481
[MOS-Core] current_budget_valid=True

[MOS-Core] Initializing constraints...
[MOS-Core] Enabled constraints: Radial, Sign
[MOS-Core] Radial weight: 1.0
[MOS-Core] Sign weight: 0.5, layer_reduce: quantile
[MOS-Core]   Radial threshold: 362.5685
[MOS-Core]   Sign threshold: 1.7631

[MOS-Core] Initializing population (size=10)...
[MOS-Core] adaptive_guided_init=True alpha_feasible=0.000977 scales=[0.0, 0.0001953125, 0.000390625, 0.0005859375, 0.00078125, 0.0009765625]
[MOS-Core] Generated 6 scale-based seeds: [0.0, 0.0001953125, 0.000390625, 0.0005859375, 0.00078125, 0.0009765625]
[MOS-Core] Historical seed injected at position 3
[MOS-Core] historical_raw_norm=0.528938
[MOS-Core] historical_direction_norm=1.000000
[MOS-Core] historical_seed_target_scale=181.284241
[MOS-Core] historical_seed_final_norm=181.284241
[MOS-Core] Generated 4 random candidates (noise_scale=0.1)
[MOS-Core] Initial population norms: min=0.0000, mean=67.2240, max=235.6040
[MOS-Core] Budget ratios: min=0.0000, mean=0.1854, max=0.6498
[MOS-Core] Clipped ratio: 0.00%
[MOS-Core] Historical seed used: True

[MOS-Core] Starting NSGA-II evolution...
[MOS-Core] Generations: 100
[MOS-Core] Population size: 10
[MOS-Core] SBX eta: 15.0, crossover_prob: 0.9
[MOS-Core] Mutation scale: 0.05
[MOS-Core] Gen 1/100:
  Stealth: mean=0.928, best=1.000
  Destructiveness: mean=0.227, best=0.354
  CV: mean=0.0000, min=0.0000
  Feasibility: count=10, ratio=100.00%
  Max feasible destruct: 0.354
  Pareto front size: 7
  Budget ratio: mean=0.016, max=0.034
  Radial: mean_ratio=0.016, max_ratio=0.034, mean_score=0.984
  Sign: mean_ratio=0.258, max_ratio=0.463, mean_score=0.815
[MOS-Core] Gen 10/100:
  Stealth: mean=0.929, best=1.000
  Destructiveness: mean=0.213, best=0.358
  CV: mean=0.0000, min=0.0000
  Feasibility: count=10, ratio=100.00%
  Max feasible destruct: 0.358
  Pareto front size: 10
  Budget ratio: mean=0.023, max=0.086
  Radial: mean_ratio=0.023, max_ratio=0.086, mean_score=0.978
  Sign: mean_ratio=0.230, max_ratio=0.463, mean_score=0.830
[MOS-Core] Gen 20/100:
  Stealth: mean=0.927, best=1.000
  Destructiveness: mean=0.214, best=0.362
  CV: mean=0.0000, min=0.0000
  Feasibility: count=10, ratio=100.00%
  Max feasible destruct: 0.362
  Pareto front size: 10
  Budget ratio: mean=0.027, max=0.104
  Radial: mean_ratio=0.027, max_ratio=0.104, mean_score=0.974
  Sign: mean_ratio=0.228, max_ratio=0.463, mean_score=0.831
[MOS-Core] Gen 30/100:
  Stealth: mean=0.916, best=1.000
  Destructiveness: mean=0.222, best=0.366
  CV: mean=0.0000, min=0.0000
  Feasibility: count=10, ratio=100.00%
  Max feasible destruct: 0.366
  Pareto front size: 10
  Budget ratio: mean=0.040, max=0.133
  Radial: mean_ratio=0.040, max_ratio=0.133, mean_score=0.963
  Sign: mean_ratio=0.245, max_ratio=0.491, mean_score=0.823
[MOS-Core] Gen 40/100:
  Stealth: mean=0.905, best=1.000
  Destructiveness: mean=0.237, best=0.368
  CV: mean=0.0000, min=0.0000
  Feasibility: count=10, ratio=100.00%
  Max feasible destruct: 0.368
  Pareto front size: 10
  Budget ratio: mean=0.051, max=0.182
  Radial: mean_ratio=0.051, max_ratio=0.182, mean_score=0.955
  Sign: mean_ratio=0.272, max_ratio=0.509, mean_score=0.805
[MOS-Core] Gen 50/100:
  Stealth: mean=0.903, best=1.000
  Destructiveness: mean=0.238, best=0.374
  CV: mean=0.0000, min=0.0000
  Feasibility: count=10, ratio=100.00%
  Max feasible destruct: 0.374
  Pareto front size: 10
  Budget ratio: mean=0.053, max=0.185
  Radial: mean_ratio=0.053, max_ratio=0.185, mean_score=0.954
  Sign: mean_ratio=0.278, max_ratio=0.527, mean_score=0.802
[MOS-Core] Gen 60/100:
  Stealth: mean=0.900, best=1.000
  Destructiveness: mean=0.238, best=0.379
  CV: mean=0.0000, min=0.0000
  Feasibility: count=10, ratio=100.00%
  Max feasible destruct: 0.379
  Pareto front size: 10
  Budget ratio: mean=0.058, max=0.238
  Radial: mean_ratio=0.058, max_ratio=0.238, mean_score=0.950
  Sign: mean_ratio=0.282, max_ratio=0.560, mean_score=0.800
[MOS-Core] Gen 70/100:
  Stealth: mean=0.892, best=1.000
  Destructiveness: mean=0.240, best=0.384
  CV: mean=0.0000, min=0.0000
  Feasibility: count=10, ratio=100.00%
  Max feasible destruct: 0.384
  Pareto front size: 10
  Budget ratio: mean=0.073, max=0.271
  Radial: mean_ratio=0.073, max_ratio=0.271, mean_score=0.940
  Sign: mean_ratio=0.292, max_ratio=0.597, mean_score=0.797
[MOS-Core] Gen 80/100:
  Stealth: mean=0.888, best=1.000
  Destructiveness: mean=0.241, best=0.390
  CV: mean=0.0000, min=0.0000
  Feasibility: count=10, ratio=100.00%
  Max feasible destruct: 0.390
  Pareto front size: 10
  Budget ratio: mean=0.078, max=0.270
  Radial: mean_ratio=0.078, max_ratio=0.270, mean_score=0.935
  Sign: mean_ratio=0.297, max_ratio=0.601, mean_score=0.794
[MOS-Core] Gen 90/100:
  Stealth: mean=0.884, best=1.000
  Destructiveness: mean=0.242, best=0.396
  CV: mean=0.0000, min=0.0000
  Feasibility: count=10, ratio=100.00%
  Max feasible destruct: 0.396
  Pareto front size: 10
  Budget ratio: mean=0.085, max=0.296
  Radial: mean_ratio=0.085, max_ratio=0.296, mean_score=0.930
  Sign: mean_ratio=0.301, max_ratio=0.604, mean_score=0.792
[MOS-Core] Gen 100/100:
  Stealth: mean=0.888, best=1.000
  Destructiveness: mean=0.242, best=0.402
  CV: mean=0.0000, min=0.0000
  Feasibility: count=10, ratio=100.00%
  Max feasible destruct: 0.402
  Pareto front size: 10
  Budget ratio: mean=0.076, max=0.283
  Radial: mean_ratio=0.076, max_ratio=0.283, mean_score=0.937
  Sign: mean_ratio=0.309, max_ratio=0.730, mean_score=0.790

[MOS-Core] Selecting final solution...
[MOS-Core] Selection parameters:
  Lambda_s (stealth weight): 0.50
  Lambda_a (attack weight): 0.50
  Attack floor ratio: 0.0402

[MOS-Core] Feasibility summary:
  Feasible solutions: 10
  Feasible ratio: 100.00%
  Selection mode: feasible
  Min CV in front: 0.0000

[MOS-Core] Pareto front summary:
  Front size: 10
  Stealth range: [0.712, 1.000]
  Destructiveness range: [0.000, 0.402]
  CV range: [0.0000, 0.0000]
  Candidates after attack floor: 9

[MOS-Core] Selected solution (index=6):
[MOS-Core]   Constraint pass score (R): 0.922
[MOS-Core]   Destructiveness (A): 0.283
[MOS-Core]   Total CV: 0.0000
[MOS-Core]   Deviation norm: 0.2833
[MOS-Core]   Budget usage: 0.08%
[MOS-Core] selection_mode=balanced_knee
[MOS-Core] selected_budget_ratio=0.000781
[MOS-Core] selected_stealth=0.921938
[MOS-Core] selected_destructiveness=0.283255
[MOS-Core] selected_cv=0.000000
[MOS-Core] selected_feasible=True
[MOS-Core] selected_guidance_alignment=1.000000
[MOS-Core] Per-constraint details:
[MOS-Core]   Radial: score=0.999, ratio=0.001, loss=0.2833, threshold=362.5685
[MOS-Core]   Sign: score=0.767, ratio=0.303, loss=0.5345, threshold=1.7631

[MOS-Core] Generating 7 malicious updates...
[MOS-Core] Template noise scale: 0.0001
[MOS-Core] Output norms: min=0.2840, mean=0.2842, max=0.2843
[MOS-Core] Attack completed successfully
============================================================

attack:mos_attack
defend:multi_krum
t  19: train_loss = 1.537, test_acc = 41.700
attack numbers = 3
current iteration attack ratio: 0.12

============================================================
[MOS-Core] Starting MOS-Attack
============================================================
[MOS-Core] Total parameters: 11,183,582
[MOS-Core] Benign clients: 22
[MOS-Core] Malicious slots: 3
[MOS-Core] Benign mean norm: 191.7266
[MOS-Core] Benign std (mean): 0.0012
[MOS-Core] ce_raw_norm=10825816.0
[MOS-Core] cw_raw_norm=10825816.0
[MOS-Core] ce_valid=True
[MOS-Core] cw_valid=True
[MOS-Core] ce_cw_cosine=1.0000001192092896
[MOS-Core] combined_pre_norm=1.0
[MOS-Core] historical_direction_valid=True
[MOS-Core] historical_direction_norm=0.2832566201686859
[MOS-Core] guidance_history_cosine=0.9850910902023315
[MOS-Core] guidance_source=ce_cw_combined
[MOS-Core] guidance_fallback_used=False
[MOS-Core] final_guidance_norm=1.000000
[MOS-Core] Base radial threshold (q=0.95): 448.9692
[MOS-Core] Attack budget ratio: 1.0
[MOS-Core] current_budget=448.969208
[MOS-Core] current_budget_valid=True

[MOS-Core] Initializing constraints...
[MOS-Core] Enabled constraints: Radial, Sign
[MOS-Core] Radial weight: 1.0
[MOS-Core] Sign weight: 0.5, layer_reduce: quantile
[MOS-Core]   Radial threshold: 448.9692
[MOS-Core]   Sign threshold: 2.0264

[MOS-Core] Initializing population (size=10)...
[MOS-Core] adaptive_guided_init=True alpha_feasible=0.000977 scales=[0.0, 0.0001953125, 0.000390625, 0.0005859375, 0.00078125, 0.0009765625]
[MOS-Core] Generated 6 scale-based seeds: [0.0, 0.0001953125, 0.000390625, 0.0005859375, 0.00078125, 0.0009765625]
[MOS-Core] Historical seed injected at position 3
[MOS-Core] historical_raw_norm=0.283257
[MOS-Core] historical_direction_norm=1.000000
[MOS-Core] historical_seed_target_scale=224.484604
[MOS-Core] historical_seed_final_norm=224.484604
[MOS-Core] Generated 4 random candidates (noise_scale=0.1)
[MOS-Core] Initial population norms: min=0.0000, mean=125.6777, max=376.6127
[MOS-Core] Budget ratios: min=0.0000, mean=0.2799, max=0.8388
[MOS-Core] Clipped ratio: 0.00%
[MOS-Core] Historical seed used: True

[MOS-Core] Starting NSGA-II evolution...
[MOS-Core] Generations: 100
[MOS-Core] Population size: 10
[MOS-Core] SBX eta: 15.0, crossover_prob: 0.9
[MOS-Core] Mutation scale: 0.05
[MOS-Core] Gen 1/100:
  Stealth: mean=0.921, best=1.000
  Destructiveness: mean=0.169, best=0.438
  CV: mean=0.1534, min=0.0000
  Feasibility: count=9, ratio=90.00%
  Max feasible destruct: 0.438
  Pareto front size: 5
  Budget ratio: mean=0.017, max=0.036
  Radial: mean_ratio=0.017, max_ratio=0.036, mean_score=0.984
  Sign: mean_ratio=0.590, max_ratio=4.068, mean_score=0.794
[MOS-Core] Gen 10/100:
  Stealth: mean=0.903, best=1.000
  Destructiveness: mean=0.290, best=0.443
  CV: mean=0.0000, min=0.0000
  Feasibility: count=10, ratio=100.00%
  Max feasible destruct: 0.443
  Pareto front size: 10
  Budget ratio: mean=0.032, max=0.102
  Radial: mean_ratio=0.032, max_ratio=0.102, mean_score=0.970
  Sign: mean_ratio=0.347, max_ratio=0.613, mean_score=0.769
[MOS-Core] Gen 20/100:
  Stealth: mean=0.901, best=1.000
  Destructiveness: mean=0.274, best=0.448
  CV: mean=0.0000, min=0.0000
  Feasibility: count=10, ratio=100.00%
  Max feasible destruct: 0.448
  Pareto front size: 10
  Budget ratio: mean=0.045, max=0.134
  Radial: mean_ratio=0.045, max_ratio=0.134, mean_score=0.959
  Sign: mean_ratio=0.323, max_ratio=0.621, mean_score=0.784
[MOS-Core] Gen 30/100:
  Stealth: mean=0.902, best=1.000
  Destructiveness: mean=0.266, best=0.453
  CV: mean=0.0000, min=0.0000
  Feasibility: count=10, ratio=100.00%
  Max feasible destruct: 0.453
  Pareto front size: 10
  Budget ratio: mean=0.046, max=0.150
  Radial: mean_ratio=0.046, max_ratio=0.150, mean_score=0.958
  Sign: mean_ratio=0.308, max_ratio=0.641, mean_score=0.791
[MOS-Core] Gen 40/100:
  Stealth: mean=0.887, best=1.000
  Destructiveness: mean=0.294, best=0.458
  CV: mean=0.0000, min=0.0000
  Feasibility: count=10, ratio=100.00%
  Max feasible destruct: 0.458
  Pareto front size: 10
  Budget ratio: mean=0.057, max=0.169
  Radial: mean_ratio=0.057, max_ratio=0.169, mean_score=0.949
  Sign: mean_ratio=0.362, max_ratio=0.658, mean_score=0.762
[MOS-Core] Gen 50/100:
  Stealth: mean=0.885, best=1.000
  Destructiveness: mean=0.295, best=0.467
  CV: mean=0.0000, min=0.0000
  Feasibility: count=10, ratio=100.00%
  Max feasible destruct: 0.467
  Pareto front size: 10
  Budget ratio: mean=0.061, max=0.181
  Radial: mean_ratio=0.061, max_ratio=0.181, mean_score=0.946
  Sign: mean_ratio=0.364, max_ratio=0.729, mean_score=0.762
[MOS-Core] Gen 60/100:
  Stealth: mean=0.881, best=1.000
  Destructiveness: mean=0.296, best=0.474
  CV: mean=0.0000, min=0.0000
  Feasibility: count=10, ratio=100.00%
  Max feasible destruct: 0.474
  Pareto front size: 10
  Budget ratio: mean=0.067, max=0.227
  Radial: mean_ratio=0.067, max_ratio=0.227, mean_score=0.942
  Sign: mean_ratio=0.366, max_ratio=0.759, mean_score=0.761
[MOS-Core] Gen 70/100:
  Stealth: mean=0.872, best=1.000
  Destructiveness: mean=0.301, best=0.487
  CV: mean=0.0000, min=0.0000
  Feasibility: count=10, ratio=100.00%
  Max feasible destruct: 0.487
  Pareto front size: 10
  Budget ratio: mean=0.082, max=0.248
  Radial: mean_ratio=0.082, max_ratio=0.248, mean_score=0.930
  Sign: mean_ratio=0.384, max_ratio=0.810, mean_score=0.755
[MOS-Core] Gen 80/100:
  Stealth: mean=0.869, best=1.000
  Destructiveness: mean=0.302, best=0.492
  CV: mean=0.0000, min=0.0000
  Feasibility: count=10, ratio=100.00%
  Max feasible destruct: 0.492
  Pareto front size: 10
  Budget ratio: mean=0.088, max=0.253
  Radial: mean_ratio=0.088, max_ratio=0.253, mean_score=0.925
  Sign: mean_ratio=0.384, max_ratio=0.788, mean_score=0.755
[MOS-Core] Gen 90/100:
  Stealth: mean=0.861, best=1.000
  Destructiveness: mean=0.304, best=0.496
  CV: mean=0.0000, min=0.0000
  Feasibility: count=10, ratio=100.00%
  Max feasible destruct: 0.496
  Pareto front size: 10
  Budget ratio: mean=0.100, max=0.301
  Radial: mean_ratio=0.100, max_ratio=0.301, mean_score=0.916
  Sign: mean_ratio=0.393, max_ratio=0.819, mean_score=0.752
[MOS-Core] Gen 100/100:
  Stealth: mean=0.858, best=1.000
  Destructiveness: mean=0.306, best=0.504
  CV: mean=0.0000, min=0.0000
  Feasibility: count=10, ratio=100.00%
  Max feasible destruct: 0.504
  Pareto front size: 10
  Budget ratio: mean=0.108, max=0.356
  Radial: mean_ratio=0.108, max_ratio=0.356, mean_score=0.911
  Sign: mean_ratio=0.397, max_ratio=0.849, mean_score=0.751

[MOS-Core] Selecting final solution...
[MOS-Core] Selection parameters:
  Lambda_s (stealth weight): 0.50
  Lambda_a (attack weight): 0.50
  Attack floor ratio: 0.0504

[MOS-Core] Feasibility summary:
  Feasible solutions: 10
  Feasible ratio: 100.00%
  Selection mode: feasible
  Min CV in front: 0.0000

[MOS-Core] Pareto front summary:
  Front size: 10
  Stealth range: [0.672, 1.000]
  Destructiveness range: [0.000, 0.504]
  CV range: [0.0000, 0.0000]
  Candidates after attack floor: 9

[MOS-Core] Selected solution (index=2):
[MOS-Core]   Constraint pass score (R): 0.900
[MOS-Core]   Destructiveness (A): 0.351
[MOS-Core]   Total CV: 0.0000
[MOS-Core]   Deviation norm: 0.3508
[MOS-Core]   Budget usage: 0.08%
[MOS-Core] selection_mode=balanced_knee
[MOS-Core] selected_budget_ratio=0.000781
[MOS-Core] selected_stealth=0.899598
[MOS-Core] selected_destructiveness=0.350756
[MOS-Core] selected_cv=0.000000
[MOS-Core] selected_feasible=True
[MOS-Core] selected_guidance_alignment=1.000000
[MOS-Core] Per-constraint details:
[MOS-Core]   Radial: score=0.999, ratio=0.001, loss=0.3508, threshold=448.9692
[MOS-Core]   Sign: score=0.700, ratio=0.428, loss=0.8670, threshold=2.0264

[MOS-Core] Generating 3 malicious updates...
[MOS-Core] Template noise scale: 0.0001
[MOS-Core] Output norms: min=0.3517, mean=0.3518, max=0.3520
[MOS-Core] Attack completed successfully
============================================================

attack:mos_attack
defend:multi_krum
t  20: train_loss = 1.514, test_acc = 41.080
attack numbers = 2
current iteration attack ratio: 0.08

============================================================
[MOS-Core] Starting MOS-Attack
============================================================
[MOS-Core] Total parameters: 11,183,582
[MOS-Core] Benign clients: 23
[MOS-Core] Malicious slots: 2
[MOS-Core] Benign mean norm: 289.8954
[MOS-Core] Benign std (mean): 0.0011
[MOS-Core] ce_raw_norm=12901750.0
[MOS-Core] cw_raw_norm=12901750.0
[MOS-Core] ce_valid=True
[MOS-Core] cw_valid=True
[MOS-Core] ce_cw_cosine=1.0
[MOS-Core] combined_pre_norm=0.9999999403953552
[MOS-Core] historical_direction_valid=True
[MOS-Core] historical_direction_norm=0.3507572412490845
[MOS-Core] guidance_history_cosine=0.9930807948112488
[MOS-Core] guidance_source=ce_cw_combined
[MOS-Core] guidance_fallback_used=False
[MOS-Core] final_guidance_norm=1.000000
[MOS-Core] Base radial threshold (q=0.95): 395.3751
[MOS-Core] Attack budget ratio: 1.0
[MOS-Core] current_budget=395.375092
[MOS-Core] current_budget_valid=True

[MOS-Core] Initializing constraints...
[MOS-Core] Enabled constraints: Radial, Sign
[MOS-Core] Radial weight: 1.0
[MOS-Core] Sign weight: 0.5, layer_reduce: quantile
[MOS-Core]   Radial threshold: 395.3751
[MOS-Core]   Sign threshold: 2.0958

[MOS-Core] Initializing population (size=10)...
[MOS-Core] adaptive_guided_init=True alpha_feasible=0.000977 scales=[0.0, 0.0001953125, 0.000390625, 0.0005859375, 0.00078125, 0.0009765625]
[MOS-Core] Generated 6 scale-based seeds: [0.0, 0.0001953125, 0.000390625, 0.0005859375, 0.00078125, 0.0009765625]
[MOS-Core] Historical seed injected at position 3
[MOS-Core] historical_raw_norm=0.350757
[MOS-Core] historical_direction_norm=1.000000
[MOS-Core] historical_seed_target_scale=197.687546
[MOS-Core] historical_seed_final_norm=197.687546
[MOS-Core] Generated 4 random candidates (noise_scale=0.1)
[MOS-Core] Initial population norms: min=0.0000, mean=114.1986, max=355.9652
[MOS-Core] Budget ratios: min=0.0000, mean=0.2888, max=0.9003
[MOS-Core] Clipped ratio: 0.00%
[MOS-Core] Historical seed used: True

[MOS-Core] Starting NSGA-II evolution...
[MOS-Core] Generations: 100
[MOS-Core] Population size: 10
[MOS-Core] SBX eta: 15.0, crossover_prob: 0.9
[MOS-Core] Mutation scale: 0.05
[MOS-Core] Gen 1/100:
  Stealth: mean=0.935, best=1.000
  Destructiveness: mean=0.224, best=0.387
  CV: mean=0.0000, min=0.0000
  Feasibility: count=10, ratio=100.00%
  Max feasible destruct: 0.387
  Pareto front size: 7
  Budget ratio: mean=0.015, max=0.032
  Radial: mean_ratio=0.015, max_ratio=0.032, mean_score=0.985
  Sign: mean_ratio=0.226, max_ratio=0.445, mean_score=0.836
[MOS-Core] Gen 10/100:
  Stealth: mean=0.928, best=1.000
  Destructiveness: mean=0.233, best=0.392
  CV: mean=0.0000, min=0.0000
  Feasibility: count=10, ratio=100.00%
  Max feasible destruct: 0.392
  Pareto front size: 10
  Budget ratio: mean=0.025, max=0.080
  Radial: mean_ratio=0.025, max_ratio=0.080, mean_score=0.976
  Sign: mean_ratio=0.225, max_ratio=0.469, mean_score=0.833
[MOS-Core] Gen 20/100:
  Stealth: mean=0.921, best=1.000
  Destructiveness: mean=0.234, best=0.399
  CV: mean=0.0000, min=0.0000
  Feasibility: count=10, ratio=100.00%
  Max feasible destruct: 0.399
  Pareto front size: 10
  Budget ratio: mean=0.036, max=0.116
  Radial: mean_ratio=0.036, max_ratio=0.116, mean_score=0.966
  Sign: mean_ratio=0.232, max_ratio=0.506, mean_score=0.830
[MOS-Core] Gen 30/100:
  Stealth: mean=0.909, best=1.000
  Destructiveness: mean=0.259, best=0.406
  CV: mean=0.0000, min=0.0000
  Feasibility: count=10, ratio=100.00%
  Max feasible destruct: 0.406
  Pareto front size: 10
  Budget ratio: mean=0.043, max=0.150
  Radial: mean_ratio=0.043, max_ratio=0.150, mean_score=0.961
  Sign: mean_ratio=0.274, max_ratio=0.523, mean_score=0.805
[MOS-Core] Gen 40/100:
  Stealth: mean=0.907, best=1.000
  Destructiveness: mean=0.260, best=0.415
  CV: mean=0.0000, min=0.0000
  Feasibility: count=10, ratio=100.00%
  Max feasible destruct: 0.415
  Pareto front size: 10
  Budget ratio: mean=0.046, max=0.179
  Radial: mean_ratio=0.046, max_ratio=0.179, mean_score=0.959
  Sign: mean_ratio=0.278, max_ratio=0.541, mean_score=0.803
[MOS-Core] Gen 50/100:
  Stealth: mean=0.907, best=1.000
  Destructiveness: mean=0.260, best=0.419
  CV: mean=0.0000, min=0.0000
  Feasibility: count=10, ratio=100.00%
  Max feasible destruct: 0.419
  Pareto front size: 10
  Budget ratio: mean=0.046, max=0.205
  Radial: mean_ratio=0.046, max_ratio=0.205, mean_score=0.959
  Sign: mean_ratio=0.277, max_ratio=0.545, mean_score=0.804
[MOS-Core] Gen 60/100:
  Stealth: mean=0.901, best=1.000
  Destructiveness: mean=0.263, best=0.426
  CV: mean=0.0000, min=0.0000
  Feasibility: count=10, ratio=100.00%
  Max feasible destruct: 0.426
  Pareto front size: 10
  Budget ratio: mean=0.059, max=0.217
  Radial: mean_ratio=0.059, max_ratio=0.217, mean_score=0.949
  Sign: mean_ratio=0.278, max_ratio=0.544, mean_score=0.803
[MOS-Core] Gen 70/100:
  Stealth: mean=0.894, best=1.000
  Destructiveness: mean=0.272, best=0.431
  CV: mean=0.0000, min=0.0000
  Feasibility: count=10, ratio=100.00%
  Max feasible destruct: 0.431
  Pareto front size: 10
  Budget ratio: mean=0.065, max=0.223
  Radial: mean_ratio=0.065, max_ratio=0.223, mean_score=0.945
  Sign: mean_ratio=0.295, max_ratio=0.566, mean_score=0.794
[MOS-Core] Gen 80/100:
  Stealth: mean=0.884, best=1.000
  Destructiveness: mean=0.266, best=0.439
  CV: mean=0.0000, min=0.0000
  Feasibility: count=10, ratio=100.00%
  Max feasible destruct: 0.439
  Pareto front size: 10
  Budget ratio: mean=0.081, max=0.219
  Radial: mean_ratio=0.081, max_ratio=0.219, mean_score=0.930
  Sign: mean_ratio=0.303, max_ratio=0.616, mean_score=0.792
[MOS-Core] Gen 90/100:
  Stealth: mean=0.890, best=1.000
  Destructiveness: mean=0.268, best=0.457
  CV: mean=0.0000, min=0.0000
  Feasibility: count=10, ratio=100.00%
  Max feasible destruct: 0.457
  Pareto front size: 10
  Budget ratio: mean=0.074, max=0.241
  Radial: mean_ratio=0.074, max_ratio=0.241, mean_score=0.937
  Sign: mean_ratio=0.299, max_ratio=0.631, mean_score=0.795
[MOS-Core] Gen 100/100:
  Stealth: mean=0.890, best=1.000
  Destructiveness: mean=0.262, best=0.476
  CV: mean=0.0000, min=0.0000
  Feasibility: count=10, ratio=100.00%
  Max feasible destruct: 0.476
  Pareto front size: 10
  Budget ratio: mean=0.076, max=0.267
  Radial: mean_ratio=0.076, max_ratio=0.267, mean_score=0.935
  Sign: mean_ratio=0.290, max_ratio=0.660, mean_score=0.800

[MOS-Core] Selecting final solution...
[MOS-Core] Selection parameters:
  Lambda_s (stealth weight): 0.50
  Lambda_a (attack weight): 0.50
  Attack floor ratio: 0.0476

[MOS-Core] Feasibility summary:
  Feasible solutions: 10
  Feasible ratio: 100.00%
  Selection mode: feasible
  Min CV in front: 0.0000

[MOS-Core] Pareto front summary:
  Front size: 10
  Stealth range: [0.727, 1.000]
  Destructiveness range: [0.000, 0.476]
  CV range: [0.0000, 0.0000]
  Candidates after attack floor: 9

[MOS-Core] Selected solution (index=8):
[MOS-Core]   Constraint pass score (R): 0.898
[MOS-Core]   Destructiveness (A): 0.386
[MOS-Core]   Total CV: 0.0000
[MOS-Core]   Deviation norm: 0.3861
[MOS-Core]   Budget usage: 0.10%
[MOS-Core] selection_mode=balanced_knee
[MOS-Core] selected_budget_ratio=0.000977
[MOS-Core] selected_stealth=0.897646
[MOS-Core] selected_destructiveness=0.386107
[MOS-Core] selected_cv=0.000000
[MOS-Core] selected_feasible=True
[MOS-Core] selected_guidance_alignment=1.000000
[MOS-Core] Per-constraint details:
[MOS-Core]   Radial: score=0.999, ratio=0.001, loss=0.3861, threshold=395.3751
[MOS-Core]   Sign: score=0.695, ratio=0.439, loss=0.9202, threshold=2.0958

[MOS-Core] Generating 2 malicious updates...
[MOS-Core] Template noise scale: 0.0001
[MOS-Core] Output norms: min=0.3867, mean=0.3868, max=0.3868
[MOS-Core] Attack completed successfully
============================================================

attack:mos_attack
defend:multi_krum
t  21: train_loss = 1.491, test_acc = 44.980
attack numbers = 6
current iteration attack ratio: 0.24

============================================================
[MOS-Core] Starting MOS-Attack
============================================================
[MOS-Core] Total parameters: 11,183,582
[MOS-Core] Benign clients: 19
[MOS-Core] Malicious slots: 6
[MOS-Core] Benign mean norm: 218.5447
[MOS-Core] Benign std (mean): 0.0011
[MOS-Core] ce_raw_norm=14365929.0
[MOS-Core] cw_raw_norm=14365929.0
[MOS-Core] ce_valid=True
[MOS-Core] cw_valid=True
[MOS-Core] ce_cw_cosine=1.0
[MOS-Core] combined_pre_norm=1.0
[MOS-Core] historical_direction_valid=True
[MOS-Core] historical_direction_norm=0.38610854744911194
[MOS-Core] guidance_history_cosine=0.9908359050750732
[MOS-Core] guidance_source=ce_cw_combined
[MOS-Core] guidance_fallback_used=False
[MOS-Core] final_guidance_norm=1.000000
[MOS-Core] Base radial threshold (q=0.95): 333.1165
[MOS-Core] Attack budget ratio: 1.0
[MOS-Core] current_budget=333.116486
[MOS-Core] current_budget_valid=True

[MOS-Core] Initializing constraints...
[MOS-Core] Enabled constraints: Radial, Sign
[MOS-Core] Radial weight: 1.0
[MOS-Core] Sign weight: 0.5, layer_reduce: quantile
[MOS-Core]   Radial threshold: 333.1165
[MOS-Core]   Sign threshold: 1.6620

[MOS-Core] Initializing population (size=10)...
[MOS-Core] adaptive_guided_init=True alpha_feasible=0.001953 scales=[0.0, 0.000390625, 0.00078125, 0.001171875, 0.0015625, 0.001953125]
[MOS-Core] Generated 6 scale-based seeds: [0.0, 0.000390625, 0.00078125, 0.001171875, 0.0015625, 0.001953125]
[MOS-Core] Historical seed injected at position 3
[MOS-Core] historical_raw_norm=0.386109
[MOS-Core] historical_direction_norm=1.000000
[MOS-Core] historical_seed_target_scale=166.558243
[MOS-Core] historical_seed_final_norm=166.558243
[MOS-Core] Generated 4 random candidates (noise_scale=0.1)
[MOS-Core] Initial population norms: min=0.0000, mean=70.6103, max=192.4001
[MOS-Core] Budget ratios: min=0.0000, mean=0.2120, max=0.5776
[MOS-Core] Clipped ratio: 0.00%
[MOS-Core] Historical seed used: True

[MOS-Core] Starting NSGA-II evolution...
[MOS-Core] Generations: 100
[MOS-Core] Population size: 10
[MOS-Core] SBX eta: 15.0, crossover_prob: 0.9
[MOS-Core] Mutation scale: 0.05
[MOS-Core] Gen 1/100:
  Stealth: mean=0.925, best=1.000
  Destructiveness: mean=0.247, best=0.651
  CV: mean=0.0000, min=0.0000
  Feasibility: count=10, ratio=100.00%
  Max feasible destruct: 0.651
  Pareto front size: 8
  Budget ratio: mean=0.017, max=0.037
  Radial: mean_ratio=0.017, max_ratio=0.037, mean_score=0.983
  Sign: mean_ratio=0.317, max_ratio=0.999, mean_score=0.807
[MOS-Core] Gen 10/100:
  Stealth: mean=0.902, best=1.000
  Destructiveness: mean=0.326, best=0.653
  CV: mean=0.0000, min=0.0000
  Feasibility: count=10, ratio=100.00%
  Max feasible destruct: 0.653
  Pareto front size: 10
  Budget ratio: mean=0.024, max=0.061
  Radial: mean_ratio=0.024, max_ratio=0.061, mean_score=0.978
  Sign: mean_ratio=0.427, max_ratio=0.999, mean_score=0.751
[MOS-Core] Gen 20/100:
  Stealth: mean=0.882, best=1.000
  Destructiveness: mean=0.379, best=0.661
  CV: mean=0.0000, min=0.0000
  Feasibility: count=10, ratio=100.00%
  Max feasible destruct: 0.661
  Pareto front size: 10
  Budget ratio: mean=0.033, max=0.115
  Radial: mean_ratio=0.033, max_ratio=0.115, mean_score=0.970
  Sign: mean_ratio=0.517, max_ratio=0.999, mean_score=0.707
[MOS-Core] Gen 30/100:
  Stealth: mean=0.878, best=1.000
  Destructiveness: mean=0.381, best=0.671
  CV: mean=0.0000, min=0.0000
  Feasibility: count=10, ratio=100.00%
  Max feasible destruct: 0.671
  Pareto front size: 10
  Budget ratio: mean=0.039, max=0.141
  Radial: mean_ratio=0.039, max_ratio=0.141, mean_score=0.964
  Sign: mean_ratio=0.525, max_ratio=0.999, mean_score=0.704
[MOS-Core] Gen 40/100:
  Stealth: mean=0.883, best=1.000
  Destructiveness: mean=0.355, best=0.680
  CV: mean=0.0000, min=0.0000
  Feasibility: count=10, ratio=100.00%
  Max feasible destruct: 0.680
  Pareto front size: 10
  Budget ratio: mean=0.043, max=0.171
  Radial: mean_ratio=0.043, max_ratio=0.171, mean_score=0.961
  Sign: mean_ratio=0.476, max_ratio=0.999, mean_score=0.726
[MOS-Core] Gen 50/100:
  Stealth: mean=0.876, best=1.000
  Destructiveness: mean=0.382, best=0.685
  CV: mean=0.0000, min=0.0000
  Feasibility: count=10, ratio=100.00%
  Max feasible destruct: 0.685
  Pareto front size: 10
  Budget ratio: mean=0.045, max=0.177
  Radial: mean_ratio=0.045, max_ratio=0.177, mean_score=0.959
  Sign: mean_ratio=0.515, max_ratio=0.997, mean_score=0.709
[MOS-Core] Gen 60/100:
  Stealth: mean=0.864, best=1.000
  Destructiveness: mean=0.386, best=0.688
  CV: mean=0.0000, min=0.0000
  Feasibility: count=10, ratio=100.00%
  Max feasible destruct: 0.688
  Pareto front size: 10
  Budget ratio: mean=0.066, max=0.189
  Radial: mean_ratio=0.066, max_ratio=0.189, mean_score=0.942
  Sign: mean_ratio=0.521, max_ratio=0.999, mean_score=0.707
[MOS-Core] Gen 70/100:
  Stealth: mean=0.868, best=1.000
  Destructiveness: mean=0.384, best=0.692
  CV: mean=0.0000, min=0.0000
  Feasibility: count=10, ratio=100.00%
  Max feasible destruct: 0.692
  Pareto front size: 10
  Budget ratio: mean=0.058, max=0.196
  Radial: mean_ratio=0.058, max_ratio=0.196, mean_score=0.948
  Sign: mean_ratio=0.517, max_ratio=0.998, mean_score=0.708
[MOS-Core] Gen 80/100:
  Stealth: mean=0.847, best=1.000
  Destructiveness: mean=0.440, best=0.695
  CV: mean=0.0000, min=0.0000
  Feasibility: count=10, ratio=100.00%
  Max feasible destruct: 0.695
  Pareto front size: 10
  Budget ratio: mean=0.072, max=0.201
  Radial: mean_ratio=0.072, max_ratio=0.201, mean_score=0.937
  Sign: mean_ratio=0.608, max_ratio=0.995, mean_score=0.665
[MOS-Core] Gen 90/100:
  Stealth: mean=0.870, best=1.000
  Destructiveness: mean=0.362, best=0.701
  CV: mean=0.0000, min=0.0000
  Feasibility: count=10, ratio=100.00%
  Max feasible destruct: 0.701
  Pareto front size: 10
  Budget ratio: mean=0.068, max=0.206
  Radial: mean_ratio=0.068, max_ratio=0.206, mean_score=0.940
  Sign: mean_ratio=0.471, max_ratio=0.993, mean_score=0.728
[MOS-Core] Gen 100/100:
  Stealth: mean=0.863, best=1.000
  Destructiveness: mean=0.398, best=0.704
  CV: mean=0.0000, min=0.0000
  Feasibility: count=10, ratio=100.00%
  Max feasible destruct: 0.704
  Pareto front size: 10
  Budget ratio: mean=0.060, max=0.227
  Radial: mean_ratio=0.060, max_ratio=0.227, mean_score=0.947
  Sign: mean_ratio=0.536, max_ratio=0.999, mean_score=0.694

[MOS-Core] Selecting final solution...
[MOS-Core] Selection parameters:
  Lambda_s (stealth weight): 0.50
  Lambda_a (attack weight): 0.50
  Attack floor ratio: 0.0704

[MOS-Core] Feasibility summary:
  Feasible solutions: 10
  Feasible ratio: 100.00%
  Selection mode: feasible
  Min CV in front: 0.0000

[MOS-Core] Pareto front summary:
  Front size: 10
  Stealth range: [0.710, 1.000]
  Destructiveness range: [0.000, 0.704]
  CV range: [0.0000, 0.0000]
  Candidates after attack floor: 9

[MOS-Core] Selected solution (index=4):
[MOS-Core]   Constraint pass score (R): 0.856
[MOS-Core]   Destructiveness (A): 0.520
[MOS-Core]   Total CV: 0.0000
[MOS-Core]   Deviation norm: 0.5205
[MOS-Core]   Budget usage: 0.16%
[MOS-Core] selection_mode=balanced_knee
[MOS-Core] selected_budget_ratio=0.001563
[MOS-Core] selected_stealth=0.855686
[MOS-Core] selected_destructiveness=0.520492
[MOS-Core] selected_cv=0.000000
[MOS-Core] selected_feasible=True
[MOS-Core] selected_guidance_alignment=1.000000
[MOS-Core] Per-constraint details:
[MOS-Core]   Radial: score=0.998, ratio=0.002, loss=0.5205, threshold=333.1165
[MOS-Core]   Sign: score=0.570, ratio=0.754, loss=1.2529, threshold=1.6620

[MOS-Core] Generating 6 malicious updates...
[MOS-Core] Template noise scale: 0.0001
[MOS-Core] Output norms: min=0.5209, mean=0.5210, max=0.5210
[MOS-Core] Attack completed successfully
============================================================

attack:mos_attack
defend:multi_krum
t  22: train_loss = 1.508, test_acc = 32.510
attack numbers = 6
current iteration attack ratio: 0.24

============================================================
[MOS-Core] Starting MOS-Attack
============================================================
[MOS-Core] Total parameters: 11,183,582
[MOS-Core] Benign clients: 19
[MOS-Core] Malicious slots: 6
[MOS-Core] Benign mean norm: 355.0307
[MOS-Core] Benign std (mean): 0.0012
[MOS-Core] ce_raw_norm=32450016.0
[MOS-Core] cw_raw_norm=32450016.0
[MOS-Core] ce_valid=True
[MOS-Core] cw_valid=True
[MOS-Core] ce_cw_cosine=1.0
[MOS-Core] combined_pre_norm=1.0
[MOS-Core] historical_direction_valid=True
[MOS-Core] historical_direction_norm=0.5204945206642151
[MOS-Core] guidance_history_cosine=0.9898437857627869
[MOS-Core] guidance_source=ce_cw_combined
[MOS-Core] guidance_fallback_used=False
[MOS-Core] final_guidance_norm=1.000000
[MOS-Core] Base radial threshold (q=0.95): 428.8145
[MOS-Core] Attack budget ratio: 1.0
[MOS-Core] current_budget=428.814453
[MOS-Core] current_budget_valid=True

[MOS-Core] Initializing constraints...
[MOS-Core] Enabled constraints: Radial, Sign
[MOS-Core] Radial weight: 1.0
[MOS-Core] Sign weight: 0.5, layer_reduce: quantile
[MOS-Core]   Radial threshold: 428.8145
[MOS-Core]   Sign threshold: 1.8703

[MOS-Core] Initializing population (size=10)...
[MOS-Core] adaptive_guided_init=True alpha_feasible=0.000977 scales=[0.0, 0.0001953125, 0.000390625, 0.0005859375, 0.00078125, 0.0009765625]
[MOS-Core] Generated 6 scale-based seeds: [0.0, 0.0001953125, 0.000390625, 0.0005859375, 0.00078125, 0.0009765625]
[MOS-Core] Historical seed injected at position 3
[MOS-Core] historical_raw_norm=0.520495
[MOS-Core] historical_direction_norm=1.000000
[MOS-Core] historical_seed_target_scale=214.407227
[MOS-Core] historical_seed_final_norm=214.407227
[MOS-Core] Generated 4 random candidates (noise_scale=0.1)
[MOS-Core] Initial population norms: min=0.0000, mean=59.0807, max=214.4072
[MOS-Core] Budget ratios: min=0.0000, mean=0.1378, max=0.5000
[MOS-Core] Clipped ratio: 0.00%
[MOS-Core] Historical seed used: True

[MOS-Core] Starting NSGA-II evolution...
[MOS-Core] Generations: 100
[MOS-Core] Population size: 10
[MOS-Core] SBX eta: 15.0, crossover_prob: 0.9
[MOS-Core] Mutation scale: 0.05
[MOS-Core] Gen 1/100:
  Stealth: mean=0.944, best=1.000
  Destructiveness: mean=0.210, best=0.419
  CV: mean=0.0000, min=0.0000
  Feasibility: count=10, ratio=100.00%
  Max feasible destruct: 0.419
  Pareto front size: 6
  Budget ratio: mean=0.017, max=0.040
  Radial: mean_ratio=0.017, max_ratio=0.040, mean_score=0.983
  Sign: mean_ratio=0.181, max_ratio=0.430, mean_score=0.866
[MOS-Core] Gen 10/100:
  Stealth: mean=0.922, best=1.000
  Destructiveness: mean=0.278, best=0.425
  CV: mean=0.0000, min=0.0000
  Feasibility: count=10, ratio=100.00%
  Max feasible destruct: 0.425
  Pareto front size: 10
  Budget ratio: mean=0.027, max=0.080
  Radial: mean_ratio=0.027, max_ratio=0.080, mean_score=0.974
  Sign: mean_ratio=0.246, max_ratio=0.423, mean_score=0.818
[MOS-Core] Gen 20/100:
  Stealth: mean=0.917, best=1.000
  Destructiveness: mean=0.279, best=0.431
  CV: mean=0.0000, min=0.0000
  Feasibility: count=10, ratio=100.00%
  Max feasible destruct: 0.431
  Pareto front size: 10
  Budget ratio: mean=0.035, max=0.110
  Radial: mean_ratio=0.035, max_ratio=0.110, mean_score=0.967
  Sign: mean_ratio=0.252, max_ratio=0.445, mean_score=0.815
[MOS-Core] Gen 30/100:
  Stealth: mean=0.908, best=1.000
  Destructiveness: mean=0.281, best=0.439
  CV: mean=0.0000, min=0.0000
  Feasibility: count=10, ratio=100.00%
  Max feasible destruct: 0.439
  Pareto front size: 10
  Budget ratio: mean=0.050, max=0.168
  Radial: mean_ratio=0.050, max_ratio=0.168, mean_score=0.955
  Sign: mean_ratio=0.254, max_ratio=0.462, mean_score=0.814
[MOS-Core] Gen 40/100:
  Stealth: mean=0.908, best=1.000
  Destructiveness: mean=0.281, best=0.445
  CV: mean=0.0000, min=0.0000
  Feasibility: count=10, ratio=100.00%
  Max feasible destruct: 0.445
  Pareto front size: 10
  Budget ratio: mean=0.052, max=0.201
  Radial: mean_ratio=0.052, max_ratio=0.201, mean_score=0.955
  Sign: mean_ratio=0.254, max_ratio=0.465, mean_score=0.814
[MOS-Core] Gen 50/100:
  Stealth: mean=0.903, best=1.000
  Destructiveness: mean=0.284, best=0.451
  CV: mean=0.0000, min=0.0000
  Feasibility: count=10, ratio=100.00%
  Max feasible destruct: 0.451
  Pareto front size: 10
  Budget ratio: mean=0.061, max=0.219
  Radial: mean_ratio=0.061, max_ratio=0.219, mean_score=0.948
  Sign: mean_ratio=0.258, max_ratio=0.469, mean_score=0.812
[MOS-Core] Gen 60/100:
  Stealth: mean=0.903, best=1.000
  Destructiveness: mean=0.284, best=0.456
  CV: mean=0.0000, min=0.0000
  Feasibility: count=10, ratio=100.00%
  Max feasible destruct: 0.456
  Pareto front size: 10
  Budget ratio: mean=0.059, max=0.224
  Radial: mean_ratio=0.059, max_ratio=0.224, mean_score=0.950
  Sign: mean_ratio=0.262, max_ratio=0.502, mean_score=0.810
[MOS-Core] Gen 70/100:
  Stealth: mean=0.900, best=1.000
  Destructiveness: mean=0.285, best=0.462
  CV: mean=0.0000, min=0.0000
  Feasibility: count=10, ratio=100.00%
  Max feasible destruct: 0.462
  Pareto front size: 10
  Budget ratio: mean=0.064, max=0.244
  Radial: mean_ratio=0.064, max_ratio=0.244, mean_score=0.946
  Sign: mean_ratio=0.263, max_ratio=0.523, mean_score=0.810
[MOS-Core] Gen 80/100:
  Stealth: mean=0.900, best=1.000
  Destructiveness: mean=0.285, best=0.470
  CV: mean=0.0000, min=0.0000
  Feasibility: count=10, ratio=100.00%
  Max feasible destruct: 0.470
  Pareto front size: 10
  Budget ratio: mean=0.063, max=0.251
  Radial: mean_ratio=0.063, max_ratio=0.251, mean_score=0.946
  Sign: mean_ratio=0.269, max_ratio=0.570, mean_score=0.807
[MOS-Core] Gen 90/100:
  Stealth: mean=0.898, best=1.000
  Destructiveness: mean=0.287, best=0.481
  CV: mean=0.0000, min=0.0000
  Feasibility: count=10, ratio=100.00%
  Max feasible destruct: 0.481
  Pareto front size: 10
  Budget ratio: mean=0.066, max=0.255
  Radial: mean_ratio=0.066, max_ratio=0.255, mean_score=0.944
  Sign: mean_ratio=0.272, max_ratio=0.583, mean_score=0.806
[MOS-Core] Gen 100/100:
  Stealth: mean=0.881, best=1.000
  Destructiveness: mean=0.303, best=0.489
  CV: mean=0.0000, min=0.0000
  Feasibility: count=10, ratio=100.00%
  Max feasible destruct: 0.489
  Pareto front size: 10
  Budget ratio: mean=0.091, max=0.278
  Radial: mean_ratio=0.091, max_ratio=0.278, mean_score=0.925
  Sign: mean_ratio=0.302, max_ratio=0.599, mean_score=0.792

[MOS-Core] Selecting final solution...
[MOS-Core] Selection parameters:
  Lambda_s (stealth weight): 0.50
  Lambda_a (attack weight): 0.50
  Attack floor ratio: 0.0489

[MOS-Core] Feasibility summary:
  Feasible solutions: 10
  Feasible ratio: 100.00%
  Selection mode: feasible
  Min CV in front: 0.0000

[MOS-Core] Pareto front summary:
  Front size: 10
  Stealth range: [0.731, 1.000]
  Destructiveness range: [0.000, 0.489]
  CV range: [0.0000, 0.0000]
  Candidates after attack floor: 9

[MOS-Core] Selected solution (index=7):
[MOS-Core]   Constraint pass score (R): 0.922
[MOS-Core]   Destructiveness (A): 0.335
[MOS-Core]   Total CV: 0.0000
[MOS-Core]   Deviation norm: 0.3350
[MOS-Core]   Budget usage: 0.08%
[MOS-Core] selection_mode=balanced_knee
[MOS-Core] selected_budget_ratio=0.000781
[MOS-Core] selected_stealth=0.922408
[MOS-Core] selected_destructiveness=0.335010
[MOS-Core] selected_cv=0.000000
[MOS-Core] selected_feasible=True
[MOS-Core] selected_guidance_alignment=1.000000
[MOS-Core] Per-constraint details:
[MOS-Core]   Radial: score=0.999, ratio=0.001, loss=0.3350, threshold=428.8145
[MOS-Core]   Sign: score=0.769, ratio=0.301, loss=0.5625, threshold=1.8703

[MOS-Core] Generating 6 malicious updates...
[MOS-Core] Template noise scale: 0.0001
[MOS-Core] Output norms: min=0.3360, mean=0.3362, max=0.3365
[MOS-Core] Attack completed successfully
============================================================

attack:mos_attack
defend:multi_krum
t  23: train_loss = 1.455, test_acc = 45.890
attack numbers = 6
current iteration attack ratio: 0.24

============================================================
[MOS-Core] Starting MOS-Attack
============================================================
[MOS-Core] Total parameters: 11,183,582
[MOS-Core] Benign clients: 19
[MOS-Core] Malicious slots: 6
[MOS-Core] Benign mean norm: 294.8167
[MOS-Core] Benign std (mean): 0.0011
[MOS-Core] ce_raw_norm=31449112.0
[MOS-Core] cw_raw_norm=31449112.0
[MOS-Core] ce_valid=True
[MOS-Core] cw_valid=True
[MOS-Core] ce_cw_cosine=0.9999998211860657
[MOS-Core] combined_pre_norm=0.9999998807907104
[MOS-Core] historical_direction_valid=True
[MOS-Core] historical_direction_norm=0.3350113034248352
[MOS-Core] guidance_history_cosine=0.981574296951294
[MOS-Core] guidance_source=ce_cw_combined
[MOS-Core] guidance_fallback_used=False
[MOS-Core] final_guidance_norm=1.000000
[MOS-Core] Base radial threshold (q=0.95): 303.3598
[MOS-Core] Attack budget ratio: 1.0
[MOS-Core] current_budget=303.359772
[MOS-Core] current_budget_valid=True

[MOS-Core] Initializing constraints...
[MOS-Core] Enabled constraints: Radial, Sign
[MOS-Core] Radial weight: 1.0
[MOS-Core] Sign weight: 0.5, layer_reduce: quantile
[MOS-Core]   Radial threshold: 303.3598
[MOS-Core]   Sign threshold: 1.8674

[MOS-Core] Initializing population (size=10)...
[MOS-Core] adaptive_guided_init=True alpha_feasible=0.001953 scales=[0.0, 0.000390625, 0.00078125, 0.001171875, 0.0015625, 0.001953125]
[MOS-Core] Generated 6 scale-based seeds: [0.0, 0.000390625, 0.00078125, 0.001171875, 0.0015625, 0.001953125]
[MOS-Core] Historical seed injected at position 3
[MOS-Core] historical_raw_norm=0.335011
[MOS-Core] historical_direction_norm=1.000000
[MOS-Core] historical_seed_target_scale=151.679886
[MOS-Core] historical_seed_final_norm=151.679886
[MOS-Core] Generated 4 random candidates (noise_scale=0.1)
[MOS-Core] Initial population norms: min=0.0000, mean=83.0482, max=226.1043
[MOS-Core] Budget ratios: min=0.0000, mean=0.2738, max=0.7453
[MOS-Core] Clipped ratio: 0.00%
[MOS-Core] Historical seed used: True

[MOS-Core] Starting NSGA-II evolution...
[MOS-Core] Generations: 100
[MOS-Core] Population size: 10
[MOS-Core] SBX eta: 15.0, crossover_prob: 0.9
[MOS-Core] Mutation scale: 0.05
[MOS-Core] Gen 1/100:
  Stealth: mean=0.895, best=1.000
  Destructiveness: mean=0.240, best=0.592
  CV: mean=0.1442, min=0.0000
  Feasibility: count=9, ratio=90.00%
  Max feasible destruct: 0.592
  Pareto front size: 7
  Budget ratio: mean=0.018, max=0.038
  Radial: mean_ratio=0.018, max_ratio=0.038, mean_score=0.982
  Sign: mean_ratio=0.696, max_ratio=3.884, mean_score=0.720
[MOS-Core] Gen 10/100:
  Stealth: mean=0.894, best=1.000
  Destructiveness: mean=0.322, best=0.603
  CV: mean=0.0000, min=0.0000
  Feasibility: count=10, ratio=100.00%
  Max feasible destruct: 0.603
  Pareto front size: 10
  Budget ratio: mean=0.034, max=0.114
  Radial: mean_ratio=0.034, max_ratio=0.114, mean_score=0.969
  Sign: mean_ratio=0.418, max_ratio=0.868, mean_score=0.745
[MOS-Core] Gen 20/100:
  Stealth: mean=0.884, best=1.000
  Destructiveness: mean=0.346, best=0.612
  CV: mean=0.0000, min=0.0000
  Feasibility: count=10, ratio=100.00%
  Max feasible destruct: 0.612
  Pareto front size: 10
  Budget ratio: mean=0.041, max=0.148
  Radial: mean_ratio=0.041, max_ratio=0.148, mean_score=0.963
  Sign: mean_ratio=0.456, max_ratio=0.883, mean_score=0.726
[MOS-Core] Gen 30/100:
  Stealth: mean=0.879, best=1.000
  Destructiveness: mean=0.348, best=0.625
  CV: mean=0.0000, min=0.0000
  Feasibility: count=10, ratio=100.00%
  Max feasible destruct: 0.625
  Pareto front size: 10
  Budget ratio: mean=0.047, max=0.168
  Radial: mean_ratio=0.047, max_ratio=0.168, mean_score=0.957
  Sign: mean_ratio=0.466, max_ratio=0.957, mean_score=0.723
[MOS-Core] Gen 40/100:
  Stealth: mean=0.866, best=1.000
  Destructiveness: mean=0.364, best=0.634
  CV: mean=0.0000, min=0.0000
  Feasibility: count=10, ratio=100.00%
  Max feasible destruct: 0.634
  Pareto front size: 10
  Budget ratio: mean=0.063, max=0.197
  Radial: mean_ratio=0.063, max_ratio=0.197, mean_score=0.945
  Sign: mean_ratio=0.494, max_ratio=0.974, mean_score=0.708
[MOS-Core] Gen 50/100:
  Stealth: mean=0.872, best=1.000
  Destructiveness: mean=0.351, best=0.647
  CV: mean=0.0000, min=0.0000
  Feasibility: count=10, ratio=100.00%
  Max feasible destruct: 0.647
  Pareto front size: 10
  Budget ratio: mean=0.060, max=0.227
  Radial: mean_ratio=0.060, max_ratio=0.227, mean_score=0.947
  Sign: mean_ratio=0.471, max_ratio=0.999, mean_score=0.722
[MOS-Core] Gen 60/100:
  Stealth: mean=0.857, best=1.000
  Destructiveness: mean=0.369, best=0.654
  CV: mean=0.0000, min=0.0000
  Feasibility: count=10, ratio=100.00%
  Max feasible destruct: 0.654
  Pareto front size: 10
  Budget ratio: mean=0.082, max=0.240
  Radial: mean_ratio=0.082, max_ratio=0.240, mean_score=0.930
  Sign: mean_ratio=0.500, max_ratio=0.982, mean_score=0.713
[MOS-Core] Gen 70/100:
  Stealth: mean=0.842, best=1.000
  Destructiveness: mean=0.394, best=0.661
  CV: mean=0.0000, min=0.0000
  Feasibility: count=10, ratio=100.00%
  Max feasible destruct: 0.661
  Pareto front size: 10
  Budget ratio: mean=0.096, max=0.249
  Radial: mean_ratio=0.096, max_ratio=0.249, mean_score=0.918
  Sign: mean_ratio=0.548, max_ratio=0.999, mean_score=0.690
[MOS-Core] Gen 80/100:
  Stealth: mean=0.843, best=1.000
  Destructiveness: mean=0.396, best=0.673
  CV: mean=0.0000, min=0.0000
  Feasibility: count=10, ratio=100.00%
  Max feasible destruct: 0.673
  Pareto front size: 10
  Budget ratio: mean=0.096, max=0.271
  Radial: mean_ratio=0.096, max_ratio=0.271, mean_score=0.918
  Sign: mean_ratio=0.549, max_ratio=0.999, mean_score=0.691
[MOS-Core] Gen 90/100:
  Stealth: mean=0.837, best=1.000
  Destructiveness: mean=0.397, best=0.675
  CV: mean=0.0000, min=0.0000
  Feasibility: count=10, ratio=100.00%
  Max feasible destruct: 0.675
  Pareto front size: 10
  Budget ratio: mean=0.104, max=0.269
  Radial: mean_ratio=0.104, max_ratio=0.269, mean_score=0.911
  Sign: mean_ratio=0.553, max_ratio=0.999, mean_score=0.688
[MOS-Core] Gen 100/100:
  Stealth: mean=0.839, best=1.000
  Destructiveness: mean=0.397, best=0.677
  CV: mean=0.0000, min=0.0000
  Feasibility: count=10, ratio=100.00%
  Max feasible destruct: 0.677
  Pareto front size: 10
  Budget ratio: mean=0.103, max=0.285
  Radial: mean_ratio=0.103, max_ratio=0.285, mean_score=0.913
  Sign: mean_ratio=0.548, max_ratio=0.986, mean_score=0.690

[MOS-Core] Selecting final solution...
[MOS-Core] Selection parameters:
  Lambda_s (stealth weight): 0.50
  Lambda_a (attack weight): 0.50
  Attack floor ratio: 0.0677

[MOS-Core] Feasibility summary:
  Feasible solutions: 10
  Feasible ratio: 100.00%
  Selection mode: feasible
  Min CV in front: 0.0000

[MOS-Core] Pareto front summary:
  Front size: 10
  Stealth range: [0.687, 1.000]
  Destructiveness range: [0.000, 0.677]
  CV range: [0.0000, 0.0000]
  Candidates after attack floor: 9

[MOS-Core] Selected solution (index=4):
[MOS-Core]   Constraint pass score (R): 0.867
[MOS-Core]   Destructiveness (A): 0.474
[MOS-Core]   Total CV: 0.0000
[MOS-Core]   Deviation norm: 0.4740
[MOS-Core]   Budget usage: 0.16%
[MOS-Core] selection_mode=balanced_knee
[MOS-Core] selected_budget_ratio=0.001563
[MOS-Core] selected_stealth=0.866534
[MOS-Core] selected_destructiveness=0.473997
[MOS-Core] selected_cv=0.000000
[MOS-Core] selected_feasible=True
[MOS-Core] selected_guidance_alignment=1.000000
[MOS-Core] Per-constraint details:
[MOS-Core]   Radial: score=0.998, ratio=0.002, loss=0.4740, threshold=303.3598
[MOS-Core]   Sign: score=0.603, ratio=0.659, loss=1.2309, threshold=1.8674

[MOS-Core] Generating 6 malicious updates...
[MOS-Core] Template noise scale: 0.0001
[MOS-Core] Output norms: min=0.4744, mean=0.4746, max=0.4747
[MOS-Core] Attack completed successfully
============================================================

attack:mos_attack
defend:multi_krum
t  24: train_loss = 1.446, test_acc = 38.470
attack numbers = 7
current iteration attack ratio: 0.28

============================================================
[MOS-Core] Starting MOS-Attack
============================================================
[MOS-Core] Total parameters: 11,183,582
[MOS-Core] Benign clients: 18
[MOS-Core] Malicious slots: 7
[MOS-Core] Benign mean norm: 350.3902
[MOS-Core] Benign std (mean): 0.0012
[MOS-Core] ce_raw_norm=70992912.0
[MOS-Core] cw_raw_norm=70992912.0
[MOS-Core] ce_valid=True
[MOS-Core] cw_valid=True
[MOS-Core] ce_cw_cosine=0.9999998807907104
[MOS-Core] combined_pre_norm=0.9999999403953552
[MOS-Core] historical_direction_valid=True
[MOS-Core] historical_direction_norm=0.47399964928627014
[MOS-Core] guidance_history_cosine=0.981635332107544
[MOS-Core] guidance_source=ce_cw_combined
[MOS-Core] guidance_fallback_used=False
[MOS-Core] final_guidance_norm=1.000000
[MOS-Core] Base radial threshold (q=0.95): 426.2254
[MOS-Core] Attack budget ratio: 1.0
[MOS-Core] current_budget=426.225403
[MOS-Core] current_budget_valid=True

[MOS-Core] Initializing constraints...
[MOS-Core] Enabled constraints: Radial, Sign
[MOS-Core] Radial weight: 1.0
[MOS-Core] Sign weight: 0.5, layer_reduce: quantile
[MOS-Core]   Radial threshold: 426.2254
[MOS-Core]   Sign threshold: 1.8701

[MOS-Core] Initializing population (size=10)...
[MOS-Core] adaptive_guided_init=True alpha_feasible=0.000977 scales=[0.0, 0.0001953125, 0.000390625, 0.0005859375, 0.00078125, 0.0009765625]
[MOS-Core] Generated 6 scale-based seeds: [0.0, 0.0001953125, 0.000390625, 0.0005859375, 0.00078125, 0.0009765625]
[MOS-Core] Historical seed injected at position 3
[MOS-Core] historical_raw_norm=0.474000
[MOS-Core] historical_direction_norm=1.000000
[MOS-Core] historical_seed_target_scale=213.112701
[MOS-Core] historical_seed_final_norm=213.112701
[MOS-Core] Generated 4 random candidates (noise_scale=0.1)
[MOS-Core] Initial population norms: min=0.0000, mean=109.8933, max=359.3897
[MOS-Core] Budget ratios: min=0.0000, mean=0.2578, max=0.8432
[MOS-Core] Clipped ratio: 0.00%
[MOS-Core] Historical seed used: True

[MOS-Core] Starting NSGA-II evolution...
[MOS-Core] Generations: 100
[MOS-Core] Population size: 10
[MOS-Core] SBX eta: 15.0, crossover_prob: 0.9
[MOS-Core] Mutation scale: 0.05
[MOS-Core] Gen 1/100:
  Stealth: mean=0.937, best=1.000
  Destructiveness: mean=0.225, best=0.417
  CV: mean=0.0000, min=0.0000
  Feasibility: count=10, ratio=100.00%
  Max feasible destruct: 0.417
  Pareto front size: 8
  Budget ratio: mean=0.017, max=0.038
  Radial: mean_ratio=0.017, max_ratio=0.038, mean_score=0.984
  Sign: mean_ratio=0.212, max_ratio=0.466, mean_score=0.843
[MOS-Core] Gen 10/100:
  Stealth: mean=0.923, best=1.000
  Destructiveness: mean=0.252, best=0.429
  CV: mean=0.0000, min=0.0000
  Feasibility: count=10, ratio=100.00%
  Max feasible destruct: 0.429
  Pareto front size: 10
  Budget ratio: mean=0.028, max=0.099
  Radial: mean_ratio=0.028, max_ratio=0.099, mean_score=0.973
  Sign: mean_ratio=0.241, max_ratio=0.472, mean_score=0.823
[MOS-Core] Gen 20/100:
  Stealth: mean=0.909, best=1.000
  Destructiveness: mean=0.279, best=0.437
  CV: mean=0.0000, min=0.0000
  Feasibility: count=10, ratio=100.00%
  Max feasible destruct: 0.437
  Pareto front size: 10
  Budget ratio: mean=0.039, max=0.117
  Radial: mean_ratio=0.039, max_ratio=0.117, mean_score=0.965
  Sign: mean_ratio=0.286, max_ratio=0.540, mean_score=0.797
[MOS-Core] Gen 30/100:
  Stealth: mean=0.909, best=1.000
  Destructiveness: mean=0.278, best=0.445
  CV: mean=0.0000, min=0.0000
  Feasibility: count=10, ratio=100.00%
  Max feasible destruct: 0.445
  Pareto front size: 10
  Budget ratio: mean=0.039, max=0.149
  Radial: mean_ratio=0.039, max_ratio=0.149, mean_score=0.964
  Sign: mean_ratio=0.286, max_ratio=0.567, mean_score=0.797
[MOS-Core] Gen 40/100:
  Stealth: mean=0.898, best=1.000
  Destructiveness: mean=0.291, best=0.455
  CV: mean=0.0000, min=0.0000
  Feasibility: count=10, ratio=100.00%
  Max feasible destruct: 0.455
  Pareto front size: 10
  Budget ratio: mean=0.051, max=0.158
  Radial: mean_ratio=0.051, max_ratio=0.158, mean_score=0.954
  Sign: mean_ratio=0.314, max_ratio=0.588, mean_score=0.784
[MOS-Core] Gen 50/100:
  Stealth: mean=0.892, best=1.000
  Destructiveness: mean=0.297, best=0.476
  CV: mean=0.0000, min=0.0000
  Feasibility: count=10, ratio=100.00%
  Max feasible destruct: 0.476
  Pareto front size: 10
  Budget ratio: mean=0.060, max=0.188
  Radial: mean_ratio=0.060, max_ratio=0.188, mean_score=0.948
  Sign: mean_ratio=0.323, max_ratio=0.617, mean_score=0.780
[MOS-Core] Gen 60/100:
  Stealth: mean=0.879, best=1.000
  Destructiveness: mean=0.301, best=0.487
  CV: mean=0.0000, min=0.0000
  Feasibility: count=10, ratio=100.00%
  Max feasible destruct: 0.487
  Pareto front size: 10
  Budget ratio: mean=0.080, max=0.191
  Radial: mean_ratio=0.080, max_ratio=0.191, mean_score=0.931
  Sign: mean_ratio=0.337, max_ratio=0.683, mean_score=0.775
[MOS-Core] Gen 70/100:
  Stealth: mean=0.889, best=1.000
  Destructiveness: mean=0.287, best=0.493
  CV: mean=0.0000, min=0.0000
  Feasibility: count=10, ratio=100.00%
  Max feasible destruct: 0.493
  Pareto front size: 10
  Budget ratio: mean=0.070, max=0.203
  Radial: mean_ratio=0.070, max_ratio=0.203, mean_score=0.939
  Sign: mean_ratio=0.307, max_ratio=0.702, mean_score=0.788
[MOS-Core] Gen 80/100:
  Stealth: mean=0.881, best=1.000
  Destructiveness: mean=0.295, best=0.504
  CV: mean=0.0000, min=0.0000
  Feasibility: count=10, ratio=100.00%
  Max feasible destruct: 0.504
  Pareto front size: 10
  Budget ratio: mean=0.079, max=0.232
  Radial: mean_ratio=0.079, max_ratio=0.232, mean_score=0.933
  Sign: mean_ratio=0.339, max_ratio=0.720, mean_score=0.776
[MOS-Core] Gen 90/100:
  Stealth: mean=0.880, best=1.000
  Destructiveness: mean=0.297, best=0.514
  CV: mean=0.0000, min=0.0000
  Feasibility: count=10, ratio=100.00%
  Max feasible destruct: 0.514
  Pareto front size: 10
  Budget ratio: mean=0.082, max=0.251
  Radial: mean_ratio=0.082, max_ratio=0.251, mean_score=0.931
  Sign: mean_ratio=0.334, max_ratio=0.735, mean_score=0.779
[MOS-Core] Gen 100/100:
  Stealth: mean=0.859, best=1.000
  Destructiveness: mean=0.326, best=0.531
  CV: mean=0.0000, min=0.0000
  Feasibility: count=10, ratio=100.00%
  Max feasible destruct: 0.531
  Pareto front size: 10
  Budget ratio: mean=0.102, max=0.256
  Radial: mean_ratio=0.102, max_ratio=0.256, mean_score=0.914
  Sign: mean_ratio=0.389, max_ratio=0.763, mean_score=0.748

[MOS-Core] Selecting final solution...
[MOS-Core] Selection parameters:
  Lambda_s (stealth weight): 0.50
  Lambda_a (attack weight): 0.50
  Attack floor ratio: 0.0531

[MOS-Core] Feasibility summary:
  Feasible solutions: 10
  Feasible ratio: 100.00%
  Selection mode: feasible
  Min CV in front: 0.0000

[MOS-Core] Pareto front summary:
  Front size: 10
  Stealth range: [0.720, 1.000]
  Destructiveness range: [0.000, 0.531]
  CV range: [0.0000, 0.0000]
  Candidates after attack floor: 9

[MOS-Core] Selected solution (index=6):
[MOS-Core]   Constraint pass score (R): 0.918
[MOS-Core]   Destructiveness (A): 0.333
[MOS-Core]   Total CV: 0.0000
[MOS-Core]   Deviation norm: 0.3330
[MOS-Core]   Budget usage: 0.08%
[MOS-Core] selection_mode=balanced_knee
[MOS-Core] selected_budget_ratio=0.000781
[MOS-Core] selected_stealth=0.917961
[MOS-Core] selected_destructiveness=0.332987
[MOS-Core] selected_cv=0.000000
[MOS-Core] selected_feasible=True
[MOS-Core] selected_guidance_alignment=1.000000
[MOS-Core] Per-constraint details:
[MOS-Core]   Radial: score=0.999, ratio=0.001, loss=0.3330, threshold=426.2254
[MOS-Core]   Sign: score=0.755, ratio=0.324, loss=0.6054, threshold=1.8701

[MOS-Core] Generating 7 malicious updates...
[MOS-Core] Template noise scale: 0.0001
[MOS-Core] Output norms: min=0.3341, mean=0.3343, max=0.3347
[MOS-Core] Attack completed successfully
============================================================

attack:mos_attack
defend:multi_krum
t  25: train_loss = 1.433, test_acc = 47.470
attack numbers = 6
current iteration attack ratio: 0.24

============================================================
[MOS-Core] Starting MOS-Attack
============================================================
[MOS-Core] Total parameters: 11,183,582
[MOS-Core] Benign clients: 19
[MOS-Core] Malicious slots: 6
[MOS-Core] Benign mean norm: 253.9775
[MOS-Core] Benign std (mean): 0.0012
[MOS-Core] ce_raw_norm=86322272.0
[MOS-Core] cw_raw_norm=86322272.0
[MOS-Core] ce_valid=True
[MOS-Core] cw_valid=True
[MOS-Core] ce_cw_cosine=1.0000001192092896
[MOS-Core] combined_pre_norm=1.0
[MOS-Core] historical_direction_valid=True
[MOS-Core] historical_direction_norm=0.3329886198043823
[MOS-Core] guidance_history_cosine=0.9923178553581238
[MOS-Core] guidance_source=ce_cw_combined
[MOS-Core] guidance_fallback_used=False
[MOS-Core] final_guidance_norm=1.000000
[MOS-Core] Base radial threshold (q=0.95): 499.8981
[MOS-Core] Attack budget ratio: 1.0
[MOS-Core] current_budget=499.898102
[MOS-Core] current_budget_valid=True

[MOS-Core] Initializing constraints...
[MOS-Core] Enabled constraints: Radial, Sign
[MOS-Core] Radial weight: 1.0
[MOS-Core] Sign weight: 0.5, layer_reduce: quantile
[MOS-Core]   Radial threshold: 499.8981
[MOS-Core]   Sign threshold: 2.2116

[MOS-Core] Initializing population (size=10)...
[MOS-Core] adaptive_guided_init=True alpha_feasible=0.000977 scales=[0.0, 0.0001953125, 0.000390625, 0.0005859375, 0.00078125, 0.0009765625]
[MOS-Core] Generated 6 scale-based seeds: [0.0, 0.0001953125, 0.000390625, 0.0005859375, 0.00078125, 0.0009765625]
[MOS-Core] Historical seed injected at position 3
[MOS-Core] historical_raw_norm=0.332989
[MOS-Core] historical_direction_norm=1.000000
[MOS-Core] historical_seed_target_scale=249.949051
[MOS-Core] historical_seed_final_norm=249.949036
[MOS-Core] Generated 4 random candidates (noise_scale=0.1)
[MOS-Core] Initial population norms: min=0.0000, mean=136.5875, max=473.7010
[MOS-Core] Budget ratios: min=0.0000, mean=0.2732, max=0.9476
[MOS-Core] Clipped ratio: 0.00%
[MOS-Core] Historical seed used: True

[MOS-Core] Starting NSGA-II evolution...
[MOS-Core] Generations: 100
[MOS-Core] Population size: 10
[MOS-Core] SBX eta: 15.0, crossover_prob: 0.9
[MOS-Core] Mutation scale: 0.05
[MOS-Core] Gen 1/100:
  Stealth: mean=0.894, best=1.000
  Destructiveness: mean=0.230, best=0.488
  CV: mean=0.7946, min=0.0000
  Feasibility: count=9, ratio=90.00%
  Max feasible destruct: 0.488
  Pareto front size: 8
  Budget ratio: mean=0.017, max=0.044
  Radial: mean_ratio=0.017, max_ratio=0.044, mean_score=0.983
  Sign: mean_ratio=1.973, max_ratio=16.892, mean_score=0.714
[MOS-Core] Gen 10/100:
  Stealth: mean=0.912, best=1.000
  Destructiveness: mean=0.284, best=0.494
  CV: mean=0.0000, min=0.0000
  Feasibility: count=10, ratio=100.00%
  Max feasible destruct: 0.494
  Pareto front size: 10
  Budget ratio: mean=0.027, max=0.112
  Radial: mean_ratio=0.027, max_ratio=0.112, mean_score=0.974
  Sign: mean_ratio=0.322, max_ratio=0.667, mean_score=0.786
[MOS-Core] Gen 20/100:
  Stealth: mean=0.909, best=1.000
  Destructiveness: mean=0.285, best=0.497
  CV: mean=0.0000, min=0.0000
  Feasibility: count=10, ratio=100.00%
  Max feasible destruct: 0.497
  Pareto front size: 10
  Budget ratio: mean=0.032, max=0.131
  Radial: mean_ratio=0.032, max_ratio=0.131, mean_score=0.971
  Sign: mean_ratio=0.324, max_ratio=0.675, mean_score=0.785
[MOS-Core] Gen 30/100:
  Stealth: mean=0.902, best=1.000
  Destructiveness: mean=0.285, best=0.503
  CV: mean=0.0000, min=0.0000
  Feasibility: count=10, ratio=100.00%
  Max feasible destruct: 0.503
  Pareto front size: 10
  Budget ratio: mean=0.043, max=0.151
  Radial: mean_ratio=0.043, max_ratio=0.151, mean_score=0.961
  Sign: mean_ratio=0.326, max_ratio=0.680, mean_score=0.784
[MOS-Core] Gen 40/100:
  Stealth: mean=0.890, best=1.000
  Destructiveness: mean=0.288, best=0.509
  CV: mean=0.0000, min=0.0000
  Feasibility: count=10, ratio=100.00%
  Max feasible destruct: 0.509
  Pareto front size: 10
  Budget ratio: mean=0.062, max=0.196
  Radial: mean_ratio=0.062, max_ratio=0.196, mean_score=0.945
  Sign: mean_ratio=0.339, max_ratio=0.707, mean_score=0.779
[MOS-Core] Gen 50/100:
  Stealth: mean=0.887, best=1.000
  Destructiveness: mean=0.289, best=0.516
  CV: mean=0.0000, min=0.0000
  Feasibility: count=10, ratio=100.00%
  Max feasible destruct: 0.516
  Pareto front size: 10
  Budget ratio: mean=0.066, max=0.218
  Radial: mean_ratio=0.066, max_ratio=0.218, mean_score=0.943
  Sign: mean_ratio=0.347, max_ratio=0.758, mean_score=0.776
[MOS-Core] Gen 60/100:
  Stealth: mean=0.893, best=1.000
  Destructiveness: mean=0.278, best=0.520
  CV: mean=0.0000, min=0.0000
  Feasibility: count=10, ratio=100.00%
  Max feasible destruct: 0.520
  Pareto front size: 10
  Budget ratio: mean=0.059, max=0.226
  Radial: mean_ratio=0.059, max_ratio=0.226, mean_score=0.948
  Sign: mean_ratio=0.327, max_ratio=0.760, mean_score=0.783
[MOS-Core] Gen 70/100:
  Stealth: mean=0.882, best=1.000
  Destructiveness: mean=0.292, best=0.524
  CV: mean=0.0000, min=0.0000
  Feasibility: count=10, ratio=100.00%
  Max feasible destruct: 0.524
  Pareto front size: 10
  Budget ratio: mean=0.074, max=0.220
  Radial: mean_ratio=0.074, max_ratio=0.220, mean_score=0.936
  Sign: mean_ratio=0.352, max_ratio=0.749, mean_score=0.774
[MOS-Core] Gen 80/100:
  Stealth: mean=0.887, best=1.000
  Destructiveness: mean=0.282, best=0.529
  CV: mean=0.0000, min=0.0000
  Feasibility: count=10, ratio=100.00%
  Max feasible destruct: 0.529
  Pareto front size: 10
  Budget ratio: mean=0.070, max=0.237
  Radial: mean_ratio=0.070, max_ratio=0.237, mean_score=0.940
  Sign: mean_ratio=0.335, max_ratio=0.776, mean_score=0.781
[MOS-Core] Gen 90/100:
  Stealth: mean=0.884, best=1.000
  Destructiveness: mean=0.284, best=0.538
  CV: mean=0.0000, min=0.0000
  Feasibility: count=10, ratio=100.00%
  Max feasible destruct: 0.538
  Pareto front size: 10
  Budget ratio: mean=0.078, max=0.296
  Radial: mean_ratio=0.078, max_ratio=0.296, mean_score=0.934
  Sign: mean_ratio=0.331, max_ratio=0.763, mean_score=0.783
[MOS-Core] Gen 100/100:
  Stealth: mean=0.832, best=1.000
  Destructiveness: mean=0.362, best=0.557
  CV: mean=0.0000, min=0.0000
  Feasibility: count=10, ratio=100.00%
  Max feasible destruct: 0.557
  Pareto front size: 10
  Budget ratio: mean=0.132, max=0.358
  Radial: mean_ratio=0.132, max_ratio=0.358, mean_score=0.894
  Sign: mean_ratio=0.462, max_ratio=0.799, mean_score=0.709

[MOS-Core] Selecting final solution...
[MOS-Core] Selection parameters:
  Lambda_s (stealth weight): 0.50
  Lambda_a (attack weight): 0.50
  Attack floor ratio: 0.0557

[MOS-Core] Feasibility summary:
  Feasible solutions: 10
  Feasible ratio: 100.00%
  Selection mode: feasible
  Min CV in front: 0.0000

[MOS-Core] Pareto front summary:
  Front size: 10
  Stealth range: [0.677, 1.000]
  Destructiveness range: [0.000, 0.557]
  CV range: [0.0000, 0.0000]
  Candidates after attack floor: 9

[MOS-Core] Selected solution (index=3):
[MOS-Core]   Constraint pass score (R): 0.896
[MOS-Core]   Destructiveness (A): 0.391
[MOS-Core]   Total CV: 0.0000
[MOS-Core]   Deviation norm: 0.3905
[MOS-Core]   Budget usage: 0.08%
[MOS-Core] selection_mode=balanced_knee
[MOS-Core] selected_budget_ratio=0.000781
[MOS-Core] selected_stealth=0.895573
[MOS-Core] selected_destructiveness=0.390544
[MOS-Core] selected_cv=0.000000
[MOS-Core] selected_feasible=True
[MOS-Core] selected_guidance_alignment=1.000000
[MOS-Core] Per-constraint details:
[MOS-Core]   Radial: score=0.999, ratio=0.001, loss=0.3905, threshold=499.8981
[MOS-Core]   Sign: score=0.688, ratio=0.453, loss=1.0016, threshold=2.2116

[MOS-Core] Generating 6 malicious updates...
[MOS-Core] Template noise scale: 0.0001
[MOS-Core] Output norms: min=0.3914, mean=0.3919, max=0.3923
[MOS-Core] Attack completed successfully
============================================================

attack:mos_attack
defend:multi_krum
t  26: train_loss = 1.414, test_acc = 46.250
attack numbers = 7
current iteration attack ratio: 0.28

============================================================
[MOS-Core] Starting MOS-Attack
============================================================
[MOS-Core] Total parameters: 11,183,582
[MOS-Core] Benign clients: 18
[MOS-Core] Malicious slots: 7
[MOS-Core] Benign mean norm: 342.4872
[MOS-Core] Benign std (mean): 0.0013
[MOS-Core] ce_raw_norm=137306832.0
[MOS-Core] cw_raw_norm=137306832.0
[MOS-Core] ce_valid=True
[MOS-Core] cw_valid=True
[MOS-Core] ce_cw_cosine=0.9999998807907104
[MOS-Core] combined_pre_norm=1.0
[MOS-Core] historical_direction_valid=True
[MOS-Core] historical_direction_norm=0.39054542779922485
[MOS-Core] guidance_history_cosine=0.9923710823059082
[MOS-Core] guidance_source=ce_cw_combined
[MOS-Core] guidance_fallback_used=False
[MOS-Core] final_guidance_norm=1.000000
[MOS-Core] Base radial threshold (q=0.95): 384.8529
[MOS-Core] Attack budget ratio: 1.0
[MOS-Core] current_budget=384.852936
[MOS-Core] current_budget_valid=True

[MOS-Core] Initializing constraints...
[MOS-Core] Enabled constraints: Radial, Sign
[MOS-Core] Radial weight: 1.0
[MOS-Core] Sign weight: 0.5, layer_reduce: quantile
[MOS-Core]   Radial threshold: 384.8529
[MOS-Core]   Sign threshold: 2.0955

[MOS-Core] Initializing population (size=10)...
[MOS-Core] adaptive_guided_init=True alpha_feasible=0.000977 scales=[0.0, 0.0001953125, 0.000390625, 0.0005859375, 0.00078125, 0.0009765625]
[MOS-Core] Generated 6 scale-based seeds: [0.0, 0.0001953125, 0.000390625, 0.0005859375, 0.00078125, 0.0009765625]
[MOS-Core] Historical seed injected at position 3
[MOS-Core] historical_raw_norm=0.390545
[MOS-Core] historical_direction_norm=1.000000
[MOS-Core] historical_seed_target_scale=192.426468
[MOS-Core] historical_seed_final_norm=192.426468
[MOS-Core] Generated 4 random candidates (noise_scale=0.1)
[MOS-Core] Initial population norms: min=0.0000, mean=63.0018, max=314.9344
[MOS-Core] Budget ratios: min=0.0000, mean=0.1637, max=0.8183
[MOS-Core] Clipped ratio: 0.00%
[MOS-Core] Historical seed used: True

[MOS-Core] Starting NSGA-II evolution...
[MOS-Core] Generations: 100
[MOS-Core] Population size: 10
[MOS-Core] SBX eta: 15.0, crossover_prob: 0.9
[MOS-Core] Mutation scale: 0.05
[MOS-Core] Gen 1/100:
  Stealth: mean=0.889, best=1.000
  Destructiveness: mean=0.075, best=0.388
  CV: mean=0.8631, min=0.0000
  Feasibility: count=8, ratio=80.00%
  Max feasible destruct: 0.376
  Pareto front size: 6
  Budget ratio: mean=0.021, max=0.051
  Radial: mean_ratio=0.021, max_ratio=0.051, mean_score=0.979
  Sign: mean_ratio=2.072, max_ratio=10.499, mean_score=0.709
[MOS-Core] Gen 10/100:
  Stealth: mean=0.928, best=1.000
  Destructiveness: mean=0.204, best=0.380
  CV: mean=0.0000, min=0.0000
  Feasibility: count=10, ratio=100.00%
  Max feasible destruct: 0.380
  Pareto front size: 10
  Budget ratio: mean=0.028, max=0.087
  Radial: mean_ratio=0.028, max_ratio=0.087, mean_score=0.974
  Sign: mean_ratio=0.228, max_ratio=0.516, mean_score=0.836
[MOS-Core] Gen 20/100:
  Stealth: mean=0.918, best=1.000
  Destructiveness: mean=0.220, best=0.387
  CV: mean=0.0000, min=0.0000
  Feasibility: count=10, ratio=100.00%
  Max feasible destruct: 0.387
  Pareto front size: 10
  Budget ratio: mean=0.036, max=0.138
  Radial: mean_ratio=0.036, max_ratio=0.138, mean_score=0.967
  Sign: mean_ratio=0.251, max_ratio=0.506, mean_score=0.821
[MOS-Core] Gen 30/100:
  Stealth: mean=0.923, best=1.000
  Destructiveness: mean=0.205, best=0.390
  CV: mean=0.0000, min=0.0000
  Feasibility: count=10, ratio=100.00%
  Max feasible destruct: 0.390
  Pareto front size: 10
  Budget ratio: mean=0.037, max=0.138
  Radial: mean_ratio=0.037, max_ratio=0.138, mean_score=0.966
  Sign: mean_ratio=0.228, max_ratio=0.513, mean_score=0.836
[MOS-Core] Gen 40/100:
  Stealth: mean=0.910, best=1.000
  Destructiveness: mean=0.230, best=0.395
  CV: mean=0.0000, min=0.0000
  Feasibility: count=10, ratio=100.00%
  Max feasible destruct: 0.395
  Pareto front size: 10
  Budget ratio: mean=0.046, max=0.158
  Radial: mean_ratio=0.046, max_ratio=0.158, mean_score=0.959
  Sign: mean_ratio=0.269, max_ratio=0.524, mean_score=0.812
[MOS-Core] Gen 50/100:
  Stealth: mean=0.905, best=1.000
  Destructiveness: mean=0.238, best=0.402
  CV: mean=0.0000, min=0.0000
  Feasibility: count=10, ratio=100.00%
  Max feasible destruct: 0.402
  Pareto front size: 10
  Budget ratio: mean=0.050, max=0.166
  Radial: mean_ratio=0.050, max_ratio=0.166, mean_score=0.955
  Sign: mean_ratio=0.278, max_ratio=0.525, mean_score=0.804
[MOS-Core] Gen 60/100:
  Stealth: mean=0.907, best=1.000
  Destructiveness: mean=0.231, best=0.409
  CV: mean=0.0000, min=0.0000
  Feasibility: count=10, ratio=100.00%
  Max feasible destruct: 0.409
  Pareto front size: 10
  Budget ratio: mean=0.051, max=0.187
  Radial: mean_ratio=0.051, max_ratio=0.187, mean_score=0.955
  Sign: mean_ratio=0.271, max_ratio=0.542, mean_score=0.811
[MOS-Core] Gen 70/100:
  Stealth: mean=0.905, best=1.000
  Destructiveness: mean=0.232, best=0.410
  CV: mean=0.0000, min=0.0000
  Feasibility: count=10, ratio=100.00%
  Max feasible destruct: 0.410
  Pareto front size: 10
  Budget ratio: mean=0.054, max=0.195
  Radial: mean_ratio=0.054, max_ratio=0.195, mean_score=0.952
  Sign: mean_ratio=0.272, max_ratio=0.558, mean_score=0.811
[MOS-Core] Gen 80/100:
  Stealth: mean=0.895, best=1.000
  Destructiveness: mean=0.242, best=0.419
  CV: mean=0.0000, min=0.0000
  Feasibility: count=10, ratio=100.00%
  Max feasible destruct: 0.419
  Pareto front size: 10
  Budget ratio: mean=0.067, max=0.238
  Radial: mean_ratio=0.067, max_ratio=0.238, mean_score=0.943
  Sign: mean_ratio=0.287, max_ratio=0.574, mean_score=0.800
[MOS-Core] Gen 90/100:
  Stealth: mean=0.882, best=1.000
  Destructiveness: mean=0.267, best=0.428
  CV: mean=0.0000, min=0.0000
  Feasibility: count=10, ratio=100.00%
  Max feasible destruct: 0.428
  Pareto front size: 10
  Budget ratio: mean=0.079, max=0.283
  Radial: mean_ratio=0.079, max_ratio=0.283, mean_score=0.935
  Sign: mean_ratio=0.332, max_ratio=0.602, mean_score=0.775
[MOS-Core] Gen 100/100:
  Stealth: mean=0.879, best=1.000
  Destructiveness: mean=0.261, best=0.434
  CV: mean=0.0000, min=0.0000
  Feasibility: count=10, ratio=100.00%
  Max feasible destruct: 0.434
  Pareto front size: 10
  Budget ratio: mean=0.087, max=0.313
  Radial: mean_ratio=0.087, max_ratio=0.313, mean_score=0.928
  Sign: mean_ratio=0.319, max_ratio=0.641, mean_score=0.782

[MOS-Core] Selecting final solution...
[MOS-Core] Selection parameters:
  Lambda_s (stealth weight): 0.50
  Lambda_a (attack weight): 0.50
  Attack floor ratio: 0.0434

[MOS-Core] Feasibility summary:
  Feasible solutions: 10
  Feasible ratio: 100.00%
  Selection mode: feasible
  Min CV in front: 0.0000

[MOS-Core] Pareto front summary:
  Front size: 10
  Stealth range: [0.711, 1.000]
  Destructiveness range: [0.000, 0.434]
  CV range: [0.0000, 0.0000]
  Candidates after attack floor: 9

[MOS-Core] Selected solution (index=6):
[MOS-Core]   Constraint pass score (R): 0.911
[MOS-Core]   Destructiveness (A): 0.301
[MOS-Core]   Total CV: 0.0000
[MOS-Core]   Deviation norm: 0.3007
[MOS-Core]   Budget usage: 0.08%
[MOS-Core] selection_mode=balanced_knee
[MOS-Core] selected_budget_ratio=0.000781
[MOS-Core] selected_stealth=0.910609
[MOS-Core] selected_destructiveness=0.300665
[MOS-Core] selected_cv=0.000000
[MOS-Core] selected_feasible=True
[MOS-Core] selected_guidance_alignment=1.000000
[MOS-Core] Per-constraint details:
[MOS-Core]   Radial: score=0.999, ratio=0.001, loss=0.3007, threshold=384.8529
[MOS-Core]   Sign: score=0.733, ratio=0.364, loss=0.7618, threshold=2.0955

[MOS-Core] Generating 7 malicious updates...
[MOS-Core] Template noise scale: 0.0001
[MOS-Core] Output norms: min=0.3018, mean=0.3023, max=0.3028
[MOS-Core] Attack completed successfully
============================================================

attack:mos_attack
defend:multi_krum
t  27: train_loss = 1.422, test_acc = 46.000
attack numbers = 5
current iteration attack ratio: 0.2

============================================================
[MOS-Core] Starting MOS-Attack
============================================================
[MOS-Core] Total parameters: 11,183,582
[MOS-Core] Benign clients: 20
[MOS-Core] Malicious slots: 5
[MOS-Core] Benign mean norm: 260.4045
[MOS-Core] Benign std (mean): 0.0013
[MOS-Core] ce_raw_norm=120828656.0
[MOS-Core] cw_raw_norm=120828656.0
[MOS-Core] ce_valid=True
[MOS-Core] cw_valid=True
[MOS-Core] ce_cw_cosine=1.0000001192092896
[MOS-Core] combined_pre_norm=1.0
[MOS-Core] historical_direction_valid=True
[MOS-Core] historical_direction_norm=0.30066636204719543
[MOS-Core] guidance_history_cosine=0.992587685585022
[MOS-Core] guidance_source=ce_cw_combined
[MOS-Core] guidance_fallback_used=False
[MOS-Core] final_guidance_norm=1.000000
[MOS-Core] Base radial threshold (q=0.95): 528.9281
[MOS-Core] Attack budget ratio: 1.0
[MOS-Core] current_budget=528.928101
[MOS-Core] current_budget_valid=True

[MOS-Core] Initializing constraints...
[MOS-Core] Enabled constraints: Radial, Sign
[MOS-Core] Radial weight: 1.0
[MOS-Core] Sign weight: 0.5, layer_reduce: quantile
[MOS-Core]   Radial threshold: 528.9281
[MOS-Core]   Sign threshold: 2.0708

[MOS-Core] Initializing population (size=10)...
[MOS-Core] adaptive_guided_init=True alpha_feasible=0.000977 scales=[0.0, 0.0001953125, 0.000390625, 0.0005859375, 0.00078125, 0.0009765625]
[MOS-Core] Generated 6 scale-based seeds: [0.0, 0.0001953125, 0.000390625, 0.0005859375, 0.00078125, 0.0009765625]
[MOS-Core] Historical seed injected at position 3
[MOS-Core] historical_raw_norm=0.300666
[MOS-Core] historical_direction_norm=1.000000
[MOS-Core] historical_seed_target_scale=264.464050
[MOS-Core] historical_seed_final_norm=264.464050
[MOS-Core] Generated 4 random candidates (noise_scale=0.1)
[MOS-Core] Initial population norms: min=0.0000, mean=151.4093, max=502.8360
[MOS-Core] Budget ratios: min=0.0000, mean=0.2863, max=0.9507
[MOS-Core] Clipped ratio: 0.00%
[MOS-Core] Historical seed used: True

[MOS-Core] Starting NSGA-II evolution...
[MOS-Core] Generations: 100
[MOS-Core] Population size: 10
[MOS-Core] SBX eta: 15.0, crossover_prob: 0.9
[MOS-Core] Mutation scale: 0.05
[MOS-Core] Gen 1/100:
  Stealth: mean=0.868, best=1.000
  Destructiveness: mean=0.192, best=0.517
  CV: mean=0.4933, min=0.0000
  Feasibility: count=7, ratio=70.00%
  Max feasible destruct: 0.517
  Pareto front size: 5
  Budget ratio: mean=0.021, max=0.064
  Radial: mean_ratio=0.021, max_ratio=0.064, mean_score=0.980
  Sign: mean_ratio=1.489, max_ratio=9.326, mean_score=0.644
[MOS-Core] Gen 10/100:
  Stealth: mean=0.905, best=1.000
  Destructiveness: mean=0.301, best=0.528
  CV: mean=0.0000, min=0.0000
  Feasibility: count=10, ratio=100.00%
  Max feasible destruct: 0.528
  Pareto front size: 10
  Budget ratio: mean=0.032, max=0.146
  Radial: mean_ratio=0.032, max_ratio=0.146, mean_score=0.971
  Sign: mean_ratio=0.348, max_ratio=0.744, mean_score=0.774
[MOS-Core] Gen 20/100:
  Stealth: mean=0.909, best=1.000
  Destructiveness: mean=0.272, best=0.543
  CV: mean=0.0000, min=0.0000
  Feasibility: count=10, ratio=100.00%
  Max feasible destruct: 0.543
  Pareto front size: 10
  Budget ratio: mean=0.038, max=0.112
  Radial: mean_ratio=0.038, max_ratio=0.112, mean_score=0.965
  Sign: mean_ratio=0.305, max_ratio=0.759, mean_score=0.797
[MOS-Core] Gen 30/100:
  Stealth: mean=0.894, best=1.000
  Destructiveness: mean=0.305, best=0.553
  CV: mean=0.0000, min=0.0000
  Feasibility: count=10, ratio=100.00%
  Max feasible destruct: 0.553
  Pareto front size: 10
  Budget ratio: mean=0.048, max=0.193
  Radial: mean_ratio=0.048, max_ratio=0.193, mean_score=0.957
  Sign: mean_ratio=0.360, max_ratio=0.776, mean_score=0.769
[MOS-Core] Gen 40/100:
  Stealth: mean=0.880, best=1.000
  Destructiveness: mean=0.312, best=0.571
  CV: mean=0.0000, min=0.0000
  Feasibility: count=10, ratio=100.00%
  Max feasible destruct: 0.571
  Pareto front size: 10
  Budget ratio: mean=0.071, max=0.207
  Radial: mean_ratio=0.071, max_ratio=0.207, mean_score=0.938
  Sign: mean_ratio=0.376, max_ratio=0.780, mean_score=0.764
[MOS-Core] Gen 50/100:
  Stealth: mean=0.887, best=1.000
  Destructiveness: mean=0.309, best=0.579
  CV: mean=0.0000, min=0.0000
  Feasibility: count=10, ratio=100.00%
  Max feasible destruct: 0.579
  Pareto front size: 10
  Budget ratio: mean=0.060, max=0.252
  Radial: mean_ratio=0.060, max_ratio=0.252, mean_score=0.948
  Sign: mean_ratio=0.368, max_ratio=0.777, mean_score=0.766
[MOS-Core] Gen 60/100:
  Stealth: mean=0.881, best=1.000
  Destructiveness: mean=0.310, best=0.586
  CV: mean=0.0000, min=0.0000
  Feasibility: count=10, ratio=100.00%
  Max feasible destruct: 0.586
  Pareto front size: 10
  Budget ratio: mean=0.071, max=0.252
  Radial: mean_ratio=0.071, max_ratio=0.252, mean_score=0.939
  Sign: mean_ratio=0.371, max_ratio=0.776, mean_score=0.765
[MOS-Core] Gen 70/100:
  Stealth: mean=0.855, best=1.000
  Destructiveness: mean=0.362, best=0.613
  CV: mean=0.0000, min=0.0000
  Feasibility: count=10, ratio=100.00%
  Max feasible destruct: 0.613
  Pareto front size: 10
  Budget ratio: mean=0.098, max=0.424
  Radial: mean_ratio=0.098, max_ratio=0.424, mean_score=0.921
  Sign: mean_ratio=0.452, max_ratio=0.826, mean_score=0.723
[MOS-Core] Gen 80/100:
  Stealth: mean=0.853, best=1.000
  Destructiveness: mean=0.369, best=0.638
  CV: mean=0.0000, min=0.0000
  Feasibility: count=10, ratio=100.00%
  Max feasible destruct: 0.638
  Pareto front size: 10
  Budget ratio: mean=0.100, max=0.328
  Radial: mean_ratio=0.100, max_ratio=0.328, mean_score=0.919
  Sign: mean_ratio=0.457, max_ratio=0.826, mean_score=0.721
[MOS-Core] Gen 90/100:
  Stealth: mean=0.848, best=1.000
  Destructiveness: mean=0.361, best=0.652
  CV: mean=0.0000, min=0.0000
  Feasibility: count=10, ratio=100.00%
  Max feasible destruct: 0.652
  Pareto front size: 10
  Budget ratio: mean=0.115, max=0.418
  Radial: mean_ratio=0.115, max_ratio=0.418, mean_score=0.907
  Sign: mean_ratio=0.448, max_ratio=0.826, mean_score=0.729
[MOS-Core] Gen 100/100:
  Stealth: mean=0.852, best=1.000
  Destructiveness: mean=0.363, best=0.663
  CV: mean=0.0000, min=0.0000
  Feasibility: count=10, ratio=100.00%
  Max feasible destruct: 0.663
  Pareto front size: 10
  Budget ratio: mean=0.103, max=0.317
  Radial: mean_ratio=0.103, max_ratio=0.317, mean_score=0.914
  Sign: mean_ratio=0.453, max_ratio=0.866, mean_score=0.727

[MOS-Core] Selecting final solution...
[MOS-Core] Selection parameters:
  Lambda_s (stealth weight): 0.50
  Lambda_a (attack weight): 0.50
  Attack floor ratio: 0.0663

[MOS-Core] Feasibility summary:
  Feasible solutions: 10
  Feasible ratio: 100.00%
  Selection mode: feasible
  Min CV in front: 0.0000

[MOS-Core] Pareto front summary:
  Front size: 10
  Stealth range: [0.685, 1.000]
  Destructiveness range: [0.000, 0.663]
  CV range: [0.0000, 0.0000]
  Candidates after attack floor: 9

[MOS-Core] Selected solution (index=8):
[MOS-Core]   Constraint pass score (R): 0.888
[MOS-Core]   Destructiveness (A): 0.413
[MOS-Core]   Total CV: 0.0000
[MOS-Core]   Deviation norm: 0.4132
[MOS-Core]   Budget usage: 0.08%
[MOS-Core] selection_mode=balanced_knee
[MOS-Core] selected_budget_ratio=0.000781
[MOS-Core] selected_stealth=0.887975
[MOS-Core] selected_destructiveness=0.413223
[MOS-Core] selected_cv=0.000000
[MOS-Core] selected_feasible=True
[MOS-Core] selected_guidance_alignment=1.000000
[MOS-Core] Per-constraint details:
[MOS-Core]   Radial: score=0.999, ratio=0.001, loss=0.4132, threshold=528.9281
[MOS-Core]   Sign: score=0.665, ratio=0.503, loss=1.0409, threshold=2.0708

[MOS-Core] Generating 5 malicious updates...
[MOS-Core] Template noise scale: 0.0001
[MOS-Core] Output norms: min=0.4141, mean=0.4154, max=0.4174
[MOS-Core] Attack completed successfully
============================================================

attack:mos_attack
defend:multi_krum
t  28: train_loss = 1.377, test_acc = 45.210
attack numbers = 5
current iteration attack ratio: 0.2

============================================================
[MOS-Core] Starting MOS-Attack
============================================================
[MOS-Core] Total parameters: 11,183,582
[MOS-Core] Benign clients: 20
[MOS-Core] Malicious slots: 5
[MOS-Core] Benign mean norm: 450.7770
[MOS-Core] Benign std (mean): 0.0013
[MOS-Core] ce_raw_norm=227764336.0
[MOS-Core] cw_raw_norm=227764336.0
[MOS-Core] ce_valid=True
[MOS-Core] cw_valid=True
[MOS-Core] ce_cw_cosine=1.0
[MOS-Core] combined_pre_norm=1.0
[MOS-Core] historical_direction_valid=True
[MOS-Core] historical_direction_norm=0.41322511434555054
[MOS-Core] guidance_history_cosine=0.9924997687339783
[MOS-Core] guidance_source=ce_cw_combined
[MOS-Core] guidance_fallback_used=False
[MOS-Core] final_guidance_norm=1.000000
[MOS-Core] Base radial threshold (q=0.95): 457.9302
[MOS-Core] Attack budget ratio: 1.0
[MOS-Core] current_budget=457.930206
[MOS-Core] current_budget_valid=True

[MOS-Core] Initializing constraints...
[MOS-Core] Enabled constraints: Radial, Sign
[MOS-Core] Radial weight: 1.0
[MOS-Core] Sign weight: 0.5, layer_reduce: quantile
[MOS-Core]   Radial threshold: 457.9302
[MOS-Core]   Sign threshold: 1.9312

[MOS-Core] Initializing population (size=10)...
[MOS-Core] adaptive_guided_init=True alpha_feasible=0.000977 scales=[0.0, 0.0001953125, 0.000390625, 0.0005859375, 0.00078125, 0.0009765625]
[MOS-Core] Generated 6 scale-based seeds: [0.0, 0.0001953125, 0.000390625, 0.0005859375, 0.00078125, 0.0009765625]
[MOS-Core] Historical seed injected at position 3
[MOS-Core] historical_raw_norm=0.413225
[MOS-Core] historical_direction_norm=1.000000
[MOS-Core] historical_seed_target_scale=228.965103
[MOS-Core] historical_seed_final_norm=228.965103
[MOS-Core] Generated 4 random candidates (noise_scale=0.1)
[MOS-Core] Initial population norms: min=0.0000, mean=65.3937, max=273.2943
[MOS-Core] Budget ratios: min=0.0000, mean=0.1428, max=0.5968
[MOS-Core] Clipped ratio: 0.00%
[MOS-Core] Historical seed used: True

[MOS-Core] Starting NSGA-II evolution...
[MOS-Core] Generations: 100
[MOS-Core] Population size: 10
[MOS-Core] SBX eta: 15.0, crossover_prob: 0.9
[MOS-Core] Mutation scale: 0.05
[MOS-Core] Gen 1/100:
  Stealth: mean=0.892, best=1.000
  Destructiveness: mean=0.232, best=0.448
  CV: mean=0.0000, min=0.0000
  Feasibility: count=10, ratio=100.00%
  Max feasible destruct: 0.448
  Pareto front size: 6
  Budget ratio: mean=0.015, max=0.032
  Radial: mean_ratio=0.015, max_ratio=0.032, mean_score=0.985
  Sign: mean_ratio=0.486, max_ratio=0.818, mean_score=0.705
[MOS-Core] Gen 10/100:
  Stealth: mean=0.906, best=1.000
  Destructiveness: mean=0.261, best=0.456
  CV: mean=0.0000, min=0.0000
  Feasibility: count=10, ratio=100.00%
  Max feasible destruct: 0.456
  Pareto front size: 10
  Budget ratio: mean=0.026, max=0.098
  Radial: mean_ratio=0.026, max_ratio=0.098, mean_score=0.975
  Sign: mean_ratio=0.370, max_ratio=0.743, mean_score=0.767
[MOS-Core] Gen 20/100:
  Stealth: mean=0.898, best=1.000
  Destructiveness: mean=0.271, best=0.465
  CV: mean=0.0000, min=0.0000
  Feasibility: count=10, ratio=100.00%
  Max feasible destruct: 0.465
  Pareto front size: 10
  Budget ratio: mean=0.036, max=0.167
  Radial: mean_ratio=0.036, max_ratio=0.167, mean_score=0.968
  Sign: mean_ratio=0.392, max_ratio=0.753, mean_score=0.759
[MOS-Core] Gen 30/100:
  Stealth: mean=0.886, best=1.000
  Destructiveness: mean=0.265, best=0.471
  CV: mean=0.0000, min=0.0000
  Feasibility: count=10, ratio=100.00%
  Max feasible destruct: 0.471
  Pareto front size: 10
  Budget ratio: mean=0.061, max=0.203
  Radial: mean_ratio=0.061, max_ratio=0.203, mean_score=0.946
  Sign: mean_ratio=0.376, max_ratio=0.753, mean_score=0.764
[MOS-Core] Gen 40/100:
  Stealth: mean=0.882, best=1.000
  Destructiveness: mean=0.266, best=0.481
  CV: mean=0.0000, min=0.0000
  Feasibility: count=10, ratio=100.00%
  Max feasible destruct: 0.481
  Pareto front size: 10
  Budget ratio: mean=0.066, max=0.239
  Radial: mean_ratio=0.066, max_ratio=0.239, mean_score=0.942
  Sign: mean_ratio=0.383, max_ratio=0.799, mean_score=0.762
[MOS-Core] Gen 50/100:
  Stealth: mean=0.884, best=1.000
  Destructiveness: mean=0.267, best=0.486
  CV: mean=0.0000, min=0.0000
  Feasibility: count=10, ratio=100.00%
  Max feasible destruct: 0.486
  Pareto front size: 10
  Budget ratio: mean=0.063, max=0.263
  Radial: mean_ratio=0.063, max_ratio=0.263, mean_score=0.946
  Sign: mean_ratio=0.384, max_ratio=0.826, mean_score=0.761
[MOS-Core] Gen 60/100:
  Stealth: mean=0.860, best=1.000
  Destructiveness: mean=0.306, best=0.493
  CV: mean=0.0000, min=0.0000
  Feasibility: count=10, ratio=100.00%
  Max feasible destruct: 0.493
  Pareto front size: 10
  Budget ratio: mean=0.084, max=0.279
  Radial: mean_ratio=0.084, max_ratio=0.279, mean_score=0.930
  Sign: mean_ratio=0.459, max_ratio=0.827, mean_score=0.721
[MOS-Core] Gen 70/100:
  Stealth: mean=0.857, best=1.000
  Destructiveness: mean=0.308, best=0.503
  CV: mean=0.0000, min=0.0000
  Feasibility: count=10, ratio=100.00%
  Max feasible destruct: 0.503
  Pareto front size: 10
  Budget ratio: mean=0.087, max=0.283
  Radial: mean_ratio=0.087, max_ratio=0.283, mean_score=0.927
  Sign: mean_ratio=0.466, max_ratio=0.872, mean_score=0.718
[MOS-Core] Gen 80/100:
  Stealth: mean=0.876, best=1.000
  Destructiveness: mean=0.261, best=0.506
  CV: mean=0.0000, min=0.0000
  Feasibility: count=10, ratio=100.00%
  Max feasible destruct: 0.506
  Pareto front size: 10
  Budget ratio: mean=0.078, max=0.311
  Radial: mean_ratio=0.078, max_ratio=0.311, mean_score=0.934
  Sign: mean_ratio=0.390, max_ratio=0.896, mean_score=0.761
[MOS-Core] Gen 90/100:
  Stealth: mean=0.849, best=1.000
  Destructiveness: mean=0.305, best=0.516
  CV: mean=0.0000, min=0.0000
  Feasibility: count=10, ratio=100.00%
  Max feasible destruct: 0.516
  Pareto front size: 10
  Budget ratio: mean=0.104, max=0.326
  Radial: mean_ratio=0.104, max_ratio=0.326, mean_score=0.915
  Sign: mean_ratio=0.479, max_ratio=0.917, mean_score=0.716
[MOS-Core] Gen 100/100:
  Stealth: mean=0.843, best=1.000
  Destructiveness: mean=0.307, best=0.527
  CV: mean=0.0000, min=0.0000
  Feasibility: count=10, ratio=100.00%
  Max feasible destruct: 0.527
  Pareto front size: 10
  Budget ratio: mean=0.114, max=0.345
  Radial: mean_ratio=0.114, max_ratio=0.345, mean_score=0.907
  Sign: mean_ratio=0.483, max_ratio=0.916, mean_score=0.714

[MOS-Core] Selecting final solution...
[MOS-Core] Selection parameters:
  Lambda_s (stealth weight): 0.50
  Lambda_a (attack weight): 0.50
  Attack floor ratio: 0.0527

[MOS-Core] Feasibility summary:
  Feasible solutions: 10
  Feasible ratio: 100.00%
  Selection mode: feasible
  Min CV in front: 0.0000

[MOS-Core] Pareto front summary:
  Front size: 10
  Stealth range: [0.670, 1.000]
  Destructiveness range: [0.000, 0.527]
  CV range: [0.0000, 0.0000]
  Candidates after attack floor: 8

[MOS-Core] Selected solution (index=6):
[MOS-Core]   Constraint pass score (R): 0.885
[MOS-Core]   Destructiveness (A): 0.358
[MOS-Core]   Total CV: 0.0000
[MOS-Core]   Deviation norm: 0.3578
[MOS-Core]   Budget usage: 0.08%
[MOS-Core] selection_mode=balanced_knee
[MOS-Core] selected_budget_ratio=0.000781
[MOS-Core] selected_stealth=0.885456
[MOS-Core] selected_destructiveness=0.357756
[MOS-Core] selected_cv=0.000000
[MOS-Core] selected_feasible=True
[MOS-Core] selected_guidance_alignment=1.000000
[MOS-Core] Per-constraint details:
[MOS-Core]   Radial: score=0.999, ratio=0.001, loss=0.3578, threshold=457.9302
[MOS-Core]   Sign: score=0.658, ratio=0.520, loss=1.0040, threshold=1.9312

[MOS-Core] Generating 5 malicious updates...
[MOS-Core] Template noise scale: 0.0001
[MOS-Core] Output norms: min=0.3587, mean=0.3591, max=0.3598
[MOS-Core] Attack completed successfully
============================================================

attack:mos_attack
defend:multi_krum
t  29: train_loss = 1.355, test_acc = 46.830
attack numbers = 5
current iteration attack ratio: 0.2

============================================================
[MOS-Core] Starting MOS-Attack
============================================================
[MOS-Core] Total parameters: 11,183,582
[MOS-Core] Benign clients: 20
[MOS-Core] Malicious slots: 5
[MOS-Core] Benign mean norm: 245.9435
[MOS-Core] Benign std (mean): 0.0013
[MOS-Core] ce_raw_norm=364093600.0
[MOS-Core] cw_raw_norm=364093600.0
[MOS-Core] ce_valid=True
[MOS-Core] cw_valid=True
[MOS-Core] ce_cw_cosine=1.0000001192092896
[MOS-Core] combined_pre_norm=1.0
[MOS-Core] historical_direction_valid=True
[MOS-Core] historical_direction_norm=0.3577579855918884
[MOS-Core] guidance_history_cosine=0.9930443167686462
[MOS-Core] guidance_source=ce_cw_combined
[MOS-Core] guidance_fallback_used=False
[MOS-Core] final_guidance_norm=1.000000
[MOS-Core] Base radial threshold (q=0.95): 495.6368
[MOS-Core] Attack budget ratio: 1.0
[MOS-Core] current_budget=495.636780
[MOS-Core] current_budget_valid=True

[MOS-Core] Initializing constraints...
[MOS-Core] Enabled constraints: Radial, Sign
[MOS-Core] Radial weight: 1.0
[MOS-Core] Sign weight: 0.5, layer_reduce: quantile
[MOS-Core]   Radial threshold: 495.6368
[MOS-Core]   Sign threshold: 2.2027

[MOS-Core] Initializing population (size=10)...
[MOS-Core] adaptive_guided_init=True alpha_feasible=0.000977 scales=[0.0, 0.0001953125, 0.000390625, 0.0005859375, 0.00078125, 0.0009765625]
[MOS-Core] Generated 6 scale-based seeds: [0.0, 0.0001953125, 0.000390625, 0.0005859375, 0.00078125, 0.0009765625]
[MOS-Core] Historical seed injected at position 3
[MOS-Core] historical_raw_norm=0.357758
[MOS-Core] historical_direction_norm=1.000000
[MOS-Core] historical_seed_target_scale=247.818390
[MOS-Core] historical_seed_final_norm=247.818375
[MOS-Core] Generated 4 random candidates (noise_scale=0.1)
[MOS-Core] Initial population norms: min=0.0000, mean=133.3098, max=438.9510
[MOS-Core] Budget ratios: min=0.0000, mean=0.2690, max=0.8856
[MOS-Core] Clipped ratio: 0.00%
[MOS-Core] Historical seed used: True

[MOS-Core] Starting NSGA-II evolution...
[MOS-Core] Generations: 100
[MOS-Core] Population size: 10
[MOS-Core] SBX eta: 15.0, crossover_prob: 0.9
[MOS-Core] Mutation scale: 0.05
[MOS-Core] Gen 1/100:
  Stealth: mean=0.865, best=1.000
  Destructiveness: mean=0.075, best=0.484
  CV: mean=1.6842, min=0.0000
  Feasibility: count=7, ratio=70.00%
  Max feasible destruct: 0.484
  Pareto front size: 6
  Budget ratio: mean=0.018, max=0.044
  Radial: mean_ratio=0.018, max_ratio=0.044, mean_score=0.983
  Sign: mean_ratio=3.816, max_ratio=19.285, mean_score=0.629
[MOS-Core] Gen 10/100:
  Stealth: mean=0.920, best=1.000
  Destructiveness: mean=0.253, best=0.492
  CV: mean=0.0000, min=0.0000
  Feasibility: count=10, ratio=100.00%
  Max feasible destruct: 0.492
  Pareto front size: 10
  Budget ratio: mean=0.025, max=0.080
  Radial: mean_ratio=0.025, max_ratio=0.080, mean_score=0.977
  Sign: mean_ratio=0.283, max_ratio=0.663, mean_score=0.807
[MOS-Core] Gen 20/100:
  Stealth: mean=0.900, best=1.000
  Destructiveness: mean=0.276, best=0.502
  CV: mean=0.0000, min=0.0000
  Feasibility: count=10, ratio=100.00%
  Max feasible destruct: 0.502
  Pareto front size: 10
  Budget ratio: mean=0.044, max=0.137
  Radial: mean_ratio=0.044, max_ratio=0.137, mean_score=0.960
  Sign: mean_ratio=0.333, max_ratio=0.744, mean_score=0.781
[MOS-Core] Gen 30/100:
  Stealth: mean=0.898, best=1.000
  Destructiveness: mean=0.295, best=0.511
  CV: mean=0.0000, min=0.0000
  Feasibility: count=10, ratio=100.00%
  Max feasible destruct: 0.511
  Pareto front size: 10
  Budget ratio: mean=0.041, max=0.135
  Radial: mean_ratio=0.041, max_ratio=0.135, mean_score=0.963
  Sign: mean_ratio=0.352, max_ratio=0.737, mean_score=0.768
[MOS-Core] Gen 40/100:
  Stealth: mean=0.884, best=1.000
  Destructiveness: mean=0.319, best=0.520
  CV: mean=0.0000, min=0.0000
  Feasibility: count=10, ratio=100.00%
  Max feasible destruct: 0.520
  Pareto front size: 10
  Budget ratio: mean=0.052, max=0.151
  Radial: mean_ratio=0.052, max_ratio=0.151, mean_score=0.953
  Sign: mean_ratio=0.403, max_ratio=0.746, mean_score=0.746
[MOS-Core] Gen 50/100:
  Stealth: mean=0.883, best=1.000
  Destructiveness: mean=0.282, best=0.532
  CV: mean=0.0000, min=0.0000
  Feasibility: count=10, ratio=100.00%
  Max feasible destruct: 0.532
  Pareto front size: 10
  Budget ratio: mean=0.068, max=0.187
  Radial: mean_ratio=0.068, max_ratio=0.187, mean_score=0.939
  Sign: mean_ratio=0.358, max_ratio=0.821, mean_score=0.773
[MOS-Core] Gen 60/100:
  Stealth: mean=0.871, best=1.000
  Destructiveness: mean=0.297, best=0.548
  CV: mean=0.0000, min=0.0000
  Feasibility: count=10, ratio=100.00%
  Max feasible destruct: 0.548
  Pareto front size: 10
  Budget ratio: mean=0.083, max=0.220
  Radial: mean_ratio=0.083, max_ratio=0.220, mean_score=0.927
  Sign: mean_ratio=0.383, max_ratio=0.847, mean_score=0.758
[MOS-Core] Gen 70/100:
  Stealth: mean=0.851, best=1.000
  Destructiveness: mean=0.336, best=0.566
  CV: mean=0.0000, min=0.0000
  Feasibility: count=10, ratio=100.00%
  Max feasible destruct: 0.566
  Pareto front size: 10
  Budget ratio: mean=0.101, max=0.220
  Radial: mean_ratio=0.101, max_ratio=0.220, mean_score=0.913
  Sign: mean_ratio=0.455, max_ratio=0.852, mean_score=0.725
[MOS-Core] Gen 80/100:
  Stealth: mean=0.862, best=1.000
  Destructiveness: mean=0.327, best=0.581
  CV: mean=0.0000, min=0.0000
  Feasibility: count=10, ratio=100.00%
  Max feasible destruct: 0.581
  Pareto front size: 10
  Budget ratio: mean=0.086, max=0.210
  Radial: mean_ratio=0.086, max_ratio=0.210, mean_score=0.925
  Sign: mean_ratio=0.432, max_ratio=0.868, mean_score=0.737
[MOS-Core] Gen 90/100:
  Stealth: mean=0.856, best=1.000
  Destructiveness: mean=0.341, best=0.619
  CV: mean=0.0000, min=0.0000
  Feasibility: count=10, ratio=100.00%
  Max feasible destruct: 0.619
  Pareto front size: 10
  Budget ratio: mean=0.094, max=0.226
  Radial: mean_ratio=0.094, max_ratio=0.226, mean_score=0.919
  Sign: mean_ratio=0.446, max_ratio=0.886, mean_score=0.730
[MOS-Core] Gen 100/100:
  Stealth: mean=0.842, best=1.000
  Destructiveness: mean=0.378, best=0.634
  CV: mean=0.0000, min=0.0000
  Feasibility: count=10, ratio=100.00%
  Max feasible destruct: 0.634
  Pareto front size: 10
  Budget ratio: mean=0.103, max=0.241
  Radial: mean_ratio=0.103, max_ratio=0.241, mean_score=0.913
  Sign: mean_ratio=0.501, max_ratio=0.913, mean_score=0.700

[MOS-Core] Selecting final solution...
[MOS-Core] Selection parameters:
  Lambda_s (stealth weight): 0.50
  Lambda_a (attack weight): 0.50
  Attack floor ratio: 0.0634

[MOS-Core] Feasibility summary:
  Feasible solutions: 10
  Feasible ratio: 100.00%
  Selection mode: feasible
  Min CV in front: 0.0000

[MOS-Core] Pareto front summary:
  Front size: 10
  Stealth range: [0.711, 1.000]
  Destructiveness range: [0.000, 0.634]
  CV range: [0.0000, 0.0000]
  Candidates after attack floor: 9

[MOS-Core] Selected solution (index=5):
[MOS-Core]   Constraint pass score (R): 0.892
[MOS-Core]   Destructiveness (A): 0.387
[MOS-Core]   Total CV: 0.0000
[MOS-Core]   Deviation norm: 0.3872
[MOS-Core]   Budget usage: 0.08%
[MOS-Core] selection_mode=balanced_knee
[MOS-Core] selected_budget_ratio=0.000781
[MOS-Core] selected_stealth=0.892070
[MOS-Core] selected_destructiveness=0.387215
[MOS-Core] selected_cv=0.000000
[MOS-Core] selected_feasible=True
[MOS-Core] selected_guidance_alignment=1.000000
[MOS-Core] Per-constraint details:
[MOS-Core]   Radial: score=0.999, ratio=0.001, loss=0.3872, threshold=495.6368
[MOS-Core]   Sign: score=0.678, ratio=0.475, loss=1.0472, threshold=2.2027

[MOS-Core] Generating 5 malicious updates...
[MOS-Core] Template noise scale: 0.0001
[MOS-Core] Output norms: min=0.3880, mean=0.3884, max=0.3894
[MOS-Core] Attack completed successfully
============================================================

attack:mos_attack
defend:multi_krum
t  30: train_loss = 1.349, test_acc = 48.440
attack numbers = 8
current iteration attack ratio: 0.32

============================================================
[MOS-Core] Starting MOS-Attack
============================================================
[MOS-Core] Total parameters: 11,183,582
[MOS-Core] Benign clients: 17
[MOS-Core] Malicious slots: 8
[MOS-Core] Benign mean norm: 400.1570
[MOS-Core] Benign std (mean): 0.0014
[MOS-Core] ce_raw_norm=352121760.0
[MOS-Core] cw_raw_norm=352121760.0
[MOS-Core] ce_valid=True
[MOS-Core] cw_valid=True
[MOS-Core] ce_cw_cosine=0.9999999403953552
[MOS-Core] combined_pre_norm=0.9999999403953552
[MOS-Core] historical_direction_valid=True
[MOS-Core] historical_direction_norm=0.3872162699699402
[MOS-Core] guidance_history_cosine=0.9927322864532471
[MOS-Core] guidance_source=ce_cw_combined
[MOS-Core] guidance_fallback_used=False
[MOS-Core] final_guidance_norm=1.000000
[MOS-Core] Base radial threshold (q=0.95): 620.8437
[MOS-Core] Attack budget ratio: 1.0
[MOS-Core] current_budget=620.843689
[MOS-Core] current_budget_valid=True

[MOS-Core] Initializing constraints...
[MOS-Core] Enabled constraints: Radial, Sign
[MOS-Core] Radial weight: 1.0
[MOS-Core] Sign weight: 0.5, layer_reduce: quantile
[MOS-Core]   Radial threshold: 620.8437
[MOS-Core]   Sign threshold: 2.0256

[MOS-Core] Initializing population (size=10)...
[MOS-Core] adaptive_guided_init=True alpha_feasible=0.000977 scales=[0.0, 0.0001953125, 0.000390625, 0.0005859375, 0.00078125, 0.0009765625]
[MOS-Core] Generated 6 scale-based seeds: [0.0, 0.0001953125, 0.000390625, 0.0005859375, 0.00078125, 0.0009765625]
[MOS-Core] Historical seed injected at position 3
[MOS-Core] historical_raw_norm=0.387216
[MOS-Core] historical_direction_norm=1.000000
[MOS-Core] historical_seed_target_scale=310.421844
[MOS-Core] historical_seed_final_norm=310.421875
[MOS-Core] Generated 4 random candidates (noise_scale=0.1)
[MOS-Core] Initial population norms: min=0.0000, mean=129.5504, max=458.3813
[MOS-Core] Budget ratios: min=0.0000, mean=0.2087, max=0.7383
[MOS-Core] Clipped ratio: 0.00%
[MOS-Core] Historical seed used: True

[MOS-Core] Starting NSGA-II evolution...
[MOS-Core] Generations: 100
[MOS-Core] Population size: 10
[MOS-Core] SBX eta: 15.0, crossover_prob: 0.9
[MOS-Core] Mutation scale: 0.05
[MOS-Core] Gen 1/100:
  Stealth: mean=0.880, best=1.000
  Destructiveness: mean=0.424, best=0.608
  CV: mean=0.0000, min=0.0000
  Feasibility: count=10, ratio=100.00%
  Max feasible destruct: 0.608
  Pareto front size: 6
  Budget ratio: mean=0.016, max=0.040
  Radial: mean_ratio=0.016, max_ratio=0.040, mean_score=0.984
  Sign: mean_ratio=0.577, max_ratio=0.899, mean_score=0.671
[MOS-Core] Gen 10/100:
  Stealth: mean=0.903, best=1.000
  Destructiveness: mean=0.318, best=0.622
  CV: mean=0.0000, min=0.0000
  Feasibility: count=10, ratio=100.00%
  Max feasible destruct: 0.622
  Pareto front size: 10
  Budget ratio: mean=0.027, max=0.095
  Radial: mean_ratio=0.027, max_ratio=0.095, mean_score=0.974
  Sign: mean_ratio=0.386, max_ratio=0.883, mean_score=0.761
[MOS-Core] Gen 20/100:
  Stealth: mean=0.891, best=1.000
  Destructiveness: mean=0.356, best=0.634
  CV: mean=0.0000, min=0.0000
  Feasibility: count=10, ratio=100.00%
  Max feasible destruct: 0.634
  Pareto front size: 10
  Budget ratio: mean=0.031, max=0.132
  Radial: mean_ratio=0.031, max_ratio=0.132, mean_score=0.972
  Sign: mean_ratio=0.463, max_ratio=0.969, mean_score=0.729
[MOS-Core] Gen 30/100:
  Stealth: mean=0.868, best=1.000
  Destructiveness: mean=0.384, best=0.640
  CV: mean=0.0000, min=0.0000
  Feasibility: count=10, ratio=100.00%
  Max feasible destruct: 0.640
  Pareto front size: 10
  Budget ratio: mean=0.054, max=0.153
  Radial: mean_ratio=0.054, max_ratio=0.153, mean_score=0.952
  Sign: mean_ratio=0.519, max_ratio=0.979, mean_score=0.701
[MOS-Core] Gen 40/100:
  Stealth: mean=0.872, best=1.000
  Destructiveness: mean=0.362, best=0.647
  CV: mean=0.0000, min=0.0000
  Feasibility: count=10, ratio=100.00%
  Max feasible destruct: 0.647
  Pareto front size: 10
  Budget ratio: mean=0.061, max=0.166
  Radial: mean_ratio=0.061, max_ratio=0.166, mean_score=0.946
  Sign: mean_ratio=0.476, max_ratio=0.986, mean_score=0.724
[MOS-Core] Gen 50/100:
  Stealth: mean=0.861, best=1.000
  Destructiveness: mean=0.365, best=0.662
  CV: mean=0.0000, min=0.0000
  Feasibility: count=10, ratio=100.00%
  Max feasible destruct: 0.662
  Pareto front size: 10
  Budget ratio: mean=0.076, max=0.193
  Radial: mean_ratio=0.076, max_ratio=0.193, mean_score=0.933
  Sign: mean_ratio=0.484, max_ratio=0.998, mean_score=0.719
[MOS-Core] Gen 60/100:
  Stealth: mean=0.871, best=1.000
  Destructiveness: mean=0.329, best=0.665
  CV: mean=0.0000, min=0.0000
  Feasibility: count=10, ratio=100.00%
  Max feasible destruct: 0.665
  Pareto front size: 10
  Budget ratio: mean=0.078, max=0.209
  Radial: mean_ratio=0.078, max_ratio=0.209, mean_score=0.931
  Sign: mean_ratio=0.427, max_ratio=0.998, mean_score=0.752
[MOS-Core] Gen 70/100:
  Stealth: mean=0.868, best=1.000
  Destructiveness: mean=0.350, best=0.670
  CV: mean=0.0000, min=0.0000
  Feasibility: count=10, ratio=100.00%
  Max feasible destruct: 0.670
  Pareto front size: 10
  Budget ratio: mean=0.073, max=0.203
  Radial: mean_ratio=0.073, max_ratio=0.203, mean_score=0.935
  Sign: mean_ratio=0.456, max_ratio=0.977, mean_score=0.734
[MOS-Core] Gen 80/100:
  Stealth: mean=0.844, best=1.000
  Destructiveness: mean=0.409, best=0.679
  CV: mean=0.0000, min=0.0000
  Feasibility: count=10, ratio=100.00%
  Max feasible destruct: 0.679
  Pareto front size: 10
  Budget ratio: mean=0.090, max=0.211
  Radial: mean_ratio=0.090, max_ratio=0.211, mean_score=0.921
  Sign: mean_ratio=0.554, max_ratio=0.980, mean_score=0.689
[MOS-Core] Gen 90/100:
  Stealth: mean=0.846, best=1.000
  Destructiveness: mean=0.411, best=0.698
  CV: mean=0.0000, min=0.0000
  Feasibility: count=10, ratio=100.00%
  Max feasible destruct: 0.698
  Pareto front size: 10
  Budget ratio: mean=0.090, max=0.296
  Radial: mean_ratio=0.090, max_ratio=0.296, mean_score=0.924
  Sign: mean_ratio=0.559, max_ratio=0.998, mean_score=0.691
[MOS-Core] Gen 100/100:
  Stealth: mean=0.843, best=1.000
  Destructiveness: mean=0.414, best=0.709
  CV: mean=0.0000, min=0.0000
  Feasibility: count=10, ratio=100.00%
  Max feasible destruct: 0.709
  Pareto front size: 10
  Budget ratio: mean=0.096, max=0.289
  Radial: mean_ratio=0.096, max_ratio=0.289, mean_score=0.918
  Sign: mean_ratio=0.553, max_ratio=0.993, mean_score=0.692

[MOS-Core] Selecting final solution...
[MOS-Core] Selection parameters:
  Lambda_s (stealth weight): 0.50
  Lambda_a (attack weight): 0.50
  Attack floor ratio: 0.0709

[MOS-Core] Feasibility summary:
  Feasible solutions: 10
  Feasible ratio: 100.00%
  Selection mode: feasible
  Min CV in front: 0.0000

[MOS-Core] Pareto front summary:
  Front size: 10
  Stealth range: [0.685, 1.000]
  Destructiveness range: [0.000, 0.709]
  CV range: [0.0000, 0.0000]
  Candidates after attack floor: 9

[MOS-Core] Selected solution (index=3):
[MOS-Core]   Constraint pass score (R): 0.868
[MOS-Core]   Destructiveness (A): 0.485
[MOS-Core]   Total CV: 0.0000
[MOS-Core]   Deviation norm: 0.4850
[MOS-Core]   Budget usage: 0.08%
[MOS-Core] selection_mode=balanced_knee
[MOS-Core] selected_budget_ratio=0.000781
[MOS-Core] selected_stealth=0.867625
[MOS-Core] selected_destructiveness=0.485032
[MOS-Core] selected_cv=0.000000
[MOS-Core] selected_feasible=True
[MOS-Core] selected_guidance_alignment=1.000000
[MOS-Core] Per-constraint details:
[MOS-Core]   Radial: score=0.999, ratio=0.001, loss=0.4850, threshold=620.8437
[MOS-Core]   Sign: score=0.604, ratio=0.654, loss=1.3256, threshold=2.0256

[MOS-Core] Generating 8 malicious updates...
[MOS-Core] Template noise scale: 0.0001
[MOS-Core] Output norms: min=0.4860, mean=0.4865, max=0.4870
[MOS-Core] Attack completed successfully
============================================================

attack:mos_attack
defend:multi_krum
t  31: train_loss = 1.330, test_acc = 45.990
attack numbers = 6
current iteration attack ratio: 0.24

============================================================
[MOS-Core] Starting MOS-Attack
============================================================
[MOS-Core] Total parameters: 11,183,582
[MOS-Core] Benign clients: 19
[MOS-Core] Malicious slots: 6
[MOS-Core] Benign mean norm: 497.0708
[MOS-Core] Benign std (mean): 0.0013
[MOS-Core] ce_raw_norm=607149696.0
[MOS-Core] cw_raw_norm=607149696.0
[MOS-Core] ce_valid=True
[MOS-Core] cw_valid=True
[MOS-Core] ce_cw_cosine=1.0000001192092896
[MOS-Core] combined_pre_norm=1.0
[MOS-Core] historical_direction_valid=True
[MOS-Core] historical_direction_norm=0.48503419756889343
[MOS-Core] guidance_history_cosine=0.9941363334655762
[MOS-Core] guidance_source=ce_cw_combined
[MOS-Core] guidance_fallback_used=False
[MOS-Core] final_guidance_norm=1.000000
[MOS-Core] Base radial threshold (q=0.95): 479.9900
[MOS-Core] Attack budget ratio: 1.0
[MOS-Core] current_budget=479.990021
[MOS-Core] current_budget_valid=True

[MOS-Core] Initializing constraints...
[MOS-Core] Enabled constraints: Radial, Sign
[MOS-Core] Radial weight: 1.0
[MOS-Core] Sign weight: 0.5, layer_reduce: quantile
[MOS-Core]   Radial threshold: 479.9900
[MOS-Core]   Sign threshold: 1.9129

[MOS-Core] Initializing population (size=10)...
[MOS-Core] adaptive_guided_init=True alpha_feasible=0.000977 scales=[0.0, 0.0001953125, 0.000390625, 0.0005859375, 0.00078125, 0.0009765625]
[MOS-Core] Generated 6 scale-based seeds: [0.0, 0.0001953125, 0.000390625, 0.0005859375, 0.00078125, 0.0009765625]
[MOS-Core] Historical seed injected at position 3
[MOS-Core] historical_raw_norm=0.485034
[MOS-Core] historical_direction_norm=1.000000
[MOS-Core] historical_seed_target_scale=239.995010
[MOS-Core] historical_seed_final_norm=239.995010
[MOS-Core] Generated 4 random candidates (noise_scale=0.1)
[MOS-Core] Initial population norms: min=0.0000, mean=114.0510, max=430.3988
[MOS-Core] Budget ratios: min=0.0000, mean=0.2376, max=0.8967
[MOS-Core] Clipped ratio: 0.00%
[MOS-Core] Historical seed used: True

[MOS-Core] Starting NSGA-II evolution...
[MOS-Core] Generations: 100
[MOS-Core] Population size: 10
[MOS-Core] SBX eta: 15.0, crossover_prob: 0.9
[MOS-Core] Mutation scale: 0.05
[MOS-Core] Gen 1/100:
  Stealth: mean=0.891, best=1.000
  Destructiveness: mean=0.161, best=0.469
  CV: mean=0.8298, min=0.0000
  Feasibility: count=9, ratio=90.00%
  Max feasible destruct: 0.469
  Pareto front size: 6
  Budget ratio: mean=0.019, max=0.050
  Radial: mean_ratio=0.019, max_ratio=0.050, mean_score=0.982
  Sign: mean_ratio=2.071, max_ratio=17.596, mean_score=0.709
[MOS-Core] Gen 10/100:
  Stealth: mean=0.900, best=1.000
  Destructiveness: mean=0.273, best=0.475
  CV: mean=0.0000, min=0.0000
  Feasibility: count=10, ratio=100.00%
  Max feasible destruct: 0.475
  Pareto front size: 10
  Budget ratio: mean=0.029, max=0.100
  Radial: mean_ratio=0.029, max_ratio=0.100, mean_score=0.973
  Sign: mean_ratio=0.398, max_ratio=0.812, mean_score=0.754
[MOS-Core] Gen 20/100:
  Stealth: mean=0.885, best=1.000
  Destructiveness: mean=0.284, best=0.481
  CV: mean=0.0000, min=0.0000
  Feasibility: count=10, ratio=100.00%
  Max feasible destruct: 0.481
  Pareto front size: 10
  Budget ratio: mean=0.049, max=0.159
  Radial: mean_ratio=0.049, max_ratio=0.159, mean_score=0.956
  Sign: mean_ratio=0.426, max_ratio=0.834, mean_score=0.744
[MOS-Core] Gen 30/100:
  Stealth: mean=0.899, best=1.000
  Destructiveness: mean=0.248, best=0.492
  CV: mean=0.0000, min=0.0000
  Feasibility: count=10, ratio=100.00%
  Max feasible destruct: 0.492
  Pareto front size: 10
  Budget ratio: mean=0.046, max=0.162
  Radial: mean_ratio=0.046, max_ratio=0.162, mean_score=0.959
  Sign: mean_ratio=0.344, max_ratio=0.815, mean_score=0.780
[MOS-Core] Gen 40/100:
  Stealth: mean=0.891, best=1.000
  Destructiveness: mean=0.276, best=0.496
  CV: mean=0.0000, min=0.0000
  Feasibility: count=10, ratio=100.00%
  Max feasible destruct: 0.496
  Pareto front size: 10
  Budget ratio: mean=0.046, max=0.180
  Radial: mean_ratio=0.046, max_ratio=0.180, mean_score=0.959
  Sign: mean_ratio=0.396, max_ratio=0.785, mean_score=0.755
[MOS-Core] Gen 50/100:
  Stealth: mean=0.865, best=1.000
  Destructiveness: mean=0.309, best=0.507
  CV: mean=0.0000, min=0.0000
  Feasibility: count=10, ratio=100.00%
  Max feasible destruct: 0.507
  Pareto front size: 10
  Budget ratio: mean=0.068, max=0.212
  Radial: mean_ratio=0.068, max_ratio=0.212, mean_score=0.940
  Sign: mean_ratio=0.470, max_ratio=0.802, mean_score=0.716
[MOS-Core] Gen 60/100:
  Stealth: mean=0.863, best=1.000
  Destructiveness: mean=0.310, best=0.518
  CV: mean=0.0000, min=0.0000
  Feasibility: count=10, ratio=100.00%
  Max feasible destruct: 0.518
  Pareto front size: 10
  Budget ratio: mean=0.071, max=0.215
  Radial: mean_ratio=0.071, max_ratio=0.215, mean_score=0.937
  Sign: mean_ratio=0.475, max_ratio=0.841, mean_score=0.713
[MOS-Core] Gen 70/100:
  Stealth: mean=0.863, best=1.000
  Destructiveness: mean=0.311, best=0.528
  CV: mean=0.0000, min=0.0000
  Feasibility: count=10, ratio=100.00%
  Max feasible destruct: 0.528
  Pareto front size: 10
  Budget ratio: mean=0.070, max=0.212
  Radial: mean_ratio=0.070, max_ratio=0.212, mean_score=0.938
  Sign: mean_ratio=0.475, max_ratio=0.875, mean_score=0.713
[MOS-Core] Gen 80/100:
  Stealth: mean=0.858, best=1.000
  Destructiveness: mean=0.318, best=0.548
  CV: mean=0.0000, min=0.0000
  Feasibility: count=10, ratio=100.00%
  Max feasible destruct: 0.548
  Pareto front size: 10
  Budget ratio: mean=0.078, max=0.242
  Radial: mean_ratio=0.078, max_ratio=0.242, mean_score=0.933
  Sign: mean_ratio=0.489, max_ratio=0.897, mean_score=0.709
[MOS-Core] Gen 90/100:
  Stealth: mean=0.856, best=1.000
  Destructiveness: mean=0.319, best=0.555
  CV: mean=0.0000, min=0.0000
  Feasibility: count=10, ratio=100.00%
  Max feasible destruct: 0.555
  Pareto front size: 10
  Budget ratio: mean=0.084, max=0.270
  Radial: mean_ratio=0.084, max_ratio=0.270, mean_score=0.929
  Sign: mean_ratio=0.484, max_ratio=0.912, mean_score=0.710
[MOS-Core] Gen 100/100:
  Stealth: mean=0.852, best=1.000
  Destructiveness: mean=0.321, best=0.573
  CV: mean=0.0000, min=0.0000
  Feasibility: count=10, ratio=100.00%
  Max feasible destruct: 0.573
  Pareto front size: 10
  Budget ratio: mean=0.092, max=0.283
  Radial: mean_ratio=0.092, max_ratio=0.283, mean_score=0.922
  Sign: mean_ratio=0.485, max_ratio=0.938, mean_score=0.710

[MOS-Core] Selecting final solution...
[MOS-Core] Selection parameters:
  Lambda_s (stealth weight): 0.50
  Lambda_a (attack weight): 0.50
  Attack floor ratio: 0.0573

[MOS-Core] Feasibility summary:
  Feasible solutions: 10
  Feasible ratio: 100.00%
  Selection mode: feasible
  Min CV in front: 0.0000

[MOS-Core] Pareto front summary:
  Front size: 10
  Stealth range: [0.692, 1.000]
  Destructiveness range: [0.000, 0.573]
  CV range: [0.0000, 0.0000]
  Candidates after attack floor: 8

[MOS-Core] Selected solution (index=6):
[MOS-Core]   Constraint pass score (R): 0.878
[MOS-Core]   Destructiveness (A): 0.375
[MOS-Core]   Total CV: 0.0000
[MOS-Core]   Deviation norm: 0.3750
[MOS-Core]   Budget usage: 0.08%
[MOS-Core] selection_mode=balanced_knee
[MOS-Core] selected_budget_ratio=0.000781
[MOS-Core] selected_stealth=0.878409
[MOS-Core] selected_destructiveness=0.374991
[MOS-Core] selected_cv=0.000000
[MOS-Core] selected_feasible=True
[MOS-Core] selected_guidance_alignment=1.000000
[MOS-Core] Per-constraint details:
[MOS-Core]   Radial: score=0.999, ratio=0.001, loss=0.3750, threshold=479.9900
[MOS-Core]   Sign: score=0.637, ratio=0.570, loss=1.0911, threshold=1.9129

[MOS-Core] Generating 6 malicious updates...
[MOS-Core] Template noise scale: 0.0001
[MOS-Core] Output norms: min=0.3758, mean=0.3761, max=0.3765
[MOS-Core] Attack completed successfully
============================================================

attack:mos_attack
defend:multi_krum
t  32: train_loss = 1.317, test_acc = 48.890
attack numbers = 9
current iteration attack ratio: 0.36

============================================================
[MOS-Core] Starting MOS-Attack
============================================================
[MOS-Core] Total parameters: 11,183,582
[MOS-Core] Benign clients: 16
[MOS-Core] Malicious slots: 9
[MOS-Core] Benign mean norm: 345.3684
[MOS-Core] Benign std (mean): 0.0014
[MOS-Core] ce_raw_norm=1012856320.0
[MOS-Core] cw_raw_norm=1012856320.0
[MOS-Core] ce_valid=True
[MOS-Core] cw_valid=True
[MOS-Core] ce_cw_cosine=1.0
[MOS-Core] combined_pre_norm=1.0
[MOS-Core] historical_direction_valid=True
[MOS-Core] historical_direction_norm=0.3749922215938568
[MOS-Core] guidance_history_cosine=0.9953099489212036
[MOS-Core] guidance_source=ce_cw_combined
[MOS-Core] guidance_fallback_used=False
[MOS-Core] final_guidance_norm=1.000000
[MOS-Core] Base radial threshold (q=0.95): 502.0167
[MOS-Core] Attack budget ratio: 1.0
[MOS-Core] current_budget=502.016663
[MOS-Core] current_budget_valid=True

[MOS-Core] Initializing constraints...
[MOS-Core] Enabled constraints: Radial, Sign
[MOS-Core] Radial weight: 1.0
[MOS-Core] Sign weight: 0.5, layer_reduce: quantile
[MOS-Core]   Radial threshold: 502.0167
[MOS-Core]   Sign threshold: 1.9611

[MOS-Core] Initializing population (size=10)...
[MOS-Core] adaptive_guided_init=True alpha_feasible=0.000977 scales=[0.0, 0.0001953125, 0.000390625, 0.0005859375, 0.00078125, 0.0009765625]
[MOS-Core] Generated 6 scale-based seeds: [0.0, 0.0001953125, 0.000390625, 0.0005859375, 0.00078125, 0.0009765625]
[MOS-Core] Historical seed injected at position 3
[MOS-Core] historical_raw_norm=0.374992
[MOS-Core] historical_direction_norm=1.000000
[MOS-Core] historical_seed_target_scale=251.008331
[MOS-Core] historical_seed_final_norm=251.008347
[MOS-Core] Generated 4 random candidates (noise_scale=0.1)
[MOS-Core] Initial population norms: min=0.0000, mean=135.7685, max=412.9340
[MOS-Core] Budget ratios: min=0.0000, mean=0.2704, max=0.8226
[MOS-Core] Clipped ratio: 0.00%
[MOS-Core] Historical seed used: True

[MOS-Core] Starting NSGA-II evolution...
[MOS-Core] Generations: 100
[MOS-Core] Population size: 10
[MOS-Core] SBX eta: 15.0, crossover_prob: 0.9
[MOS-Core] Mutation scale: 0.05
[MOS-Core] Gen 1/100:
  Stealth: mean=0.911, best=1.000
  Destructiveness: mean=0.275, best=0.490
  CV: mean=0.0000, min=0.0000
  Feasibility: count=10, ratio=100.00%
  Max feasible destruct: 0.490
  Pareto front size: 8
  Budget ratio: mean=0.018, max=0.044
  Radial: mean_ratio=0.018, max_ratio=0.044, mean_score=0.983
  Sign: mean_ratio=0.384, max_ratio=0.750, mean_score=0.766
[MOS-Core] Gen 10/100:
  Stealth: mean=0.902, best=1.000
  Destructiveness: mean=0.285, best=0.494
  CV: mean=0.0000, min=0.0000
  Feasibility: count=10, ratio=100.00%
  Max feasible destruct: 0.494
  Pareto front size: 10
  Budget ratio: mean=0.027, max=0.088
  Radial: mean_ratio=0.027, max_ratio=0.088, mean_score=0.975
  Sign: mean_ratio=0.386, max_ratio=0.771, mean_score=0.757
[MOS-Core] Gen 20/100:
  Stealth: mean=0.886, best=1.000
  Destructiveness: mean=0.307, best=0.502
  CV: mean=0.0000, min=0.0000
  Feasibility: count=10, ratio=100.00%
  Max feasible destruct: 0.502
  Pareto front size: 10
  Budget ratio: mean=0.044, max=0.136
  Radial: mean_ratio=0.044, max_ratio=0.136, mean_score=0.960
  Sign: mean_ratio=0.422, max_ratio=0.770, mean_score=0.738
[MOS-Core] Gen 30/100:
  Stealth: mean=0.889, best=1.000
  Destructiveness: mean=0.289, best=0.507
  CV: mean=0.0000, min=0.0000
  Feasibility: count=10, ratio=100.00%
  Max feasible destruct: 0.507
  Pareto front size: 10
  Budget ratio: mean=0.052, max=0.178
  Radial: mean_ratio=0.052, max_ratio=0.178, mean_score=0.955
  Sign: mean_ratio=0.387, max_ratio=0.768, mean_score=0.757
[MOS-Core] Gen 40/100:
  Stealth: mean=0.878, best=1.000
  Destructiveness: mean=0.300, best=0.513
  CV: mean=0.0000, min=0.0000
  Feasibility: count=10, ratio=100.00%
  Max feasible destruct: 0.513
  Pareto front size: 10
  Budget ratio: mean=0.068, max=0.215
  Radial: mean_ratio=0.068, max_ratio=0.215, mean_score=0.941
  Sign: mean_ratio=0.403, max_ratio=0.786, mean_score=0.751
[MOS-Core] Gen 50/100:
  Stealth: mean=0.863, best=1.000
  Destructiveness: mean=0.331, best=0.522
  CV: mean=0.0000, min=0.0000
  Feasibility: count=10, ratio=100.00%
  Max feasible destruct: 0.522
  Pareto front size: 10
  Budget ratio: mean=0.076, max=0.229
  Radial: mean_ratio=0.076, max_ratio=0.229, mean_score=0.934
  Sign: mean_ratio=0.455, max_ratio=0.807, mean_score=0.720
[MOS-Core] Gen 60/100:
  Stealth: mean=0.872, best=1.000
  Destructiveness: mean=0.293, best=0.532
  CV: mean=0.0000, min=0.0000
  Feasibility: count=10, ratio=100.00%
  Max feasible destruct: 0.532
  Pareto front size: 10
  Budget ratio: mean=0.081, max=0.304
  Radial: mean_ratio=0.081, max_ratio=0.304, mean_score=0.931
  Sign: mean_ratio=0.398, max_ratio=0.888, mean_score=0.754
[MOS-Core] Gen 70/100:
  Stealth: mean=0.854, best=1.000
  Destructiveness: mean=0.297, best=0.538
  CV: mean=0.0000, min=0.0000
  Feasibility: count=10, ratio=100.00%
  Max feasible destruct: 0.538
  Pareto front size: 10
  Budget ratio: mean=0.115, max=0.400
  Radial: mean_ratio=0.115, max_ratio=0.400, mean_score=0.909
  Sign: mean_ratio=0.426, max_ratio=0.931, mean_score=0.745
[MOS-Core] Gen 80/100:
  Stealth: mean=0.854, best=1.000
  Destructiveness: mean=0.299, best=0.546
  CV: mean=0.0000, min=0.0000
  Feasibility: count=10, ratio=100.00%
  Max feasible destruct: 0.546
  Pareto front size: 10
  Budget ratio: mean=0.114, max=0.408
  Radial: mean_ratio=0.114, max_ratio=0.408, mean_score=0.909
  Sign: mean_ratio=0.426, max_ratio=0.942, mean_score=0.745
[MOS-Core] Gen 90/100:
  Stealth: mean=0.822, best=1.000
  Destructiveness: mean=0.335, best=0.565
  CV: mean=0.0000, min=0.0000
  Feasibility: count=10, ratio=100.00%
  Max feasible destruct: 0.565
  Pareto front size: 10
  Budget ratio: mean=0.163, max=0.470
  Radial: mean_ratio=0.163, max_ratio=0.470, mean_score=0.877
  Sign: mean_ratio=0.500, max_ratio=0.966, mean_score=0.712
[MOS-Core] Gen 100/100:
  Stealth: mean=0.819, best=1.000
  Destructiveness: mean=0.339, best=0.574
  CV: mean=0.0000, min=0.0000
  Feasibility: count=10, ratio=100.00%
  Max feasible destruct: 0.574
  Pareto front size: 10
  Budget ratio: mean=0.170, max=0.513
  Radial: mean_ratio=0.170, max_ratio=0.513, mean_score=0.873
  Sign: mean_ratio=0.505, max_ratio=0.977, mean_score=0.710

[MOS-Core] Selecting final solution...
[MOS-Core] Selection parameters:
  Lambda_s (stealth weight): 0.50
  Lambda_a (attack weight): 0.50
  Attack floor ratio: 0.0574

[MOS-Core] Feasibility summary:
  Feasible solutions: 10
  Feasible ratio: 100.00%
  Selection mode: feasible
  Min CV in front: 0.0000

[MOS-Core] Pareto front summary:
  Front size: 10
  Stealth range: [0.609, 1.000]
  Destructiveness range: [0.000, 0.574]
  CV range: [0.0000, 0.0000]
  Candidates after attack floor: 9

[MOS-Core] Selected solution (index=3):
[MOS-Core]   Constraint pass score (R): 0.881
[MOS-Core]   Destructiveness (A): 0.392
[MOS-Core]   Total CV: 0.0000
[MOS-Core]   Deviation norm: 0.3922
[MOS-Core]   Budget usage: 0.08%
[MOS-Core] selection_mode=balanced_knee
[MOS-Core] selected_budget_ratio=0.000781
[MOS-Core] selected_stealth=0.880928
[MOS-Core] selected_destructiveness=0.392199
[MOS-Core] selected_cv=0.000000
[MOS-Core] selected_feasible=True
[MOS-Core] selected_guidance_alignment=1.000000
[MOS-Core] Per-constraint details:
[MOS-Core]   Radial: score=0.999, ratio=0.001, loss=0.3922, threshold=502.0167
[MOS-Core]   Sign: score=0.644, ratio=0.552, loss=1.0824, threshold=1.9611

[MOS-Core] Generating 9 malicious updates...
[MOS-Core] Template noise scale: 0.0001
[MOS-Core] Output norms: min=0.3937, mean=0.3939, max=0.3942
[MOS-Core] Attack completed successfully
============================================================

attack:mos_attack
defend:multi_krum
t  33: train_loss = 1.305, test_acc = 48.040
attack numbers = 8
current iteration attack ratio: 0.32

============================================================
[MOS-Core] Starting MOS-Attack
============================================================
[MOS-Core] Total parameters: 11,183,582
[MOS-Core] Benign clients: 17
[MOS-Core] Malicious slots: 8
[MOS-Core] Benign mean norm: 487.8303
[MOS-Core] Benign std (mean): 0.0015
[MOS-Core] ce_raw_norm=1710138752.0
[MOS-Core] cw_raw_norm=1710138752.0
[MOS-Core] ce_valid=True
[MOS-Core] cw_valid=True
[MOS-Core] ce_cw_cosine=0.9999998211860657
[MOS-Core] combined_pre_norm=0.9999999403953552
[MOS-Core] historical_direction_valid=True
[MOS-Core] historical_direction_norm=0.3922005295753479
[MOS-Core] guidance_history_cosine=0.9948939681053162
[MOS-Core] guidance_source=ce_cw_combined
[MOS-Core] guidance_fallback_used=False
[MOS-Core] final_guidance_norm=1.000000
[MOS-Core] Base radial threshold (q=0.95): 853.9004
[MOS-Core] Attack budget ratio: 1.0
[MOS-Core] current_budget=853.900391
[MOS-Core] current_budget_valid=True

[MOS-Core] Initializing constraints...
[MOS-Core] Enabled constraints: Radial, Sign
[MOS-Core] Radial weight: 1.0
[MOS-Core] Sign weight: 0.5, layer_reduce: quantile
[MOS-Core]   Radial threshold: 853.9004
[MOS-Core]   Sign threshold: 1.9107

[MOS-Core] Initializing population (size=10)...
[MOS-Core] adaptive_guided_init=True alpha_feasible=0.000000 scales=[0.0, 0.0, 0.0, 0.0, 0.0, 0.0]
[MOS-Core] Generated 6 scale-based seeds: [0.0, 0.0, 0.0, 0.0, 0.0, 0.0]
[MOS-Core] Historical seed injected at position 3
[MOS-Core] historical_raw_norm=0.392201
[MOS-Core] historical_direction_norm=1.000000
[MOS-Core] historical_seed_target_scale=426.950195
[MOS-Core] historical_seed_final_norm=426.950165
[MOS-Core] Generated 4 random candidates (noise_scale=0.1)
[MOS-Core] Initial population norms: min=0.0000, mean=278.8406, max=641.2380
[MOS-Core] Budget ratios: min=0.0000, mean=0.3265, max=0.7510
[MOS-Core] Clipped ratio: 0.00%
[MOS-Core] Historical seed used: True

[MOS-Core] Starting NSGA-II evolution...
[MOS-Core] Generations: 100
[MOS-Core] Population size: 10
[MOS-Core] SBX eta: 15.0, crossover_prob: 0.9
[MOS-Core] Mutation scale: 0.05
[MOS-Core] Gen 1/100:
  Stealth: mean=0.952, best=1.000
  Destructiveness: mean=-0.112, best=0.003
  CV: mean=0.7370, min=0.0000
  Feasibility: count=9, ratio=90.00%
  Max feasible destruct: 0.003
  Pareto front size: 8
  Budget ratio: mean=0.024, max=0.074
  Radial: mean_ratio=0.024, max_ratio=0.074, mean_score=0.978
  Sign: mean_ratio=1.580, max_ratio=15.741, mean_score=0.900
[MOS-Core] Gen 10/100:
  Stealth: mean=0.977, best=1.000
  Destructiveness: mean=0.003, best=0.008
  CV: mean=0.0000, min=0.0000
  Feasibility: count=10, ratio=100.00%
  Max feasible destruct: 0.008
  Pareto front size: 10
  Budget ratio: mean=0.027, max=0.051
  Radial: mean_ratio=0.027, max_ratio=0.051, mean_score=0.974
  Sign: mean_ratio=0.019, max_ratio=0.041, mean_score=0.982
[MOS-Core] Gen 20/100:
  Stealth: mean=0.949, best=1.000
  Destructiveness: mean=0.010, best=0.018
  CV: mean=0.0000, min=0.0000
  Feasibility: count=10, ratio=100.00%
  Max feasible destruct: 0.018
  Pareto front size: 10
  Budget ratio: mean=0.060, max=0.143
  Radial: mean_ratio=0.060, max_ratio=0.143, mean_score=0.945
  Sign: mean_ratio=0.046, max_ratio=0.080, mean_score=0.957
[MOS-Core] Gen 30/100:
  Stealth: mean=0.954, best=1.000
  Destructiveness: mean=0.011, best=0.028
  CV: mean=0.0000, min=0.0000
  Feasibility: count=10, ratio=100.00%
  Max feasible destruct: 0.028
  Pareto front size: 10
  Budget ratio: mean=0.048, max=0.086
  Radial: mean_ratio=0.048, max_ratio=0.086, mean_score=0.955
  Sign: mean_ratio=0.051, max_ratio=0.127, mean_score=0.953
[MOS-Core] Gen 40/100:
  Stealth: mean=0.942, best=1.000
  Destructiveness: mean=0.018, best=0.042
  CV: mean=0.0000, min=0.0000
  Feasibility: count=10, ratio=100.00%
  Max feasible destruct: 0.042
  Pareto front size: 10
  Budget ratio: mean=0.057, max=0.092
  Radial: mean_ratio=0.057, max_ratio=0.092, mean_score=0.947
  Sign: mean_ratio=0.075, max_ratio=0.161, mean_score=0.932
[MOS-Core] Gen 50/100:
  Stealth: mean=0.922, best=1.000
  Destructiveness: mean=0.027, best=0.054
  CV: mean=0.0000, min=0.0000
  Feasibility: count=10, ratio=100.00%
  Max feasible destruct: 0.054
  Pareto front size: 10
  Budget ratio: mean=0.079, max=0.166
  Radial: mean_ratio=0.079, max_ratio=0.166, mean_score=0.929
  Sign: mean_ratio=0.106, max_ratio=0.199, mean_score=0.908
[MOS-Core] Gen 60/100:
  Stealth: mean=0.904, best=1.000
  Destructiveness: mean=0.034, best=0.071
  CV: mean=0.0000, min=0.0000
  Feasibility: count=10, ratio=100.00%
  Max feasible destruct: 0.071
  Pareto front size: 10
  Budget ratio: mean=0.099, max=0.204
  Radial: mean_ratio=0.099, max_ratio=0.204, mean_score=0.912
  Sign: mean_ratio=0.134, max_ratio=0.252, mean_score=0.887
[MOS-Core] Gen 70/100:
  Stealth: mean=0.887, best=1.000
  Destructiveness: mean=0.045, best=0.085
  CV: mean=0.0000, min=0.0000
  Feasibility: count=10, ratio=100.00%
  Max feasible destruct: 0.085
  Pareto front size: 10
  Budget ratio: mean=0.120, max=0.268
  Radial: mean_ratio=0.120, max_ratio=0.268, mean_score=0.897
  Sign: mean_ratio=0.165, max_ratio=0.286, mean_score=0.866
[MOS-Core] Gen 80/100:
  Stealth: mean=0.894, best=1.000
  Destructiveness: mean=0.048, best=0.104
  CV: mean=0.0000, min=0.0000
  Feasibility: count=10, ratio=100.00%
  Max feasible destruct: 0.104
  Pareto front size: 10
  Budget ratio: mean=0.107, max=0.229
  Radial: mean_ratio=0.107, max_ratio=0.229, mean_score=0.907
  Sign: mean_ratio=0.164, max_ratio=0.316, mean_score=0.867
[MOS-Core] Gen 90/100:
  Stealth: mean=0.876, best=1.000
  Destructiveness: mean=0.060, best=0.125
  CV: mean=0.0000, min=0.0000
  Feasibility: count=10, ratio=100.00%
  Max feasible destruct: 0.125
  Pareto front size: 10
  Budget ratio: mean=0.129, max=0.303
  Radial: mean_ratio=0.129, max_ratio=0.303, mean_score=0.891
  Sign: mean_ratio=0.197, max_ratio=0.351, mean_score=0.845
[MOS-Core] Gen 100/100:
  Stealth: mean=0.858, best=1.000
  Destructiveness: mean=0.072, best=0.143
  CV: mean=0.0000, min=0.0000
  Feasibility: count=10, ratio=100.00%
  Max feasible destruct: 0.143
  Pareto front size: 10
  Budget ratio: mean=0.151, max=0.371
  Radial: mean_ratio=0.151, max_ratio=0.371, mean_score=0.876
  Sign: mean_ratio=0.229, max_ratio=0.382, mean_score=0.823

[MOS-Core] Selecting final solution...
[MOS-Core] Selection parameters:
  Lambda_s (stealth weight): 0.50
  Lambda_a (attack weight): 0.50
  Attack floor ratio: 0.0143

[MOS-Core] Feasibility summary:
  Feasible solutions: 10
  Feasible ratio: 100.00%
  Selection mode: feasible
  Min CV in front: 0.0000

[MOS-Core] Pareto front summary:
  Front size: 10
  Stealth range: [0.727, 1.000]
  Destructiveness range: [0.000, 0.143]
  CV range: [0.0000, 0.0000]
  Candidates after attack floor: 8

[MOS-Core] Selected solution (index=6):
[MOS-Core]   Constraint pass score (R): 0.838
[MOS-Core]   Destructiveness (A): 0.090
[MOS-Core]   Total CV: 0.0000
[MOS-Core]   Deviation norm: 126.9616
[MOS-Core]   Budget usage: 14.87%
[MOS-Core] selection_mode=balanced_knee
[MOS-Core] selected_budget_ratio=0.148684
[MOS-Core] selected_stealth=0.837639
[MOS-Core] selected_destructiveness=0.089526
[MOS-Core] selected_cv=0.000000
[MOS-Core] selected_feasible=True
[MOS-Core] selected_guidance_alignment=0.000705
[MOS-Core] Per-constraint details:
[MOS-Core]   Radial: score=0.871, ratio=0.149, loss=126.9616, threshold=853.9004
[MOS-Core]   Sign: score=0.772, ratio=0.296, loss=0.5650, threshold=1.9107

[MOS-Core] Generating 8 malicious updates...
[MOS-Core] Template noise scale: 0.0001
[MOS-Core] Output norms: min=126.9526, mean=126.9629, max=126.9809
[MOS-Core] Attack completed successfully
============================================================

attack:mos_attack
defend:multi_krum
t  34: train_loss = 1.306, test_acc = 10.000
attack numbers = 0
current iteration attack ratio: 0.0
attack:mos_attack
defend:multi_krum
t  35: train_loss = 1.263, test_acc = 50.230
attack numbers = 6
current iteration attack ratio: 0.24

============================================================
[MOS-Core] Starting MOS-Attack
============================================================
[MOS-Core] Total parameters: 11,183,582
[MOS-Core] Benign clients: 19
[MOS-Core] Malicious slots: 6
[MOS-Core] Benign mean norm: 227.2551
[MOS-Core] Benign std (mean): 0.0013
[MOS-Core] ce_raw_norm=1069160896.0
[MOS-Core] cw_raw_norm=1069160896.0
[MOS-Core] ce_valid=True
[MOS-Core] cw_valid=True
[MOS-Core] ce_cw_cosine=1.0000001192092896
[MOS-Core] combined_pre_norm=1.0
[MOS-Core] historical_direction_valid=True
[MOS-Core] historical_direction_norm=126.96160125732422
[MOS-Core] guidance_history_cosine=0.0006588940741494298
[MOS-Core] guidance_source=ce_cw_combined
[MOS-Core] guidance_fallback_used=False
[MOS-Core] final_guidance_norm=1.000000
[MOS-Core] Base radial threshold (q=0.95): 565.0083
[MOS-Core] Attack budget ratio: 1.0
[MOS-Core] current_budget=565.008301
[MOS-Core] current_budget_valid=True

[MOS-Core] Initializing constraints...
[MOS-Core] Enabled constraints: Radial, Sign
[MOS-Core] Radial weight: 1.0
[MOS-Core] Sign weight: 0.5, layer_reduce: quantile
[MOS-Core]   Radial threshold: 565.0083
[MOS-Core]   Sign threshold: 1.5688

[MOS-Core] Initializing population (size=10)...
[MOS-Core] adaptive_guided_init=True alpha_feasible=0.000977 scales=[0.0, 0.0001953125, 0.000390625, 0.0005859375, 0.00078125, 0.0009765625]
[MOS-Core] Generated 6 scale-based seeds: [0.0, 0.0001953125, 0.000390625, 0.0005859375, 0.00078125, 0.0009765625]
[MOS-Core] Historical seed injected at position 3
[MOS-Core] historical_raw_norm=126.961601
[MOS-Core] historical_direction_norm=1.000000
[MOS-Core] historical_seed_target_scale=282.504150
[MOS-Core] historical_seed_final_norm=282.504150
[MOS-Core] Generated 4 random candidates (noise_scale=0.1)
[MOS-Core] Initial population norms: min=0.0000, mean=158.7729, max=504.9474
[MOS-Core] Budget ratios: min=0.0000, mean=0.2810, max=0.8937
[MOS-Core] Clipped ratio: 0.00%
[MOS-Core] Historical seed used: True

[MOS-Core] Starting NSGA-II evolution...
[MOS-Core] Generations: 100
[MOS-Core] Population size: 10
[MOS-Core] SBX eta: 15.0, crossover_prob: 0.9
[MOS-Core] Mutation scale: 0.05
[MOS-Core] Gen 1/100:
  Stealth: mean=0.910, best=1.000
  Destructiveness: mean=0.265, best=0.552
  CV: mean=0.0000, min=0.0000
  Feasibility: count=10, ratio=100.00%
  Max feasible destruct: 0.552
  Pareto front size: 8
  Budget ratio: mean=0.016, max=0.035
  Radial: mean_ratio=0.016, max_ratio=0.035, mean_score=0.985
  Sign: mean_ratio=0.412, max_ratio=0.995, mean_score=0.761
[MOS-Core] Gen 10/100:
  Stealth: mean=0.897, best=1.000
  Destructiveness: mean=0.288, best=0.554
  CV: mean=0.0000, min=0.0000
  Feasibility: count=10, ratio=100.00%
  Max feasible destruct: 0.554
  Pareto front size: 10
  Budget ratio: mean=0.025, max=0.073
  Radial: mean_ratio=0.025, max_ratio=0.073, mean_score=0.976
  Sign: mean_ratio=0.441, max_ratio=0.995, mean_score=0.739
[MOS-Core] Gen 20/100:
  Stealth: mean=0.896, best=1.000
  Destructiveness: mean=0.288, best=0.558
  CV: mean=0.0000, min=0.0000
  Feasibility: count=10, ratio=100.00%
  Max feasible destruct: 0.558
  Pareto front size: 10
  Budget ratio: mean=0.028, max=0.096
  Radial: mean_ratio=0.028, max_ratio=0.096, mean_score=0.974
  Sign: mean_ratio=0.440, max_ratio=0.990, mean_score=0.739
[MOS-Core] Gen 30/100:
  Stealth: mean=0.886, best=1.000
  Destructiveness: mean=0.303, best=0.576
  CV: mean=0.0000, min=0.0000
  Feasibility: count=10, ratio=100.00%
  Max feasible destruct: 0.576
  Pareto front size: 10
  Budget ratio: mean=0.039, max=0.111
  Radial: mean_ratio=0.039, max_ratio=0.111, mean_score=0.964
  Sign: mean_ratio=0.467, max_ratio=0.994, mean_score=0.730
[MOS-Core] Gen 40/100:
  Stealth: mean=0.874, best=1.000
  Destructiveness: mean=0.324, best=0.578
  CV: mean=0.0000, min=0.0000
  Feasibility: count=10, ratio=100.00%
  Max feasible destruct: 0.578
  Pareto front size: 10
  Budget ratio: mean=0.045, max=0.120
  Radial: mean_ratio=0.045, max_ratio=0.120, mean_score=0.959
  Sign: mean_ratio=0.521, max_ratio=0.993, mean_score=0.705
[MOS-Core] Gen 50/100:
  Stealth: mean=0.876, best=1.000
  Destructiveness: mean=0.270, best=0.583
  CV: mean=0.0000, min=0.0000
  Feasibility: count=10, ratio=100.00%
  Max feasible destruct: 0.583
  Pareto front size: 10
  Budget ratio: mean=0.064, max=0.135
  Radial: mean_ratio=0.064, max_ratio=0.135, mean_score=0.942
  Sign: mean_ratio=0.434, max_ratio=0.990, mean_score=0.744
[MOS-Core] Gen 60/100:
  Stealth: mean=0.846, best=1.000
  Destructiveness: mean=0.363, best=0.589
  CV: mean=0.0000, min=0.0000
  Feasibility: count=10, ratio=100.00%
  Max feasible destruct: 0.589
  Pareto front size: 10
  Budget ratio: mean=0.073, max=0.166
  Radial: mean_ratio=0.073, max_ratio=0.166, mean_score=0.934
  Sign: mean_ratio=0.600, max_ratio=0.995, mean_score=0.670
[MOS-Core] Gen 70/100:
  Stealth: mean=0.854, best=1.000
  Destructiveness: mean=0.352, best=0.592
  CV: mean=0.0000, min=0.0000
  Feasibility: count=10, ratio=100.00%
  Max feasible destruct: 0.592
  Pareto front size: 10
  Budget ratio: mean=0.068, max=0.186
  Radial: mean_ratio=0.068, max_ratio=0.186, mean_score=0.939
  Sign: mean_ratio=0.580, max_ratio=0.993, mean_score=0.683
[MOS-Core] Gen 80/100:
  Stealth: mean=0.867, best=1.000
  Destructiveness: mean=0.276, best=0.594
  CV: mean=0.0000, min=0.0000
  Feasibility: count=10, ratio=100.00%
  Max feasible destruct: 0.594
  Pareto front size: 10
  Budget ratio: mean=0.080, max=0.197
  Radial: mean_ratio=0.080, max_ratio=0.197, mean_score=0.928
  Sign: mean_ratio=0.437, max_ratio=0.985, mean_score=0.744
[MOS-Core] Gen 90/100:
  Stealth: mean=0.860, best=1.000
  Destructiveness: mean=0.278, best=0.604
  CV: mean=0.0000, min=0.0000
  Feasibility: count=10, ratio=100.00%
  Max feasible destruct: 0.604
  Pareto front size: 10
  Budget ratio: mean=0.090, max=0.228
  Radial: mean_ratio=0.090, max_ratio=0.228, mean_score=0.920
  Sign: mean_ratio=0.444, max_ratio=0.993, mean_score=0.739
[MOS-Core] Gen 100/100:
  Stealth: mean=0.846, best=1.000
  Destructiveness: mean=0.314, best=0.610
  CV: mean=0.0000, min=0.0000
  Feasibility: count=10, ratio=100.00%
  Max feasible destruct: 0.610
  Pareto front size: 10
  Budget ratio: mean=0.094, max=0.223
  Radial: mean_ratio=0.094, max_ratio=0.223, mean_score=0.917
  Sign: mean_ratio=0.514, max_ratio=0.996, mean_score=0.704

[MOS-Core] Selecting final solution...
[MOS-Core] Selection parameters:
  Lambda_s (stealth weight): 0.50
  Lambda_a (attack weight): 0.50
  Attack floor ratio: 0.0610

[MOS-Core] Feasibility summary:
  Feasible solutions: 10
  Feasible ratio: 100.00%
  Selection mode: feasible
  Min CV in front: 0.0000

[MOS-Core] Pareto front summary:
  Front size: 10
  Stealth range: [0.712, 1.000]
  Destructiveness range: [0.000, 0.610]
  CV range: [0.0000, 0.0000]
  Candidates after attack floor: 8

[MOS-Core] Selected solution (index=2):
[MOS-Core]   Constraint pass score (R): 0.857
[MOS-Core]   Destructiveness (A): 0.441
[MOS-Core]   Total CV: 0.0000
[MOS-Core]   Deviation norm: 0.4414
[MOS-Core]   Budget usage: 0.08%
[MOS-Core] selection_mode=balanced_knee
[MOS-Core] selected_budget_ratio=0.000781
[MOS-Core] selected_stealth=0.857061
[MOS-Core] selected_destructiveness=0.441411
[MOS-Core] selected_cv=0.000000
[MOS-Core] selected_feasible=True
[MOS-Core] selected_guidance_alignment=1.000000
[MOS-Core] Per-constraint details:
[MOS-Core]   Radial: score=0.999, ratio=0.001, loss=0.4414, threshold=565.0083
[MOS-Core]   Sign: score=0.573, ratio=0.746, loss=1.1703, threshold=1.5688

[MOS-Core] Generating 6 malicious updates...
[MOS-Core] Template noise scale: 0.0001
[MOS-Core] Output norms: min=0.4423, mean=0.4426, max=0.4431
[MOS-Core] Attack completed successfully
============================================================

attack:mos_attack
defend:multi_krum
t  36: train_loss = 1.285, test_acc = 49.670
attack numbers = 8
current iteration attack ratio: 0.32

============================================================
[MOS-Core] Starting MOS-Attack
============================================================
[MOS-Core] Total parameters: 11,183,582
[MOS-Core] Benign clients: 17
[MOS-Core] Malicious slots: 8
[MOS-Core] Benign mean norm: 519.3156
[MOS-Core] Benign std (mean): 0.0014
[MOS-Core] ce_raw_norm=1929769984.0
[MOS-Core] cw_raw_norm=1929769984.0
[MOS-Core] ce_valid=True
[MOS-Core] cw_valid=True
[MOS-Core] ce_cw_cosine=1.0000001192092896
[MOS-Core] combined_pre_norm=1.0
[MOS-Core] historical_direction_valid=True
[MOS-Core] historical_direction_norm=0.4414127767086029
[MOS-Core] guidance_history_cosine=0.9753718972206116
[MOS-Core] guidance_source=ce_cw_combined
[MOS-Core] guidance_fallback_used=False
[MOS-Core] final_guidance_norm=1.000000
[MOS-Core] Base radial threshold (q=0.95): 510.0815
[MOS-Core] Attack budget ratio: 1.0
[MOS-Core] current_budget=510.081512
[MOS-Core] current_budget_valid=True

[MOS-Core] Initializing constraints...
[MOS-Core] Enabled constraints: Radial, Sign
[MOS-Core] Radial weight: 1.0
[MOS-Core] Sign weight: 0.5, layer_reduce: quantile
[MOS-Core]   Radial threshold: 510.0815
[MOS-Core]   Sign threshold: 1.8174

[MOS-Core] Initializing population (size=10)...
[MOS-Core] adaptive_guided_init=True alpha_feasible=0.000977 scales=[0.0, 0.0001953125, 0.000390625, 0.0005859375, 0.00078125, 0.0009765625]
[MOS-Core] Generated 6 scale-based seeds: [0.0, 0.0001953125, 0.000390625, 0.0005859375, 0.00078125, 0.0009765625]
[MOS-Core] Historical seed injected at position 3
[MOS-Core] historical_raw_norm=0.441413
[MOS-Core] historical_direction_norm=1.000000
[MOS-Core] historical_seed_target_scale=255.040756
[MOS-Core] historical_seed_final_norm=255.040756
[MOS-Core] Generated 4 random candidates (noise_scale=0.1)
[MOS-Core] Initial population norms: min=0.0000, mean=156.5834, max=451.8387
[MOS-Core] Budget ratios: min=0.0000, mean=0.3070, max=0.8858
[MOS-Core] Clipped ratio: 0.00%
[MOS-Core] Historical seed used: True

[MOS-Core] Starting NSGA-II evolution...
[MOS-Core] Generations: 100
[MOS-Core] Population size: 10
[MOS-Core] SBX eta: 15.0, crossover_prob: 0.9
[MOS-Core] Mutation scale: 0.05
[MOS-Core] Gen 1/100:
  Stealth: mean=0.885, best=1.000
  Destructiveness: mean=0.237, best=0.498
  CV: mean=0.3817, min=0.0000
  Feasibility: count=9, ratio=90.00%
  Max feasible destruct: 0.498
  Pareto front size: 7
  Budget ratio: mean=0.020, max=0.046
  Radial: mean_ratio=0.020, max_ratio=0.046, mean_score=0.981
  Sign: mean_ratio=1.236, max_ratio=8.634, mean_score=0.693
[MOS-Core] Gen 10/100:
  Stealth: mean=0.903, best=1.000
  Destructiveness: mean=0.261, best=0.506
  CV: mean=0.0000, min=0.0000
  Feasibility: count=10, ratio=100.00%
  Max feasible destruct: 0.506
  Pareto front size: 10
  Budget ratio: mean=0.032, max=0.094
  Radial: mean_ratio=0.032, max_ratio=0.094, mean_score=0.970
  Sign: mean_ratio=0.375, max_ratio=0.888, mean_score=0.768
[MOS-Core] Gen 20/100:
  Stealth: mean=0.901, best=1.000
  Destructiveness: mean=0.262, best=0.517
  CV: mean=0.0000, min=0.0000
  Feasibility: count=10, ratio=100.00%
  Max feasible destruct: 0.517
  Pareto front size: 10
  Budget ratio: mean=0.037, max=0.117
  Radial: mean_ratio=0.037, max_ratio=0.117, mean_score=0.966
  Sign: mean_ratio=0.369, max_ratio=0.933, mean_score=0.771
[MOS-Core] Gen 30/100:
  Stealth: mean=0.887, best=1.000
  Destructiveness: mean=0.292, best=0.521
  CV: mean=0.0000, min=0.0000
  Feasibility: count=10, ratio=100.00%
  Max feasible destruct: 0.521
  Pareto front size: 10
  Budget ratio: mean=0.044, max=0.183
  Radial: mean_ratio=0.044, max_ratio=0.183, mean_score=0.960
  Sign: mean_ratio=0.442, max_ratio=0.912, mean_score=0.740
[MOS-Core] Gen 40/100:
  Stealth: mean=0.877, best=1.000
  Destructiveness: mean=0.297, best=0.533
  CV: mean=0.0000, min=0.0000
  Feasibility: count=10, ratio=100.00%
  Max feasible destruct: 0.533
  Pareto front size: 10
  Budget ratio: mean=0.065, max=0.245
  Radial: mean_ratio=0.065, max_ratio=0.245, mean_score=0.945
  Sign: mean_ratio=0.443, max_ratio=0.903, mean_score=0.739
[MOS-Core] Gen 50/100:
  Stealth: mean=0.858, best=1.000
  Destructiveness: mean=0.339, best=0.544
  CV: mean=0.0000, min=0.0000
  Feasibility: count=10, ratio=100.00%
  Max feasible destruct: 0.544
  Pareto front size: 10
  Budget ratio: mean=0.073, max=0.218
  Radial: mean_ratio=0.073, max_ratio=0.218, mean_score=0.937
  Sign: mean_ratio=0.518, max_ratio=0.922, mean_score=0.699
[MOS-Core] Gen 60/100:
  Stealth: mean=0.855, best=1.000
  Destructiveness: mean=0.331, best=0.567
  CV: mean=0.0000, min=0.0000
  Feasibility: count=10, ratio=100.00%
  Max feasible destruct: 0.567
  Pareto front size: 10
  Budget ratio: mean=0.076, max=0.219
  Radial: mean_ratio=0.076, max_ratio=0.219, mean_score=0.934
  Sign: mean_ratio=0.526, max_ratio=0.932, mean_score=0.698
[MOS-Core] Gen 70/100:
  Stealth: mean=0.853, best=1.000
  Destructiveness: mean=0.332, best=0.573
  CV: mean=0.0000, min=0.0000
  Feasibility: count=10, ratio=100.00%
  Max feasible destruct: 0.573
  Pareto front size: 10
  Budget ratio: mean=0.079, max=0.228
  Radial: mean_ratio=0.079, max_ratio=0.228, mean_score=0.931
  Sign: mean_ratio=0.531, max_ratio=0.976, mean_score=0.696
[MOS-Core] Gen 80/100:
  Stealth: mean=0.852, best=1.000
  Destructiveness: mean=0.333, best=0.584
  CV: mean=0.0000, min=0.0000
  Feasibility: count=10, ratio=100.00%
  Max feasible destruct: 0.584
  Pareto front size: 10
  Budget ratio: mean=0.083, max=0.290
  Radial: mean_ratio=0.083, max_ratio=0.290, mean_score=0.930
  Sign: mean_ratio=0.529, max_ratio=0.997, mean_score=0.697
[MOS-Core] Gen 90/100:
  Stealth: mean=0.851, best=1.000
  Destructiveness: mean=0.336, best=0.597
  CV: mean=0.0000, min=0.0000
  Feasibility: count=10, ratio=100.00%
  Max feasible destruct: 0.597
  Pareto front size: 10
  Budget ratio: mean=0.084, max=0.294
  Radial: mean_ratio=0.084, max_ratio=0.294, mean_score=0.929
  Sign: mean_ratio=0.532, max_ratio=0.993, mean_score=0.695
[MOS-Core] Gen 100/100:
  Stealth: mean=0.849, best=1.000
  Destructiveness: mean=0.337, best=0.608
  CV: mean=0.0000, min=0.0000
  Feasibility: count=10, ratio=100.00%
  Max feasible destruct: 0.608
  Pareto front size: 10
  Budget ratio: mean=0.084, max=0.297
  Radial: mean_ratio=0.084, max_ratio=0.297, mean_score=0.928
  Sign: mean_ratio=0.538, max_ratio=0.958, mean_score=0.693

[MOS-Core] Selecting final solution...
[MOS-Core] Selection parameters:
  Lambda_s (stealth weight): 0.50
  Lambda_a (attack weight): 0.50
  Attack floor ratio: 0.0608

[MOS-Core] Feasibility summary:
  Feasible solutions: 10
  Feasible ratio: 100.00%
  Selection mode: feasible
  Min CV in front: 0.0000

[MOS-Core] Pareto front summary:
  Front size: 10
  Stealth range: [0.684, 1.000]
  Destructiveness range: [0.000, 0.608]
  CV range: [0.0000, 0.0000]
  Candidates after attack floor: 8

[MOS-Core] Selected solution (index=5):
[MOS-Core]   Constraint pass score (R): 0.872
[MOS-Core]   Destructiveness (A): 0.398
[MOS-Core]   Total CV: 0.0000
[MOS-Core]   Deviation norm: 0.3985
[MOS-Core]   Budget usage: 0.08%
[MOS-Core] selection_mode=balanced_knee
[MOS-Core] selected_budget_ratio=0.000781
[MOS-Core] selected_stealth=0.872414
[MOS-Core] selected_destructiveness=0.398499
[MOS-Core] selected_cv=0.000000
[MOS-Core] selected_feasible=True
[MOS-Core] selected_guidance_alignment=1.000000
[MOS-Core] Per-constraint details:
[MOS-Core]   Radial: score=0.999, ratio=0.001, loss=0.3985, threshold=510.0815
[MOS-Core]   Sign: score=0.619, ratio=0.616, loss=1.1196, threshold=1.8174

[MOS-Core] Generating 8 malicious updates...
[MOS-Core] Template noise scale: 0.0001
[MOS-Core] Output norms: min=0.3996, mean=0.4001, max=0.4010
[MOS-Core] Attack completed successfully
============================================================

attack:mos_attack
defend:multi_krum
t  37: train_loss = 1.256, test_acc = 51.590
attack numbers = 3
current iteration attack ratio: 0.12

============================================================
[MOS-Core] Starting MOS-Attack
============================================================
[MOS-Core] Total parameters: 11,183,582
[MOS-Core] Benign clients: 22
[MOS-Core] Malicious slots: 3
[MOS-Core] Benign mean norm: 453.3284
[MOS-Core] Benign std (mean): 0.0013
[MOS-Core] ce_raw_norm=2738420736.0
[MOS-Core] cw_raw_norm=2738420736.0
[MOS-Core] ce_valid=True
[MOS-Core] cw_valid=True
[MOS-Core] ce_cw_cosine=0.9999998807907104
[MOS-Core] combined_pre_norm=0.9999999403953552
[MOS-Core] historical_direction_valid=True
[MOS-Core] historical_direction_norm=0.3985012173652649
[MOS-Core] guidance_history_cosine=0.9954046010971069
[MOS-Core] guidance_source=ce_cw_combined
[MOS-Core] guidance_fallback_used=False
[MOS-Core] final_guidance_norm=1.000000
[MOS-Core] Base radial threshold (q=0.95): 489.3636
[MOS-Core] Attack budget ratio: 1.0
[MOS-Core] current_budget=489.363586
[MOS-Core] current_budget_valid=True

[MOS-Core] Initializing constraints...
[MOS-Core] Enabled constraints: Radial, Sign
[MOS-Core] Radial weight: 1.0
[MOS-Core] Sign weight: 0.5, layer_reduce: quantile
[MOS-Core]   Radial threshold: 489.3636
[MOS-Core]   Sign threshold: 2.1808

[MOS-Core] Initializing population (size=10)...
[MOS-Core] adaptive_guided_init=True alpha_feasible=0.000977 scales=[0.0, 0.0001953125, 0.000390625, 0.0005859375, 0.00078125, 0.0009765625]
[MOS-Core] Generated 6 scale-based seeds: [0.0, 0.0001953125, 0.000390625, 0.0005859375, 0.00078125, 0.0009765625]
[MOS-Core] Historical seed injected at position 3
[MOS-Core] historical_raw_norm=0.398501
[MOS-Core] historical_direction_norm=1.000000
[MOS-Core] historical_seed_target_scale=244.681793
[MOS-Core] historical_seed_final_norm=244.681778
[MOS-Core] Generated 4 random candidates (noise_scale=0.1)
[MOS-Core] Initial population norms: min=0.0000, mean=138.6890, max=312.5155
[MOS-Core] Budget ratios: min=0.0000, mean=0.2834, max=0.6386
[MOS-Core] Clipped ratio: 0.00%
[MOS-Core] Historical seed used: True

[MOS-Core] Starting NSGA-II evolution...
[MOS-Core] Generations: 100
[MOS-Core] Population size: 10
[MOS-Core] SBX eta: 15.0, crossover_prob: 0.9
[MOS-Core] Mutation scale: 0.05
[MOS-Core] Gen 1/100:
  Stealth: mean=0.926, best=1.000
  Destructiveness: mean=0.220, best=0.478
  CV: mean=0.0000, min=0.0000
  Feasibility: count=10, ratio=100.00%
  Max feasible destruct: 0.478
  Pareto front size: 5
  Budget ratio: mean=0.017, max=0.038
  Radial: mean_ratio=0.017, max_ratio=0.038, mean_score=0.983
  Sign: mean_ratio=0.282, max_ratio=0.716, mean_score=0.812
[MOS-Core] Gen 10/100:
  Stealth: mean=0.900, best=1.000
  Destructiveness: mean=0.279, best=0.487
  CV: mean=0.0000, min=0.0000
  Feasibility: count=10, ratio=100.00%
  Max feasible destruct: 0.487
  Pareto front size: 10
  Budget ratio: mean=0.034, max=0.103
  Radial: mean_ratio=0.034, max_ratio=0.103, mean_score=0.969
  Sign: mean_ratio=0.375, max_ratio=0.749, mean_score=0.764
[MOS-Core] Gen 20/100:
  Stealth: mean=0.894, best=1.000
  Destructiveness: mean=0.281, best=0.494
  CV: mean=0.0000, min=0.0000
  Feasibility: count=10, ratio=100.00%
  Max feasible destruct: 0.494
  Pareto front size: 10
  Budget ratio: mean=0.044, max=0.144
  Radial: mean_ratio=0.044, max_ratio=0.144, mean_score=0.960
  Sign: mean_ratio=0.380, max_ratio=0.757, mean_score=0.760
[MOS-Core] Gen 30/100:
  Stealth: mean=0.889, best=1.000
  Destructiveness: mean=0.291, best=0.500
  CV: mean=0.0000, min=0.0000
  Feasibility: count=10, ratio=100.00%
  Max feasible destruct: 0.500
  Pareto front size: 10
  Budget ratio: mean=0.050, max=0.194
  Radial: mean_ratio=0.050, max_ratio=0.194, mean_score=0.956
  Sign: mean_ratio=0.396, max_ratio=0.755, mean_score=0.755
[MOS-Core] Gen 40/100:
  Stealth: mean=0.882, best=1.000
  Destructiveness: mean=0.293, best=0.506
  CV: mean=0.0000, min=0.0000
  Feasibility: count=10, ratio=100.00%
  Max feasible destruct: 0.506
  Pareto front size: 10
  Budget ratio: mean=0.061, max=0.230
  Radial: mean_ratio=0.061, max_ratio=0.230, mean_score=0.947
  Sign: mean_ratio=0.403, max_ratio=0.794, mean_score=0.752
[MOS-Core] Gen 50/100:
  Stealth: mean=0.896, best=1.000
  Destructiveness: mean=0.263, best=0.518
  CV: mean=0.0000, min=0.0000
  Feasibility: count=10, ratio=100.00%
  Max feasible destruct: 0.518
  Pareto front size: 10
  Budget ratio: mean=0.054, max=0.260
  Radial: mean_ratio=0.054, max_ratio=0.260, mean_score=0.954
  Sign: mean_ratio=0.346, max_ratio=0.810, mean_score=0.780
[MOS-Core] Gen 60/100:
  Stealth: mean=0.870, best=1.000
  Destructiveness: mean=0.298, best=0.531
  CV: mean=0.0000, min=0.0000
  Feasibility: count=10, ratio=100.00%
  Max feasible destruct: 0.531
  Pareto front size: 10
  Budget ratio: mean=0.087, max=0.355
  Radial: mean_ratio=0.087, max_ratio=0.355, mean_score=0.930
  Sign: mean_ratio=0.415, max_ratio=0.818, mean_score=0.748
[MOS-Core] Gen 70/100:
  Stealth: mean=0.854, best=1.000
  Destructiveness: mean=0.291, best=0.546
  CV: mean=0.0000, min=0.0000
  Feasibility: count=10, ratio=100.00%
  Max feasible destruct: 0.546
  Pareto front size: 10
  Budget ratio: mean=0.122, max=0.496
  Radial: mean_ratio=0.122, max_ratio=0.496, mean_score=0.908
  Sign: mean_ratio=0.424, max_ratio=0.895, mean_score=0.747
[MOS-Core] Gen 80/100:
  Stealth: mean=0.821, best=1.000
  Destructiveness: mean=0.362, best=0.565
  CV: mean=0.0000, min=0.0000
  Feasibility: count=10, ratio=100.00%
  Max feasible destruct: 0.565
  Pareto front size: 10
  Budget ratio: mean=0.142, max=0.496
  Radial: mean_ratio=0.142, max_ratio=0.496, mean_score=0.890
  Sign: mean_ratio=0.542, max_ratio=0.891, mean_score=0.683
[MOS-Core] Gen 90/100:
  Stealth: mean=0.855, best=1.000
  Destructiveness: mean=0.276, best=0.588
  CV: mean=0.0000, min=0.0000
  Feasibility: count=10, ratio=100.00%
  Max feasible destruct: 0.588
  Pareto front size: 10
  Budget ratio: mean=0.125, max=0.462
  Radial: mean_ratio=0.125, max_ratio=0.462, mean_score=0.902
  Sign: mean_ratio=0.394, max_ratio=0.933, mean_score=0.761
[MOS-Core] Gen 100/100:
  Stealth: mean=0.825, best=1.000
  Destructiveness: mean=0.332, best=0.599
  CV: mean=0.0000, min=0.0000
  Feasibility: count=10, ratio=100.00%
  Max feasible destruct: 0.599
  Pareto front size: 10
  Budget ratio: mean=0.153, max=0.466
  Radial: mean_ratio=0.153, max_ratio=0.466, mean_score=0.880
  Sign: mean_ratio=0.488, max_ratio=0.973, mean_score=0.716

[MOS-Core] Selecting final solution...
[MOS-Core] Selection parameters:
  Lambda_s (stealth weight): 0.50
  Lambda_a (attack weight): 0.50
  Attack floor ratio: 0.0599

[MOS-Core] Feasibility summary:
  Feasible solutions: 10
  Feasible ratio: 100.00%
  Selection mode: feasible
  Min CV in front: 0.0000

[MOS-Core] Pareto front summary:
  Front size: 10
  Stealth range: [0.624, 1.000]
  Destructiveness range: [0.000, 0.599]
  CV range: [0.0000, 0.0000]
  Candidates after attack floor: 8

[MOS-Core] Selected solution (index=2):
[MOS-Core]   Constraint pass score (R): 0.881
[MOS-Core]   Destructiveness (A): 0.382
[MOS-Core]   Total CV: 0.0000
[MOS-Core]   Deviation norm: 0.3823
[MOS-Core]   Budget usage: 0.08%
[MOS-Core] selection_mode=balanced_knee
[MOS-Core] selected_budget_ratio=0.000781
[MOS-Core] selected_stealth=0.880850
[MOS-Core] selected_destructiveness=0.382314
[MOS-Core] selected_cv=0.000000
[MOS-Core] selected_feasible=True
[MOS-Core] selected_guidance_alignment=1.000000
[MOS-Core] Per-constraint details:
[MOS-Core]   Radial: score=0.999, ratio=0.001, loss=0.3823, threshold=489.3636
[MOS-Core]   Sign: score=0.644, ratio=0.553, loss=1.2049, threshold=2.1808

[MOS-Core] Generating 3 malicious updates...
[MOS-Core] Template noise scale: 0.0001
[MOS-Core] Output norms: min=0.3832, mean=0.3839, max=0.3843
[MOS-Core] Attack completed successfully
============================================================

attack:mos_attack
defend:multi_krum
t  38: train_loss = 1.219, test_acc = 51.600
attack numbers = 5
current iteration attack ratio: 0.2

============================================================
[MOS-Core] Starting MOS-Attack
============================================================
[MOS-Core] Total parameters: 11,183,582
[MOS-Core] Benign clients: 20
[MOS-Core] Malicious slots: 5
[MOS-Core] Benign mean norm: 391.6240
[MOS-Core] Benign std (mean): 0.0014
[MOS-Core] ce_raw_norm=2997093376.0
[MOS-Core] cw_raw_norm=2997093376.0
[MOS-Core] ce_valid=True
[MOS-Core] cw_valid=True
[MOS-Core] ce_cw_cosine=0.9999998807907104
[MOS-Core] combined_pre_norm=0.9999998807907104
[MOS-Core] historical_direction_valid=True
[MOS-Core] historical_direction_norm=0.38231533765792847
[MOS-Core] guidance_history_cosine=0.9951308965682983
[MOS-Core] guidance_source=ce_cw_combined
[MOS-Core] guidance_fallback_used=False
[MOS-Core] final_guidance_norm=1.000000
[MOS-Core] Base radial threshold (q=0.95): 597.0945
[MOS-Core] Attack budget ratio: 1.0
[MOS-Core] current_budget=597.094482
[MOS-Core] current_budget_valid=True

[MOS-Core] Initializing constraints...
[MOS-Core] Enabled constraints: Radial, Sign
[MOS-Core] Radial weight: 1.0
[MOS-Core] Sign weight: 0.5, layer_reduce: quantile
[MOS-Core]   Radial threshold: 597.0945
[MOS-Core]   Sign threshold: 2.3100

[MOS-Core] Initializing population (size=10)...
[MOS-Core] adaptive_guided_init=True alpha_feasible=0.000977 scales=[0.0, 0.0001953125, 0.000390625, 0.0005859375, 0.00078125, 0.0009765625]
[MOS-Core] Generated 6 scale-based seeds: [0.0, 0.0001953125, 0.000390625, 0.0005859375, 0.00078125, 0.0009765625]
[MOS-Core] Historical seed injected at position 3
[MOS-Core] historical_raw_norm=0.382315
[MOS-Core] historical_direction_norm=1.000000
[MOS-Core] historical_seed_target_scale=298.547241
[MOS-Core] historical_seed_final_norm=298.547241
[MOS-Core] Generated 4 random candidates (noise_scale=0.1)
[MOS-Core] Initial population norms: min=0.0000, mean=136.1118, max=470.9099
[MOS-Core] Budget ratios: min=0.0000, mean=0.2280, max=0.7887
[MOS-Core] Clipped ratio: 0.00%
[MOS-Core] Historical seed used: True

[MOS-Core] Starting NSGA-II evolution...
[MOS-Core] Generations: 100
[MOS-Core] Population size: 10
[MOS-Core] SBX eta: 15.0, crossover_prob: 0.9
[MOS-Core] Mutation scale: 0.05
[MOS-Core] Gen 1/100:
  Stealth: mean=0.901, best=1.000
  Destructiveness: mean=0.338, best=0.585
  CV: mean=0.0000, min=0.0000
  Feasibility: count=10, ratio=100.00%
  Max feasible destruct: 0.585
  Pareto front size: 7
  Budget ratio: mean=0.017, max=0.041
  Radial: mean_ratio=0.017, max_ratio=0.041, mean_score=0.984
  Sign: mean_ratio=0.441, max_ratio=0.821, mean_score=0.737
[MOS-Core] Gen 10/100:
  Stealth: mean=0.900, best=1.000
  Destructiveness: mean=0.306, best=0.591
  CV: mean=0.0000, min=0.0000
  Feasibility: count=10, ratio=100.00%
  Max feasible destruct: 0.591
  Pareto front size: 10
  Budget ratio: mean=0.032, max=0.090
  Radial: mean_ratio=0.032, max_ratio=0.090, mean_score=0.970
  Sign: mean_ratio=0.379, max_ratio=0.849, mean_score=0.760
[MOS-Core] Gen 20/100:
  Stealth: mean=0.893, best=1.000
  Destructiveness: mean=0.318, best=0.597
  CV: mean=0.0000, min=0.0000
  Feasibility: count=10, ratio=100.00%
  Max feasible destruct: 0.597
  Pareto front size: 10
  Budget ratio: mean=0.039, max=0.115
  Radial: mean_ratio=0.039, max_ratio=0.115, mean_score=0.964
  Sign: mean_ratio=0.402, max_ratio=0.874, mean_score=0.751
[MOS-Core] Gen 30/100:
  Stealth: mean=0.880, best=1.000
  Destructiveness: mean=0.344, best=0.606
  CV: mean=0.0000, min=0.0000
  Feasibility: count=10, ratio=100.00%
  Max feasible destruct: 0.606
  Pareto front size: 10
  Budget ratio: mean=0.050, max=0.156
  Radial: mean_ratio=0.050, max_ratio=0.156, mean_score=0.955
  Sign: mean_ratio=0.448, max_ratio=0.906, mean_score=0.731
[MOS-Core] Gen 40/100:
  Stealth: mean=0.865, best=1.000
  Destructiveness: mean=0.391, best=0.611
  CV: mean=0.0000, min=0.0000
  Feasibility: count=10, ratio=100.00%
  Max feasible destruct: 0.611
  Pareto front size: 10
  Budget ratio: mean=0.054, max=0.185
  Radial: mean_ratio=0.054, max_ratio=0.185, mean_score=0.952
  Sign: mean_ratio=0.535, max_ratio=0.980, mean_score=0.690
[MOS-Core] Gen 50/100:
  Stealth: mean=0.861, best=1.000
  Destructiveness: mean=0.393, best=0.617
  CV: mean=0.0000, min=0.0000
  Feasibility: count=10, ratio=100.00%
  Max feasible destruct: 0.617
  Pareto front size: 10
  Budget ratio: mean=0.062, max=0.206
  Radial: mean_ratio=0.062, max_ratio=0.206, mean_score=0.946
  Sign: mean_ratio=0.534, max_ratio=0.983, mean_score=0.690
[MOS-Core] Gen 60/100:
  Stealth: mean=0.887, best=1.000
  Destructiveness: mean=0.309, best=0.621
  CV: mean=0.0000, min=0.0000
  Feasibility: count=10, ratio=100.00%
  Max feasible destruct: 0.621
  Pareto front size: 10
  Budget ratio: mean=0.054, max=0.199
  Radial: mean_ratio=0.054, max_ratio=0.199, mean_score=0.952
  Sign: mean_ratio=0.392, max_ratio=0.994, mean_score=0.756
[MOS-Core] Gen 70/100:
  Stealth: mean=0.849, best=1.000
  Destructiveness: mean=0.384, best=0.625
  CV: mean=0.0000, min=0.0000
  Feasibility: count=10, ratio=100.00%
  Max feasible destruct: 0.625
  Pareto front size: 10
  Budget ratio: mean=0.088, max=0.241
  Radial: mean_ratio=0.088, max_ratio=0.241, mean_score=0.923
  Sign: mean_ratio=0.527, max_ratio=0.984, mean_score=0.699
[MOS-Core] Gen 80/100:
  Stealth: mean=0.858, best=1.000
  Destructiveness: mean=0.350, best=0.628
  CV: mean=0.0000, min=0.0000
  Feasibility: count=10, ratio=100.00%
  Max feasible destruct: 0.628
  Pareto front size: 10
  Budget ratio: mean=0.087, max=0.244
  Radial: mean_ratio=0.087, max_ratio=0.244, mean_score=0.925
  Sign: mean_ratio=0.464, max_ratio=0.973, mean_score=0.725
[MOS-Core] Gen 90/100:
  Stealth: mean=0.843, best=1.000
  Destructiveness: mean=0.386, best=0.632
  CV: mean=0.0000, min=0.0000
  Feasibility: count=10, ratio=100.00%
  Max feasible destruct: 0.632
  Pareto front size: 10
  Budget ratio: mean=0.102, max=0.279
  Radial: mean_ratio=0.102, max_ratio=0.279, mean_score=0.913
  Sign: mean_ratio=0.513, max_ratio=0.972, mean_score=0.702
[MOS-Core] Gen 100/100:
  Stealth: mean=0.837, best=1.000
  Destructiveness: mean=0.388, best=0.640
  CV: mean=0.0000, min=0.0000
  Feasibility: count=10, ratio=100.00%
  Max feasible destruct: 0.640
  Pareto front size: 10
  Budget ratio: mean=0.113, max=0.320
  Radial: mean_ratio=0.113, max_ratio=0.320, mean_score=0.905
  Sign: mean_ratio=0.514, max_ratio=0.943, mean_score=0.701

[MOS-Core] Selecting final solution...
[MOS-Core] Selection parameters:
  Lambda_s (stealth weight): 0.50
  Lambda_a (attack weight): 0.50
  Attack floor ratio: 0.0640

[MOS-Core] Feasibility summary:
  Feasible solutions: 10
  Feasible ratio: 100.00%
  Selection mode: feasible
  Min CV in front: 0.0000

[MOS-Core] Pareto front summary:
  Front size: 10
  Stealth range: [0.677, 1.000]
  Destructiveness range: [0.000, 0.640]
  CV range: [0.0000, 0.0000]
  Candidates after attack floor: 9

[MOS-Core] Selected solution (index=3):
[MOS-Core]   Constraint pass score (R): 0.873
[MOS-Core]   Destructiveness (A): 0.466
[MOS-Core]   Total CV: 0.0000
[MOS-Core]   Deviation norm: 0.4665
[MOS-Core]   Budget usage: 0.08%
[MOS-Core] selection_mode=balanced_knee
[MOS-Core] selected_budget_ratio=0.000781
[MOS-Core] selected_stealth=0.872660
[MOS-Core] selected_destructiveness=0.466478
[MOS-Core] selected_cv=0.000000
[MOS-Core] selected_feasible=True
[MOS-Core] selected_guidance_alignment=1.000000
[MOS-Core] Per-constraint details:
[MOS-Core]   Radial: score=0.999, ratio=0.001, loss=0.4665, threshold=597.0945
[MOS-Core]   Sign: score=0.620, ratio=0.614, loss=1.4186, threshold=2.3100

[MOS-Core] Generating 5 malicious updates...
[MOS-Core] Template noise scale: 0.0001
[MOS-Core] Output norms: min=0.4678, mean=0.4680, max=0.4682
[MOS-Core] Attack completed successfully
============================================================

attack:mos_attack
defend:multi_krum
t  39: train_loss = 1.211, test_acc = 51.450
attack numbers = 5
current iteration attack ratio: 0.2

============================================================
[MOS-Core] Starting MOS-Attack
============================================================
[MOS-Core] Total parameters: 11,183,582
[MOS-Core] Benign clients: 20
[MOS-Core] Malicious slots: 5
[MOS-Core] Benign mean norm: 637.9829
[MOS-Core] Benign std (mean): 0.0017
[MOS-Core] ce_raw_norm=6701889024.0
[MOS-Core] cw_raw_norm=6701889024.0
[MOS-Core] ce_valid=True
[MOS-Core] cw_valid=True
[MOS-Core] ce_cw_cosine=0.9999998807907104
[MOS-Core] combined_pre_norm=0.9999999403953552
[MOS-Core] historical_direction_valid=True
[MOS-Core] historical_direction_norm=0.4664801061153412
[MOS-Core] guidance_history_cosine=0.9958162307739258
[MOS-Core] guidance_source=ce_cw_combined
[MOS-Core] guidance_fallback_used=False
[MOS-Core] final_guidance_norm=1.000000
[MOS-Core] Base radial threshold (q=0.95): 904.5126
[MOS-Core] Attack budget ratio: 1.0
[MOS-Core] current_budget=904.512573
[MOS-Core] current_budget_valid=True

[MOS-Core] Initializing constraints...
[MOS-Core] Enabled constraints: Radial, Sign
[MOS-Core] Radial weight: 1.0
[MOS-Core] Sign weight: 0.5, layer_reduce: quantile
[MOS-Core]   Radial threshold: 904.5126
[MOS-Core]   Sign threshold: 2.1155

[MOS-Core] Initializing population (size=10)...
[MOS-Core] adaptive_guided_init=True alpha_feasible=0.000000 scales=[0.0, 0.0, 0.0, 0.0, 0.0, 0.0]
[MOS-Core] Generated 6 scale-based seeds: [0.0, 0.0, 0.0, 0.0, 0.0, 0.0]
[MOS-Core] Historical seed injected at position 3
[MOS-Core] historical_raw_norm=0.466480
[MOS-Core] historical_direction_norm=1.000000
[MOS-Core] historical_seed_target_scale=452.256287
[MOS-Core] historical_seed_final_norm=452.256287
[MOS-Core] Generated 4 random candidates (noise_scale=0.1)
[MOS-Core] Initial population norms: min=0.0000, mean=193.9679, max=707.9711
[MOS-Core] Budget ratios: min=0.0000, mean=0.2144, max=0.7827
[MOS-Core] Clipped ratio: 0.00%
[MOS-Core] Historical seed used: True

[MOS-Core] Starting NSGA-II evolution...
[MOS-Core] Generations: 100
[MOS-Core] Population size: 10
[MOS-Core] SBX eta: 15.0, crossover_prob: 0.9
[MOS-Core] Mutation scale: 0.05
[MOS-Core] Gen 1/100:
  Stealth: mean=0.984, best=1.000
  Destructiveness: mean=-0.000, best=0.001
  CV: mean=0.0000, min=0.0000
  Feasibility: count=10, ratio=100.00%
  Max feasible destruct: 0.001
  Pareto front size: 7
  Budget ratio: mean=0.022, max=0.053
  Radial: mean_ratio=0.022, max_ratio=0.053, mean_score=0.979
  Sign: mean_ratio=0.008, max_ratio=0.017, mean_score=0.992
[MOS-Core] Gen 10/100:
  Stealth: mean=0.961, best=1.000
  Destructiveness: mean=0.007, best=0.019
  CV: mean=0.0000, min=0.0000
  Feasibility: count=10, ratio=100.00%
  Max feasible destruct: 0.019
  Pareto front size: 10
  Budget ratio: mean=0.047, max=0.175
  Radial: mean_ratio=0.047, max_ratio=0.175, mean_score=0.957
  Sign: mean_ratio=0.033, max_ratio=0.069, mean_score=0.968
[MOS-Core] Gen 20/100:
  Stealth: mean=0.926, best=1.000
  Destructiveness: mean=0.019, best=0.034
  CV: mean=0.0000, min=0.0000
  Feasibility: count=10, ratio=100.00%
  Max feasible destruct: 0.034
  Pareto front size: 10
  Budget ratio: mean=0.092, max=0.245
  Radial: mean_ratio=0.092, max_ratio=0.245, mean_score=0.919
  Sign: mean_ratio=0.065, max_ratio=0.108, mean_score=0.940
[MOS-Core] Gen 30/100:
  Stealth: mean=0.938, best=1.000
  Destructiveness: mean=0.018, best=0.040
  CV: mean=0.0000, min=0.0000
  Feasibility: count=10, ratio=100.00%
  Max feasible destruct: 0.040
  Pareto front size: 10
  Budget ratio: mean=0.069, max=0.165
  Radial: mean_ratio=0.069, max_ratio=0.165, mean_score=0.938
  Sign: mean_ratio=0.066, max_ratio=0.135, mean_score=0.940
[MOS-Core] Gen 40/100:
  Stealth: mean=0.913, best=1.000
  Destructiveness: mean=0.030, best=0.059
  CV: mean=0.0000, min=0.0000
  Feasibility: count=10, ratio=100.00%
  Max feasible destruct: 0.059
  Pareto front size: 10
  Budget ratio: mean=0.098, max=0.219
  Radial: mean_ratio=0.098, max_ratio=0.219, mean_score=0.913
  Sign: mean_ratio=0.101, max_ratio=0.173, mean_score=0.911
[MOS-Core] Gen 50/100:
  Stealth: mean=0.926, best=1.000
  Destructiveness: mean=0.026, best=0.070
  CV: mean=0.0000, min=0.0000
  Feasibility: count=10, ratio=100.00%
  Max feasible destruct: 0.070
  Pareto front size: 10
  Budget ratio: mean=0.077, max=0.138
  Radial: mean_ratio=0.077, max_ratio=0.138, mean_score=0.930
  Sign: mean_ratio=0.095, max_ratio=0.209, mean_score=0.917
[MOS-Core] Gen 60/100:
  Stealth: mean=0.908, best=1.000
  Destructiveness: mean=0.036, best=0.082
  CV: mean=0.0000, min=0.0000
  Feasibility: count=10, ratio=100.00%
  Max feasible destruct: 0.082
  Pareto front size: 10
  Budget ratio: mean=0.093, max=0.166
  Radial: mean_ratio=0.093, max_ratio=0.166, mean_score=0.916
  Sign: mean_ratio=0.127, max_ratio=0.244, mean_score=0.891
[MOS-Core] Gen 70/100:
  Stealth: mean=0.895, best=1.000
  Destructiveness: mean=0.049, best=0.111
  CV: mean=0.0000, min=0.0000
  Feasibility: count=10, ratio=100.00%
  Max feasible destruct: 0.111
  Pareto front size: 10
  Budget ratio: mean=0.108, max=0.195
  Radial: mean_ratio=0.108, max_ratio=0.195, mean_score=0.905
  Sign: mean_ratio=0.151, max_ratio=0.281, mean_score=0.875
[MOS-Core] Gen 80/100:
  Stealth: mean=0.898, best=1.000
  Destructiveness: mean=0.047, best=0.123
  CV: mean=0.0000, min=0.0000
  Feasibility: count=10, ratio=100.00%
  Max feasible destruct: 0.123
  Pareto front size: 10
  Budget ratio: mean=0.107, max=0.204
  Radial: mean_ratio=0.107, max_ratio=0.204, mean_score=0.906
  Sign: mean_ratio=0.141, max_ratio=0.294, mean_score=0.882
[MOS-Core] Gen 90/100:
  Stealth: mean=0.881, best=1.000
  Destructiveness: mean=0.065, best=0.140
  CV: mean=0.0000, min=0.0000
  Feasibility: count=10, ratio=100.00%
  Max feasible destruct: 0.140
  Pareto front size: 10
  Budget ratio: mean=0.124, max=0.227
  Radial: mean_ratio=0.124, max_ratio=0.227, mean_score=0.893
  Sign: mean_ratio=0.176, max_ratio=0.308, mean_score=0.857
[MOS-Core] Gen 100/100:
  Stealth: mean=0.864, best=1.000
  Destructiveness: mean=0.081, best=0.163
  CV: mean=0.0000, min=0.0000
  Feasibility: count=10, ratio=100.00%
  Max feasible destruct: 0.163
  Pareto front size: 10
  Budget ratio: mean=0.146, max=0.267
  Radial: mean_ratio=0.146, max_ratio=0.267, mean_score=0.877
  Sign: mean_ratio=0.204, max_ratio=0.335, mean_score=0.837

[MOS-Core] Selecting final solution...
[MOS-Core] Selection parameters:
  Lambda_s (stealth weight): 0.50
  Lambda_a (attack weight): 0.50
  Attack floor ratio: 0.0163

[MOS-Core] Feasibility summary:
  Feasible solutions: 10
  Feasible ratio: 100.00%
  Selection mode: feasible
  Min CV in front: 0.0000

[MOS-Core] Pareto front summary:
  Front size: 10
  Stealth range: [0.776, 1.000]
  Destructiveness range: [0.000, 0.163]
  CV range: [0.0000, 0.0000]
  Candidates after attack floor: 8

[MOS-Core] Selected solution (index=2):
[MOS-Core]   Constraint pass score (R): 0.833
[MOS-Core]   Destructiveness (A): 0.107
[MOS-Core]   Total CV: 0.0000
[MOS-Core]   Deviation norm: 148.5425
[MOS-Core]   Budget usage: 16.42%
[MOS-Core] selection_mode=balanced_knee
[MOS-Core] selected_budget_ratio=0.164224
[MOS-Core] selected_stealth=0.832653
[MOS-Core] selected_destructiveness=0.107013
[MOS-Core] selected_cv=0.000000
[MOS-Core] selected_feasible=True
[MOS-Core] selected_guidance_alignment=0.000720
[MOS-Core] Per-constraint details:
[MOS-Core]   Radial: score=0.859, ratio=0.164, loss=148.5425, threshold=904.5126
[MOS-Core]   Sign: score=0.780, ratio=0.282, loss=0.5964, threshold=2.1155

[MOS-Core] Generating 5 malicious updates...
[MOS-Core] Template noise scale: 0.0001
[MOS-Core] Output norms: min=148.5345, mean=148.5440, max=148.5591
[MOS-Core] Attack completed successfully
============================================================

attack:mos_attack
defend:multi_krum
t  40: train_loss = 1.182, test_acc = 10.000
attack numbers = 3
current iteration attack ratio: 0.12

============================================================
[MOS-Core] Starting MOS-Attack
============================================================
[MOS-Core] Total parameters: 11,183,582
[MOS-Core] Benign clients: 22
[MOS-Core] Malicious slots: 3
[MOS-Core] Benign mean norm: 219.5347
[MOS-Core] Benign std (mean): 0.0016
[MOS-Core] ce_raw_norm=12876343296.0
[MOS-Core] cw_raw_norm=12876343296.0
[MOS-Core] ce_valid=True
[MOS-Core] cw_valid=True
[MOS-Core] ce_cw_cosine=0.9999999403953552
[MOS-Core] combined_pre_norm=1.0
[MOS-Core] historical_direction_valid=True
[MOS-Core] historical_direction_norm=148.54251098632812
[MOS-Core] guidance_history_cosine=0.0003746923175640404
[MOS-Core] guidance_source=ce_cw_combined
[MOS-Core] guidance_fallback_used=False
[MOS-Core] final_guidance_norm=1.000000
[MOS-Core] Base radial threshold (q=0.95): 755.2466
[MOS-Core] Attack budget ratio: 1.0
[MOS-Core] current_budget=755.246643
[MOS-Core] current_budget_valid=True

[MOS-Core] Initializing constraints...
[MOS-Core] Enabled constraints: Radial, Sign
[MOS-Core] Radial weight: 1.0
[MOS-Core] Sign weight: 0.5, layer_reduce: quantile
[MOS-Core]   Radial threshold: 755.2466
[MOS-Core]   Sign threshold: 1.9518

[MOS-Core] Initializing population (size=10)...
[MOS-Core] adaptive_guided_init=True alpha_feasible=0.000977 scales=[0.0, 0.0001953125, 0.000390625, 0.0005859375, 0.00078125, 0.0009765625]
[MOS-Core] Generated 6 scale-based seeds: [0.0, 0.0001953125, 0.000390625, 0.0005859375, 0.00078125, 0.0009765625]
[MOS-Core] Historical seed injected at position 3
[MOS-Core] historical_raw_norm=148.542511
[MOS-Core] historical_direction_norm=1.000000
[MOS-Core] historical_seed_target_scale=377.623322
[MOS-Core] historical_seed_final_norm=377.623352
[MOS-Core] Generated 4 random candidates (noise_scale=0.1)
[MOS-Core] Initial population norms: min=0.0000, mean=225.0721, max=698.3440
[MOS-Core] Budget ratios: min=0.0000, mean=0.2980, max=0.9247
[MOS-Core] Clipped ratio: 0.00%
[MOS-Core] Historical seed used: True

[MOS-Core] Starting NSGA-II evolution...
[MOS-Core] Generations: 100
[MOS-Core] Population size: 10
[MOS-Core] SBX eta: 15.0, crossover_prob: 0.9
[MOS-Core] Mutation scale: 0.05
[MOS-Core] Gen 1/100:
  Stealth: mean=0.930, best=1.000
  Destructiveness: mean=0.384, best=0.741
  CV: mean=0.0000, min=0.0000
  Feasibility: count=10, ratio=100.00%
  Max feasible destruct: 0.741
  Pareto front size: 7
  Budget ratio: mean=0.015, max=0.034
  Radial: mean_ratio=0.015, max_ratio=0.034, mean_score=0.985
  Sign: mean_ratio=0.255, max_ratio=0.529, mean_score=0.818
[MOS-Core] Gen 10/100:
  Stealth: mean=0.922, best=1.000
  Destructiveness: mean=0.371, best=0.749
  CV: mean=0.0000, min=0.0000
  Feasibility: count=10, ratio=100.00%
  Max feasible destruct: 0.749
  Pareto front size: 10
  Budget ratio: mean=0.031, max=0.102
  Radial: mean_ratio=0.031, max_ratio=0.102, mean_score=0.971
  Sign: mean_ratio=0.250, max_ratio=0.537, mean_score=0.823
[MOS-Core] Gen 20/100:
  Stealth: mean=0.910, best=1.000
  Destructiveness: mean=0.402, best=0.758
  CV: mean=0.0000, min=0.0000
  Feasibility: count=10, ratio=100.00%
  Max feasible destruct: 0.758
  Pareto front size: 10
  Budget ratio: mean=0.039, max=0.132
  Radial: mean_ratio=0.039, max_ratio=0.132, mean_score=0.963
  Sign: mean_ratio=0.284, max_ratio=0.558, mean_score=0.802
[MOS-Core] Gen 30/100:
  Stealth: mean=0.892, best=1.000
  Destructiveness: mean=0.480, best=0.768
  CV: mean=0.0000, min=0.0000
  Feasibility: count=10, ratio=100.00%
  Max feasible destruct: 0.768
  Pareto front size: 10
  Budget ratio: mean=0.050, max=0.143
  Radial: mean_ratio=0.050, max_ratio=0.143, mean_score=0.954
  Sign: mean_ratio=0.339, max_ratio=0.566, mean_score=0.767
[MOS-Core] Gen 40/100:
  Stealth: mean=0.891, best=1.000
  Destructiveness: mean=0.481, best=0.780
  CV: mean=0.0000, min=0.0000
  Feasibility: count=10, ratio=100.00%
  Max feasible destruct: 0.780
  Pareto front size: 10
  Budget ratio: mean=0.051, max=0.158
  Radial: mean_ratio=0.051, max_ratio=0.158, mean_score=0.954
  Sign: mean_ratio=0.341, max_ratio=0.584, mean_score=0.766
[MOS-Core] Gen 50/100:
  Stealth: mean=0.890, best=1.000
  Destructiveness: mean=0.483, best=0.794
  CV: mean=0.0000, min=0.0000
  Feasibility: count=10, ratio=100.00%
  Max feasible destruct: 0.794
  Pareto front size: 10
  Budget ratio: mean=0.052, max=0.177
  Radial: mean_ratio=0.052, max_ratio=0.177, mean_score=0.953
  Sign: mean_ratio=0.345, max_ratio=0.625, mean_score=0.765
[MOS-Core] Gen 60/100:
  Stealth: mean=0.878, best=1.000
  Destructiveness: mean=0.492, best=0.813
  CV: mean=0.0000, min=0.0000
  Feasibility: count=10, ratio=100.00%
  Max feasible destruct: 0.813
  Pareto front size: 10
  Budget ratio: mean=0.072, max=0.194
  Radial: mean_ratio=0.072, max_ratio=0.194, mean_score=0.937
  Sign: mean_ratio=0.358, max_ratio=0.651, mean_score=0.760
[MOS-Core] Gen 70/100:
  Stealth: mean=0.873, best=1.000
  Destructiveness: mean=0.495, best=0.830
  CV: mean=0.0000, min=0.0000
  Feasibility: count=10, ratio=100.00%
  Max feasible destruct: 0.830
  Pareto front size: 10
  Budget ratio: mean=0.078, max=0.244
  Radial: mean_ratio=0.078, max_ratio=0.244, mean_score=0.933
  Sign: mean_ratio=0.374, max_ratio=0.786, mean_score=0.754
[MOS-Core] Gen 80/100:
  Stealth: mean=0.866, best=1.000
  Destructiveness: mean=0.498, best=0.840
  CV: mean=0.0000, min=0.0000
  Feasibility: count=10, ratio=100.00%
  Max feasible destruct: 0.840
  Pareto front size: 10
  Budget ratio: mean=0.092, max=0.270
  Radial: mean_ratio=0.092, max_ratio=0.270, mean_score=0.923
  Sign: mean_ratio=0.381, max_ratio=0.828, mean_score=0.752
[MOS-Core] Gen 90/100:
  Stealth: mean=0.865, best=1.000
  Destructiveness: mean=0.500, best=0.845
  CV: mean=0.0000, min=0.0000
  Feasibility: count=10, ratio=100.00%
  Max feasible destruct: 0.845
  Pareto front size: 10
  Budget ratio: mean=0.092, max=0.272
  Radial: mean_ratio=0.092, max_ratio=0.272, mean_score=0.922
  Sign: mean_ratio=0.390, max_ratio=0.883, mean_score=0.749
[MOS-Core] Gen 100/100:
  Stealth: mean=0.862, best=1.000
  Destructiveness: mean=0.502, best=0.859
  CV: mean=0.0000, min=0.0000
  Feasibility: count=10, ratio=100.00%
  Max feasible destruct: 0.859
  Pareto front size: 10
  Budget ratio: mean=0.097, max=0.321
  Radial: mean_ratio=0.097, max_ratio=0.321, mean_score=0.919
  Sign: mean_ratio=0.393, max_ratio=0.902, mean_score=0.748

[MOS-Core] Selecting final solution...
[MOS-Core] Selection parameters:
  Lambda_s (stealth weight): 0.50
  Lambda_a (attack weight): 0.50
  Attack floor ratio: 0.0859

[MOS-Core] Feasibility summary:
  Feasible solutions: 10
  Feasible ratio: 100.00%
  Selection mode: feasible
  Min CV in front: 0.0000

[MOS-Core] Pareto front summary:
  Front size: 10
  Stealth range: [0.680, 1.000]
  Destructiveness range: [0.000, 0.859]
  CV range: [0.0000, 0.0000]
  Candidates after attack floor: 8

[MOS-Core] Selected solution (index=6):
[MOS-Core]   Constraint pass score (R): 0.904
[MOS-Core]   Destructiveness (A): 0.590
[MOS-Core]   Total CV: 0.0000
[MOS-Core]   Deviation norm: 0.5900
[MOS-Core]   Budget usage: 0.08%
[MOS-Core] selection_mode=balanced_knee
[MOS-Core] selected_budget_ratio=0.000781
[MOS-Core] selected_stealth=0.904200
[MOS-Core] selected_destructiveness=0.590035
[MOS-Core] selected_cv=0.000000
[MOS-Core] selected_feasible=True
[MOS-Core] selected_guidance_alignment=1.000000
[MOS-Core] Per-constraint details:
[MOS-Core]   Radial: score=0.999, ratio=0.001, loss=0.5900, threshold=755.2466
[MOS-Core]   Sign: score=0.714, ratio=0.400, loss=0.7812, threshold=1.9518

[MOS-Core] Generating 3 malicious updates...
[MOS-Core] Template noise scale: 0.0001
[MOS-Core] Output norms: min=0.5914, mean=0.5918, max=0.5921
[MOS-Core] Attack completed successfully
============================================================

attack:mos_attack
defend:multi_krum
t  41: train_loss = 1.191, test_acc = 56.070
attack numbers = 11
current iteration attack ratio: 0.44

============================================================
[MOS-Core] Starting MOS-Attack
============================================================
[MOS-Core] Total parameters: 11,183,582
[MOS-Core] Benign clients: 14
[MOS-Core] Malicious slots: 11
[MOS-Core] Benign mean norm: 243.7495
[MOS-Core] Benign std (mean): 0.0014
[MOS-Core] ce_raw_norm=6755637248.0
[MOS-Core] cw_raw_norm=6755637248.0
[MOS-Core] ce_valid=True
[MOS-Core] cw_valid=True
[MOS-Core] ce_cw_cosine=1.0
[MOS-Core] combined_pre_norm=1.0
[MOS-Core] historical_direction_valid=True
[MOS-Core] historical_direction_norm=0.5900364518165588
[MOS-Core] guidance_history_cosine=0.6034826040267944
[MOS-Core] guidance_source=ce_cw_combined
[MOS-Core] guidance_fallback_used=False
[MOS-Core] final_guidance_norm=1.000000
[MOS-Core] Base radial threshold (q=0.95): 611.0895
[MOS-Core] Attack budget ratio: 1.0
[MOS-Core] current_budget=611.089478
[MOS-Core] current_budget_valid=True

[MOS-Core] Initializing constraints...
[MOS-Core] Enabled constraints: Radial, Sign
[MOS-Core] Radial weight: 1.0
[MOS-Core] Sign weight: 0.5, layer_reduce: quantile
[MOS-Core]   Radial threshold: 611.0895
[MOS-Core]   Sign threshold: 1.9445

[MOS-Core] Initializing population (size=10)...
[MOS-Core] adaptive_guided_init=True alpha_feasible=0.000000 scales=[0.0, 0.0, 0.0, 0.0, 0.0, 0.0]
[MOS-Core] Generated 6 scale-based seeds: [0.0, 0.0, 0.0, 0.0, 0.0, 0.0]
[MOS-Core] Historical seed injected at position 3
[MOS-Core] historical_raw_norm=0.590036
[MOS-Core] historical_direction_norm=1.000000
[MOS-Core] historical_seed_target_scale=305.544739
[MOS-Core] historical_seed_final_norm=305.544739
[MOS-Core] Generated 4 random candidates (noise_scale=0.1)
[MOS-Core] Initial population norms: min=0.0000, mean=98.9085, max=305.5447
[MOS-Core] Budget ratios: min=0.0000, mean=0.1619, max=0.5000
[MOS-Core] Clipped ratio: 0.00%
[MOS-Core] Historical seed used: True

[MOS-Core] Starting NSGA-II evolution...
[MOS-Core] Generations: 100
[MOS-Core] Population size: 10
[MOS-Core] SBX eta: 15.0, crossover_prob: 0.9
[MOS-Core] Mutation scale: 0.05
[MOS-Core] Gen 1/100:
  Stealth: mean=0.987, best=1.000
  Destructiveness: mean=-0.000, best=0.000
  CV: mean=0.0000, min=0.0000
  Feasibility: count=10, ratio=100.00%
  Max feasible destruct: 0.000
  Pareto front size: 6
  Budget ratio: mean=0.016, max=0.037
  Radial: mean_ratio=0.016, max_ratio=0.037, mean_score=0.984
  Sign: mean_ratio=0.007, max_ratio=0.016, mean_score=0.993
[MOS-Core] Gen 10/100:
  Stealth: mean=0.966, best=1.000
  Destructiveness: mean=0.001, best=0.002
  CV: mean=0.0000, min=0.0000
  Feasibility: count=10, ratio=100.00%
  Max feasible destruct: 0.002
  Pareto front size: 10
  Budget ratio: mean=0.041, max=0.088
  Radial: mean_ratio=0.041, max_ratio=0.088, mean_score=0.961
  Sign: mean_ratio=0.027, max_ratio=0.057, mean_score=0.974
[MOS-Core] Gen 20/100:
  Stealth: mean=0.956, best=1.000
  Destructiveness: mean=0.002, best=0.005
  CV: mean=0.0000, min=0.0000
  Feasibility: count=10, ratio=100.00%
  Max feasible destruct: 0.005
  Pareto front size: 10
  Budget ratio: mean=0.050, max=0.087
  Radial: mean_ratio=0.050, max_ratio=0.087, mean_score=0.953
  Sign: mean_ratio=0.040, max_ratio=0.076, mean_score=0.963
[MOS-Core] Gen 30/100:
  Stealth: mean=0.943, best=1.000
  Destructiveness: mean=0.003, best=0.008
  CV: mean=0.0000, min=0.0000
  Feasibility: count=10, ratio=100.00%
  Max feasible destruct: 0.008
  Pareto front size: 10
  Budget ratio: mean=0.065, max=0.099
  Radial: mean_ratio=0.065, max_ratio=0.099, mean_score=0.940
  Sign: mean_ratio=0.055, max_ratio=0.127, mean_score=0.949
[MOS-Core] Gen 40/100:
  Stealth: mean=0.931, best=1.000
  Destructiveness: mean=0.004, best=0.011
  CV: mean=0.0000, min=0.0000
  Feasibility: count=10, ratio=100.00%
  Max feasible destruct: 0.011
  Pareto front size: 10
  Budget ratio: mean=0.078, max=0.123
  Radial: mean_ratio=0.078, max_ratio=0.123, mean_score=0.929
  Sign: mean_ratio=0.073, max_ratio=0.159, mean_score=0.934
[MOS-Core] Gen 50/100:
  Stealth: mean=0.921, best=1.000
  Destructiveness: mean=0.006, best=0.013
  CV: mean=0.0000, min=0.0000
  Feasibility: count=10, ratio=100.00%
  Max feasible destruct: 0.013
  Pareto front size: 10
  Budget ratio: mean=0.084, max=0.134
  Radial: mean_ratio=0.084, max_ratio=0.134, mean_score=0.924
  Sign: mean_ratio=0.097, max_ratio=0.181, mean_score=0.914
[MOS-Core] Gen 60/100:
  Stealth: mean=0.920, best=1.000
  Destructiveness: mean=0.006, best=0.015
  CV: mean=0.0000, min=0.0000
  Feasibility: count=10, ratio=100.00%
  Max feasible destruct: 0.015
  Pareto front size: 10
  Budget ratio: mean=0.086, max=0.160
  Radial: mean_ratio=0.086, max_ratio=0.160, mean_score=0.923
  Sign: mean_ratio=0.099, max_ratio=0.201, mean_score=0.914
[MOS-Core] Gen 70/100:
  Stealth: mean=0.905, best=1.000
  Destructiveness: mean=0.008, best=0.018
  CV: mean=0.0000, min=0.0000
  Feasibility: count=10, ratio=100.00%
  Max feasible destruct: 0.018
  Pareto front size: 10
  Budget ratio: mean=0.100, max=0.180
  Radial: mean_ratio=0.100, max_ratio=0.180, mean_score=0.911
  Sign: mean_ratio=0.124, max_ratio=0.230, mean_score=0.894
[MOS-Core] Gen 80/100:
  Stealth: mean=0.896, best=1.000
  Destructiveness: mean=0.010, best=0.020
  CV: mean=0.0000, min=0.0000
  Feasibility: count=10, ratio=100.00%
  Max feasible destruct: 0.020
  Pareto front size: 10
  Budget ratio: mean=0.112, max=0.197
  Radial: mean_ratio=0.112, max_ratio=0.197, mean_score=0.902
  Sign: mean_ratio=0.138, max_ratio=0.247, mean_score=0.884
[MOS-Core] Gen 90/100:
  Stealth: mean=0.891, best=1.000
  Destructiveness: mean=0.011, best=0.024
  CV: mean=0.0000, min=0.0000
  Feasibility: count=10, ratio=100.00%
  Max feasible destruct: 0.024
  Pareto front size: 10
  Budget ratio: mean=0.118, max=0.226
  Radial: mean_ratio=0.118, max_ratio=0.226, mean_score=0.897
  Sign: mean_ratio=0.144, max_ratio=0.285, mean_score=0.880
[MOS-Core] Gen 100/100:
  Stealth: mean=0.882, best=1.000
  Destructiveness: mean=0.013, best=0.028
  CV: mean=0.0000, min=0.0000
  Feasibility: count=10, ratio=100.00%
  Max feasible destruct: 0.028
  Pareto front size: 10
  Budget ratio: mean=0.127, max=0.219
  Radial: mean_ratio=0.127, max_ratio=0.219, mean_score=0.891
  Sign: mean_ratio=0.168, max_ratio=0.331, mean_score=0.864

[MOS-Core] Selecting final solution...
[MOS-Core] Selection parameters:
  Lambda_s (stealth weight): 0.50
  Lambda_a (attack weight): 0.50
  Attack floor ratio: 0.0028

[MOS-Core] Feasibility summary:
  Feasible solutions: 10
  Feasible ratio: 100.00%
  Selection mode: feasible
  Min CV in front: 0.0000

[MOS-Core] Pareto front summary:
  Front size: 10
  Stealth range: [0.797, 1.000]
  Destructiveness range: [0.000, 0.028]
  CV range: [0.0000, 0.0000]
  Candidates after attack floor: 7

[MOS-Core] Selected solution (index=2):
[MOS-Core]   Constraint pass score (R): 0.889
[MOS-Core]   Destructiveness (A): 0.011
[MOS-Core]   Total CV: 0.0000
[MOS-Core]   Deviation norm: 63.0329
[MOS-Core]   Budget usage: 10.31%
[MOS-Core] selection_mode=balanced_knee
[MOS-Core] selected_budget_ratio=0.103148
[MOS-Core] selected_stealth=0.889334
[MOS-Core] selected_destructiveness=0.010965
[MOS-Core] selected_cv=0.000000
[MOS-Core] selected_feasible=True
[MOS-Core] selected_guidance_alignment=0.000174
[MOS-Core] Per-constraint details:
[MOS-Core]   Radial: score=0.906, ratio=0.103, loss=63.0329, threshold=611.0895
[MOS-Core]   Sign: score=0.855, ratio=0.170, loss=0.3297, threshold=1.9445

[MOS-Core] Generating 11 malicious updates...
[MOS-Core] Template noise scale: 0.0001
[MOS-Core] Output norms: min=63.0297, mean=63.0329, max=63.0370
[MOS-Core] Attack completed successfully
============================================================

attack:mos_attack
defend:multi_krum
t  42: train_loss = 1.158, test_acc = 57.580
attack numbers = 5
current iteration attack ratio: 0.2

============================================================
[MOS-Core] Starting MOS-Attack
============================================================
[MOS-Core] Total parameters: 11,183,582
[MOS-Core] Benign clients: 20
[MOS-Core] Malicious slots: 5
[MOS-Core] Benign mean norm: 212.2104
[MOS-Core] Benign std (mean): 0.0014
[MOS-Core] ce_raw_norm=6728571392.0
[MOS-Core] cw_raw_norm=6728571392.0
[MOS-Core] ce_valid=True
[MOS-Core] cw_valid=True
[MOS-Core] ce_cw_cosine=1.000000238418579
[MOS-Core] combined_pre_norm=1.0000001192092896
[MOS-Core] historical_direction_valid=True
[MOS-Core] historical_direction_norm=63.032875061035156
[MOS-Core] guidance_history_cosine=0.0001721592270769179
[MOS-Core] guidance_source=ce_cw_combined
[MOS-Core] guidance_fallback_used=False
[MOS-Core] final_guidance_norm=1.000000
[MOS-Core] Base radial threshold (q=0.95): 529.8212
[MOS-Core] Attack budget ratio: 1.0
[MOS-Core] current_budget=529.821228
[MOS-Core] current_budget_valid=True

[MOS-Core] Initializing constraints...
[MOS-Core] Enabled constraints: Radial, Sign
[MOS-Core] Radial weight: 1.0
[MOS-Core] Sign weight: 0.5, layer_reduce: quantile
[MOS-Core]   Radial threshold: 529.8212
[MOS-Core]   Sign threshold: 2.1230

[MOS-Core] Initializing population (size=10)...
[MOS-Core] adaptive_guided_init=True alpha_feasible=0.000977 scales=[0.0, 0.0001953125, 0.000390625, 0.0005859375, 0.00078125, 0.0009765625]
[MOS-Core] Generated 6 scale-based seeds: [0.0, 0.0001953125, 0.000390625, 0.0005859375, 0.00078125, 0.0009765625]
[MOS-Core] Historical seed injected at position 3
[MOS-Core] historical_raw_norm=63.032875
[MOS-Core] historical_direction_norm=1.000000
[MOS-Core] historical_seed_target_scale=264.910614
[MOS-Core] historical_seed_final_norm=264.910614
[MOS-Core] Generated 4 random candidates (noise_scale=0.1)
[MOS-Core] Initial population norms: min=0.0000, mean=73.7868, max=292.4350
[MOS-Core] Budget ratios: min=0.0000, mean=0.1393, max=0.5520
[MOS-Core] Clipped ratio: 0.00%
[MOS-Core] Historical seed used: True

[MOS-Core] Starting NSGA-II evolution...
[MOS-Core] Generations: 100
[MOS-Core] Population size: 10
[MOS-Core] SBX eta: 15.0, crossover_prob: 0.9
[MOS-Core] Mutation scale: 0.05
[MOS-Core] Gen 1/100:
  Stealth: mean=0.915, best=1.000
  Destructiveness: mean=0.217, best=0.517
  CV: mean=0.0000, min=0.0000
  Feasibility: count=10, ratio=100.00%
  Max feasible destruct: 0.517
  Pareto front size: 6
  Budget ratio: mean=0.016, max=0.037
  Radial: mean_ratio=0.016, max_ratio=0.037, mean_score=0.984
  Sign: mean_ratio=0.356, max_ratio=0.957, mean_score=0.777
[MOS-Core] Gen 10/100:
  Stealth: mean=0.904, best=1.000
  Destructiveness: mean=0.229, best=0.523
  CV: mean=0.0000, min=0.0000
  Feasibility: count=10, ratio=100.00%
  Max feasible destruct: 0.523
  Pareto front size: 10
  Budget ratio: mean=0.029, max=0.074
  Radial: mean_ratio=0.029, max_ratio=0.074, mean_score=0.972
  Sign: mean_ratio=0.379, max_ratio=0.957, mean_score=0.768
[MOS-Core] Gen 20/100:
  Stealth: mean=0.893, best=1.000
  Destructiveness: mean=0.262, best=0.532
  CV: mean=0.0000, min=0.0000
  Feasibility: count=10, ratio=100.00%
  Max feasible destruct: 0.532
  Pareto front size: 10
  Budget ratio: mean=0.035, max=0.109
  Radial: mean_ratio=0.035, max_ratio=0.109, mean_score=0.968
  Sign: mean_ratio=0.446, max_ratio=0.977, mean_score=0.742
[MOS-Core] Gen 30/100:
  Stealth: mean=0.891, best=1.000
  Destructiveness: mean=0.252, best=0.541
  CV: mean=0.0000, min=0.0000
  Feasibility: count=10, ratio=100.00%
  Max feasible destruct: 0.541
  Pareto front size: 10
  Budget ratio: mean=0.041, max=0.185
  Radial: mean_ratio=0.041, max_ratio=0.185, mean_score=0.963
  Sign: mean_ratio=0.425, max_ratio=0.981, mean_score=0.749
[MOS-Core] Gen 40/100:
  Stealth: mean=0.848, best=1.000
  Destructiveness: mean=0.339, best=0.549
  CV: mean=0.0000, min=0.0000
  Feasibility: count=10, ratio=100.00%
  Max feasible destruct: 0.549
  Pareto front size: 10
  Budget ratio: mean=0.076, max=0.255
  Radial: mean_ratio=0.076, max_ratio=0.255, mean_score=0.936
  Sign: mean_ratio=0.585, max_ratio=0.993, mean_score=0.672
[MOS-Core] Gen 50/100:
  Stealth: mean=0.852, best=1.000
  Destructiveness: mean=0.320, best=0.557
  CV: mean=0.0000, min=0.0000
  Feasibility: count=10, ratio=100.00%
  Max feasible destruct: 0.557
  Pareto front size: 10
  Budget ratio: mean=0.080, max=0.263
  Radial: mean_ratio=0.080, max_ratio=0.263, mean_score=0.932
  Sign: mean_ratio=0.535, max_ratio=0.981, mean_score=0.692
[MOS-Core] Gen 60/100:
  Stealth: mean=0.833, best=1.000
  Destructiveness: mean=0.343, best=0.563
  CV: mean=0.0000, min=0.0000
  Feasibility: count=10, ratio=100.00%
  Max feasible destruct: 0.563
  Pareto front size: 10
  Budget ratio: mean=0.104, max=0.319
  Radial: mean_ratio=0.104, max_ratio=0.319, mean_score=0.915
  Sign: mean_ratio=0.591, max_ratio=0.981, mean_score=0.668
[MOS-Core] Gen 70/100:
  Stealth: mean=0.827, best=1.000
  Destructiveness: mean=0.346, best=0.576
  CV: mean=0.0000, min=0.0000
  Feasibility: count=10, ratio=100.00%
  Max feasible destruct: 0.576
  Pareto front size: 10
  Budget ratio: mean=0.111, max=0.315
  Radial: mean_ratio=0.111, max_ratio=0.315, mean_score=0.908
  Sign: mean_ratio=0.604, max_ratio=0.988, mean_score=0.665
[MOS-Core] Gen 80/100:
  Stealth: mean=0.826, best=1.000
  Destructiveness: mean=0.348, best=0.586
  CV: mean=0.0000, min=0.0000
  Feasibility: count=10, ratio=100.00%
  Max feasible destruct: 0.586
  Pareto front size: 10
  Budget ratio: mean=0.114, max=0.340
  Radial: mean_ratio=0.114, max_ratio=0.340, mean_score=0.906
  Sign: mean_ratio=0.602, max_ratio=0.996, mean_score=0.665
[MOS-Core] Gen 90/100:
  Stealth: mean=0.830, best=1.000
  Destructiveness: mean=0.349, best=0.593
  CV: mean=0.0000, min=0.0000
  Feasibility: count=10, ratio=100.00%
  Max feasible destruct: 0.593
  Pareto front size: 10
  Budget ratio: mean=0.113, max=0.373
  Radial: mean_ratio=0.113, max_ratio=0.373, mean_score=0.908
  Sign: mean_ratio=0.581, max_ratio=0.966, mean_score=0.674
[MOS-Core] Gen 100/100:
  Stealth: mean=0.825, best=1.000
  Destructiveness: mean=0.349, best=0.597
  CV: mean=0.0000, min=0.0000
  Feasibility: count=10, ratio=100.00%
  Max feasible destruct: 0.597
  Pareto front size: 10
  Budget ratio: mean=0.118, max=0.380
  Radial: mean_ratio=0.118, max_ratio=0.380, mean_score=0.904
  Sign: mean_ratio=0.592, max_ratio=0.966, mean_score=0.668

[MOS-Core] Selecting final solution...
[MOS-Core] Selection parameters:
  Lambda_s (stealth weight): 0.50
  Lambda_a (attack weight): 0.50
  Attack floor ratio: 0.0597

[MOS-Core] Feasibility summary:
  Feasible solutions: 10
  Feasible ratio: 100.00%
  Selection mode: feasible
  Min CV in front: 0.0000

[MOS-Core] Pareto front summary:
  Front size: 10
  Stealth range: [0.653, 1.000]
  Destructiveness range: [0.000, 0.597]
  CV range: [0.0000, 0.0000]
  Candidates after attack floor: 8

[MOS-Core] Selected solution (index=3):
[MOS-Core]   Constraint pass score (R): 0.858
[MOS-Core]   Destructiveness (A): 0.414
[MOS-Core]   Total CV: 0.0000
[MOS-Core]   Deviation norm: 0.4139
[MOS-Core]   Budget usage: 0.08%
[MOS-Core] selection_mode=balanced_knee
[MOS-Core] selected_budget_ratio=0.000781
[MOS-Core] selected_stealth=0.858094
[MOS-Core] selected_destructiveness=0.413921
[MOS-Core] selected_cv=0.000000
[MOS-Core] selected_feasible=True
[MOS-Core] selected_guidance_alignment=1.000000
[MOS-Core] Per-constraint details:
[MOS-Core]   Radial: score=0.999, ratio=0.001, loss=0.4139, threshold=529.8212
[MOS-Core]   Sign: score=0.576, ratio=0.737, loss=1.5638, threshold=2.1230

[MOS-Core] Generating 5 malicious updates...
[MOS-Core] Template noise scale: 0.0001
[MOS-Core] Output norms: min=0.4149, mean=0.4155, max=0.4158
[MOS-Core] Attack completed successfully
============================================================

attack:mos_attack
defend:multi_krum
t  43: train_loss = 1.155, test_acc = 51.940
attack numbers = 2
current iteration attack ratio: 0.08

============================================================
[MOS-Core] Starting MOS-Attack
============================================================
[MOS-Core] Total parameters: 11,183,582
[MOS-Core] Benign clients: 23
[MOS-Core] Malicious slots: 2
[MOS-Core] Benign mean norm: 523.2369
[MOS-Core] Benign std (mean): 0.0014
[MOS-Core] ce_raw_norm=9629074432.0
[MOS-Core] cw_raw_norm=9629074432.0
[MOS-Core] ce_valid=True
[MOS-Core] cw_valid=True
[MOS-Core] ce_cw_cosine=0.9999998807907104
[MOS-Core] combined_pre_norm=0.9999999403953552
[MOS-Core] historical_direction_valid=True
[MOS-Core] historical_direction_norm=0.41392284631729126
[MOS-Core] guidance_history_cosine=0.9850757122039795
[MOS-Core] guidance_source=ce_cw_combined
[MOS-Core] guidance_fallback_used=False
[MOS-Core] final_guidance_norm=1.000000
[MOS-Core] Base radial threshold (q=0.95): 633.1276
[MOS-Core] Attack budget ratio: 1.0
[MOS-Core] current_budget=633.127563
[MOS-Core] current_budget_valid=True

[MOS-Core] Initializing constraints...
[MOS-Core] Enabled constraints: Radial, Sign
[MOS-Core] Radial weight: 1.0
[MOS-Core] Sign weight: 0.5, layer_reduce: quantile
[MOS-Core]   Radial threshold: 633.1276
[MOS-Core]   Sign threshold: 2.2639

[MOS-Core] Initializing population (size=10)...
[MOS-Core] adaptive_guided_init=True alpha_feasible=0.000977 scales=[0.0, 0.0001953125, 0.000390625, 0.0005859375, 0.00078125, 0.0009765625]
[MOS-Core] Generated 6 scale-based seeds: [0.0, 0.0001953125, 0.000390625, 0.0005859375, 0.00078125, 0.0009765625]
[MOS-Core] Historical seed injected at position 3
[MOS-Core] historical_raw_norm=0.413923
[MOS-Core] historical_direction_norm=1.000000
[MOS-Core] historical_seed_target_scale=316.563782
[MOS-Core] historical_seed_final_norm=316.563751
[MOS-Core] Generated 4 random candidates (noise_scale=0.1)
[MOS-Core] Initial population norms: min=0.0000, mean=193.3803, max=548.8265
[MOS-Core] Budget ratios: min=0.0000, mean=0.3054, max=0.8668
[MOS-Core] Clipped ratio: 0.00%
[MOS-Core] Historical seed used: True

[MOS-Core] Starting NSGA-II evolution...
[MOS-Core] Generations: 100
[MOS-Core] Population size: 10
[MOS-Core] SBX eta: 15.0, crossover_prob: 0.9
[MOS-Core] Mutation scale: 0.05
[MOS-Core] Gen 1/100:
  Stealth: mean=0.924, best=1.000
  Destructiveness: mean=0.284, best=0.618
  CV: mean=0.0000, min=0.0000
  Feasibility: count=10, ratio=100.00%
  Max feasible destruct: 0.618
  Pareto front size: 6
  Budget ratio: mean=0.015, max=0.042
  Radial: mean_ratio=0.015, max_ratio=0.042, mean_score=0.985
  Sign: mean_ratio=0.310, max_ratio=0.772, mean_score=0.803
[MOS-Core] Gen 10/100:
  Stealth: mean=0.897, best=1.000
  Destructiveness: mean=0.360, best=0.631
  CV: mean=0.0000, min=0.0000
  Feasibility: count=10, ratio=100.00%
  Max feasible destruct: 0.631
  Pareto front size: 10
  Budget ratio: mean=0.030, max=0.100
  Radial: mean_ratio=0.030, max_ratio=0.100, mean_score=0.972
  Sign: mean_ratio=0.410, max_ratio=0.841, mean_score=0.746
[MOS-Core] Gen 20/100:
  Stealth: mean=0.900, best=1.000
  Destructiveness: mean=0.324, best=0.636
  CV: mean=0.0000, min=0.0000
  Feasibility: count=10, ratio=100.00%
  Max feasible destruct: 0.636
  Pareto front size: 10
  Budget ratio: mean=0.036, max=0.135
  Radial: mean_ratio=0.036, max_ratio=0.135, mean_score=0.967
  Sign: mean_ratio=0.369, max_ratio=0.994, mean_score=0.768
[MOS-Core] Gen 30/100:
  Stealth: mean=0.882, best=1.000
  Destructiveness: mean=0.364, best=0.640
  CV: mean=0.0000, min=0.0000
  Feasibility: count=10, ratio=100.00%
  Max feasible destruct: 0.640
  Pareto front size: 10
  Budget ratio: mean=0.050, max=0.143
  Radial: mean_ratio=0.050, max_ratio=0.143, mean_score=0.955
  Sign: mean_ratio=0.440, max_ratio=0.995, mean_score=0.737
[MOS-Core] Gen 40/100:
  Stealth: mean=0.877, best=1.000
  Destructiveness: mean=0.365, best=0.643
  CV: mean=0.0000, min=0.0000
  Feasibility: count=10, ratio=100.00%
  Max feasible destruct: 0.643
  Pareto front size: 10
  Budget ratio: mean=0.060, max=0.194
  Radial: mean_ratio=0.060, max_ratio=0.194, mean_score=0.946
  Sign: mean_ratio=0.436, max_ratio=0.997, mean_score=0.738
[MOS-Core] Gen 50/100:
  Stealth: mean=0.866, best=1.000
  Destructiveness: mean=0.378, best=0.645
  CV: mean=0.0000, min=0.0000
  Feasibility: count=10, ratio=100.00%
  Max feasible destruct: 0.645
  Pareto front size: 10
  Budget ratio: mean=0.078, max=0.245
  Radial: mean_ratio=0.078, max_ratio=0.245, mean_score=0.934
  Sign: mean_ratio=0.460, max_ratio=0.948, mean_score=0.730
[MOS-Core] Gen 60/100:
  Stealth: mean=0.853, best=1.000
  Destructiveness: mean=0.404, best=0.649
  CV: mean=0.0000, min=0.0000
  Feasibility: count=10, ratio=100.00%
  Max feasible destruct: 0.649
  Pareto front size: 10
  Budget ratio: mean=0.090, max=0.261
  Radial: mean_ratio=0.090, max_ratio=0.261, mean_score=0.924
  Sign: mean_ratio=0.498, max_ratio=0.972, mean_score=0.711
[MOS-Core] Gen 70/100:
  Stealth: mean=0.853, best=1.000
  Destructiveness: mean=0.368, best=0.657
  CV: mean=0.0000, min=0.0000
  Feasibility: count=10, ratio=100.00%
  Max feasible destruct: 0.657
  Pareto front size: 10
  Budget ratio: mean=0.102, max=0.309
  Radial: mean_ratio=0.102, max_ratio=0.309, mean_score=0.913
  Sign: mean_ratio=0.455, max_ratio=0.996, mean_score=0.732
[MOS-Core] Gen 80/100:
  Stealth: mean=0.831, best=1.000
  Destructiveness: mean=0.398, best=0.663
  CV: mean=0.0000, min=0.0000
  Feasibility: count=10, ratio=100.00%
  Max feasible destruct: 0.663
  Pareto front size: 10
  Budget ratio: mean=0.128, max=0.379
  Radial: mean_ratio=0.128, max_ratio=0.379, mean_score=0.896
  Sign: mean_ratio=0.532, max_ratio=0.997, mean_score=0.701
[MOS-Core] Gen 90/100:
  Stealth: mean=0.853, best=1.000
  Destructiveness: mean=0.347, best=0.667
  CV: mean=0.0000, min=0.0000
  Feasibility: count=10, ratio=100.00%
  Max feasible destruct: 0.667
  Pareto front size: 10
  Budget ratio: mean=0.112, max=0.382
  Radial: mean_ratio=0.112, max_ratio=0.382, mean_score=0.909
  Sign: mean_ratio=0.445, max_ratio=0.993, mean_score=0.742
[MOS-Core] Gen 100/100:
  Stealth: mean=0.852, best=1.000
  Destructiveness: mean=0.348, best=0.671
  CV: mean=0.0000, min=0.0000
  Feasibility: count=10, ratio=100.00%
  Max feasible destruct: 0.671
  Pareto front size: 10
  Budget ratio: mean=0.111, max=0.361
  Radial: mean_ratio=0.111, max_ratio=0.361, mean_score=0.908
  Sign: mean_ratio=0.442, max_ratio=0.990, mean_score=0.741

[MOS-Core] Selecting final solution...
[MOS-Core] Selection parameters:
  Lambda_s (stealth weight): 0.50
  Lambda_a (attack weight): 0.50
  Attack floor ratio: 0.0671

[MOS-Core] Feasibility summary:
  Feasible solutions: 10
  Feasible ratio: 100.00%
  Selection mode: feasible
  Min CV in front: 0.0000

[MOS-Core] Pareto front summary:
  Front size: 10
  Stealth range: [0.657, 1.000]
  Destructiveness range: [0.000, 0.671]
  CV range: [0.0000, 0.0000]
  Candidates after attack floor: 8

[MOS-Core] Selected solution (index=3):
[MOS-Core]   Constraint pass score (R): 0.878
[MOS-Core]   Destructiveness (A): 0.495
[MOS-Core]   Total CV: 0.0000
[MOS-Core]   Deviation norm: 0.4946
[MOS-Core]   Budget usage: 0.08%
[MOS-Core] selection_mode=balanced_knee
[MOS-Core] selected_budget_ratio=0.000781
[MOS-Core] selected_stealth=0.878079
[MOS-Core] selected_destructiveness=0.494629
[MOS-Core] selected_cv=0.000000
[MOS-Core] selected_feasible=True
[MOS-Core] selected_guidance_alignment=1.000000
[MOS-Core] Per-constraint details:
[MOS-Core]   Radial: score=0.999, ratio=0.001, loss=0.4946, threshold=633.1276
[MOS-Core]   Sign: score=0.636, ratio=0.573, loss=1.2968, threshold=2.2639

[MOS-Core] Generating 2 malicious updates...
[MOS-Core] Template noise scale: 0.0001
[MOS-Core] Output norms: min=0.4954, mean=0.4956, max=0.4958
[MOS-Core] Attack completed successfully
============================================================

attack:mos_attack
defend:multi_krum
t  44: train_loss = 1.112, test_acc = 56.710
attack numbers = 4
current iteration attack ratio: 0.16

============================================================
[MOS-Core] Starting MOS-Attack
============================================================
[MOS-Core] Total parameters: 11,183,582
[MOS-Core] Benign clients: 21
[MOS-Core] Malicious slots: 4
[MOS-Core] Benign mean norm: 361.1853
[MOS-Core] Benign std (mean): 0.0015
[MOS-Core] ce_raw_norm=15520804864.0
[MOS-Core] cw_raw_norm=15520804864.0
[MOS-Core] ce_valid=True
[MOS-Core] cw_valid=True
[MOS-Core] ce_cw_cosine=1.0
[MOS-Core] combined_pre_norm=1.0
[MOS-Core] historical_direction_valid=True
[MOS-Core] historical_direction_norm=0.49463093280792236
[MOS-Core] guidance_history_cosine=0.9948790073394775
[MOS-Core] guidance_source=ce_cw_combined
[MOS-Core] guidance_fallback_used=False
[MOS-Core] final_guidance_norm=1.000000
[MOS-Core] Base radial threshold (q=0.95): 600.2452
[MOS-Core] Attack budget ratio: 1.0
[MOS-Core] current_budget=600.245239
[MOS-Core] current_budget_valid=True

[MOS-Core] Initializing constraints...
[MOS-Core] Enabled constraints: Radial, Sign
[MOS-Core] Radial weight: 1.0
[MOS-Core] Sign weight: 0.5, layer_reduce: quantile
[MOS-Core]   Radial threshold: 600.2452
[MOS-Core]   Sign threshold: 1.8879

[MOS-Core] Initializing population (size=10)...
[MOS-Core] adaptive_guided_init=True alpha_feasible=0.000000 scales=[0.0, 0.0, 0.0, 0.0, 0.0, 0.0]
[MOS-Core] Generated 6 scale-based seeds: [0.0, 0.0, 0.0, 0.0, 0.0, 0.0]
[MOS-Core] Historical seed injected at position 3
[MOS-Core] historical_raw_norm=0.494631
[MOS-Core] historical_direction_norm=1.000000
[MOS-Core] historical_seed_target_scale=300.122620
[MOS-Core] historical_seed_final_norm=300.122620
[MOS-Core] Generated 4 random candidates (noise_scale=0.1)
[MOS-Core] Initial population norms: min=0.0000, mean=172.6264, max=550.2627
[MOS-Core] Budget ratios: min=0.0000, mean=0.2876, max=0.9167
[MOS-Core] Clipped ratio: 0.00%
[MOS-Core] Historical seed used: True

[MOS-Core] Starting NSGA-II evolution...
[MOS-Core] Generations: 100
[MOS-Core] Population size: 10
[MOS-Core] SBX eta: 15.0, crossover_prob: 0.9
[MOS-Core] Mutation scale: 0.05
[MOS-Core] Gen 1/100:
  Stealth: mean=0.986, best=1.000
  Destructiveness: mean=0.000, best=0.000
  CV: mean=0.0000, min=0.0000
  Feasibility: count=10, ratio=100.00%
  Max feasible destruct: 0.000
  Pareto front size: 7
  Budget ratio: mean=0.019, max=0.053
  Radial: mean_ratio=0.019, max_ratio=0.053, mean_score=0.982
  Sign: mean_ratio=0.008, max_ratio=0.015, mean_score=0.993
[MOS-Core] Gen 10/100:
  Stealth: mean=0.973, best=1.000
  Destructiveness: mean=0.001, best=0.002
  CV: mean=0.0000, min=0.0000
  Feasibility: count=10, ratio=100.00%
  Max feasible destruct: 0.002
  Pareto front size: 10
  Budget ratio: mean=0.032, max=0.069
  Radial: mean_ratio=0.032, max_ratio=0.069, mean_score=0.969
  Sign: mean_ratio=0.020, max_ratio=0.051, mean_score=0.981
[MOS-Core] Gen 20/100:
  Stealth: mean=0.957, best=1.000
  Destructiveness: mean=0.001, best=0.003
  CV: mean=0.0000, min=0.0000
  Feasibility: count=10, ratio=100.00%
  Max feasible destruct: 0.003
  Pareto front size: 10
  Budget ratio: mean=0.050, max=0.097
  Radial: mean_ratio=0.050, max_ratio=0.097, mean_score=0.953
  Sign: mean_ratio=0.038, max_ratio=0.088, mean_score=0.964
[MOS-Core] Gen 30/100:
  Stealth: mean=0.945, best=1.000
  Destructiveness: mean=0.002, best=0.005
  CV: mean=0.0000, min=0.0000
  Feasibility: count=10, ratio=100.00%
  Max feasible destruct: 0.005
  Pareto front size: 10
  Budget ratio: mean=0.062, max=0.106
  Radial: mean_ratio=0.062, max_ratio=0.106, mean_score=0.943
  Sign: mean_ratio=0.053, max_ratio=0.120, mean_score=0.950
[MOS-Core] Gen 40/100:
  Stealth: mean=0.928, best=1.000
  Destructiveness: mean=0.003, best=0.007
  CV: mean=0.0000, min=0.0000
  Feasibility: count=10, ratio=100.00%
  Max feasible destruct: 0.007
  Pareto front size: 10
  Budget ratio: mean=0.081, max=0.145
  Radial: mean_ratio=0.081, max_ratio=0.145, mean_score=0.927
  Sign: mean_ratio=0.075, max_ratio=0.150, mean_score=0.932
[MOS-Core] Gen 50/100:
  Stealth: mean=0.915, best=1.000
  Destructiveness: mean=0.004, best=0.008
  CV: mean=0.0000, min=0.0000
  Feasibility: count=10, ratio=100.00%
  Max feasible destruct: 0.008
  Pareto front size: 10
  Budget ratio: mean=0.097, max=0.184
  Radial: mean_ratio=0.097, max_ratio=0.184, mean_score=0.914
  Sign: mean_ratio=0.093, max_ratio=0.175, mean_score=0.918
[MOS-Core] Gen 60/100:
  Stealth: mean=0.903, best=1.000
  Destructiveness: mean=0.005, best=0.010
  CV: mean=0.0000, min=0.0000
  Feasibility: count=10, ratio=100.00%
  Max feasible destruct: 0.010
  Pareto front size: 10
  Budget ratio: mean=0.114, max=0.279
  Radial: mean_ratio=0.114, max_ratio=0.279, mean_score=0.902
  Sign: mean_ratio=0.109, max_ratio=0.214, mean_score=0.906
[MOS-Core] Gen 70/100:
  Stealth: mean=0.907, best=1.000
  Destructiveness: mean=0.005, best=0.011
  CV: mean=0.0000, min=0.0000
  Feasibility: count=10, ratio=100.00%
  Max feasible destruct: 0.011
  Pareto front size: 10
  Budget ratio: mean=0.105, max=0.221
  Radial: mean_ratio=0.105, max_ratio=0.221, mean_score=0.908
  Sign: mean_ratio=0.111, max_ratio=0.229, mean_score=0.904
[MOS-Core] Gen 80/100:
  Stealth: mean=0.892, best=1.000
  Destructiveness: mean=0.006, best=0.012
  CV: mean=0.0000, min=0.0000
  Feasibility: count=10, ratio=100.00%
  Max feasible destruct: 0.012
  Pareto front size: 10
  Budget ratio: mean=0.122, max=0.231
  Radial: mean_ratio=0.122, max_ratio=0.231, mean_score=0.895
  Sign: mean_ratio=0.133, max_ratio=0.258, mean_score=0.888
[MOS-Core] Gen 90/100:
  Stealth: mean=0.882, best=1.000
  Destructiveness: mean=0.007, best=0.015
  CV: mean=0.0000, min=0.0000
  Feasibility: count=10, ratio=100.00%
  Max feasible destruct: 0.015
  Pareto front size: 10
  Budget ratio: mean=0.135, max=0.289
  Radial: mean_ratio=0.135, max_ratio=0.289, mean_score=0.886
  Sign: mean_ratio=0.150, max_ratio=0.302, mean_score=0.876
[MOS-Core] Gen 100/100:
  Stealth: mean=0.874, best=1.000
  Destructiveness: mean=0.008, best=0.016
  CV: mean=0.0000, min=0.0000
  Feasibility: count=10, ratio=100.00%
  Max feasible destruct: 0.016
  Pareto front size: 10
  Budget ratio: mean=0.140, max=0.255
  Radial: mean_ratio=0.140, max_ratio=0.255, mean_score=0.881
  Sign: mean_ratio=0.174, max_ratio=0.324, mean_score=0.859

[MOS-Core] Selecting final solution...
[MOS-Core] Selection parameters:
  Lambda_s (stealth weight): 0.50
  Lambda_a (attack weight): 0.50
  Attack floor ratio: 0.0016

[MOS-Core] Feasibility summary:
  Feasible solutions: 10
  Feasible ratio: 100.00%
  Selection mode: feasible
  Min CV in front: 0.0000

[MOS-Core] Pareto front summary:
  Front size: 10
  Stealth range: [0.783, 1.000]
  Destructiveness range: [0.000, 0.016]
  CV range: [0.0000, 0.0000]
  Candidates after attack floor: 8

[MOS-Core] Selected solution (index=3):
[MOS-Core]   Constraint pass score (R): 0.858
[MOS-Core]   Destructiveness (A): 0.009
[MOS-Core]   Total CV: 0.0000
[MOS-Core]   Deviation norm: 88.9102
[MOS-Core]   Budget usage: 14.81%
[MOS-Core] selection_mode=balanced_knee
[MOS-Core] selected_budget_ratio=0.148123
[MOS-Core] selected_stealth=0.857901
[MOS-Core] selected_destructiveness=0.008638
[MOS-Core] selected_cv=0.000000
[MOS-Core] selected_feasible=True
[MOS-Core] selected_guidance_alignment=0.000097
[MOS-Core] Per-constraint details:
[MOS-Core]   Radial: score=0.871, ratio=0.148, loss=88.9102, threshold=600.2452
[MOS-Core]   Sign: score=0.832, ratio=0.202, loss=0.3820, threshold=1.8879

[MOS-Core] Generating 4 malicious updates...
[MOS-Core] Template noise scale: 0.0001
[MOS-Core] Output norms: min=88.9091, mean=88.9132, max=88.9174
[MOS-Core] Attack completed successfully
============================================================

attack:mos_attack
defend:multi_krum
t  45: train_loss = 1.145, test_acc = 58.830
attack numbers = 4
current iteration attack ratio: 0.16

============================================================
[MOS-Core] Starting MOS-Attack
============================================================
[MOS-Core] Total parameters: 11,183,582
[MOS-Core] Benign clients: 21
[MOS-Core] Malicious slots: 4
[MOS-Core] Benign mean norm: 173.6077
[MOS-Core] Benign std (mean): 0.0015
[MOS-Core] ce_raw_norm=13598747648.0
[MOS-Core] cw_raw_norm=13598747648.0
[MOS-Core] ce_valid=True
[MOS-Core] cw_valid=True
[MOS-Core] ce_cw_cosine=0.9999999403953552
[MOS-Core] combined_pre_norm=0.9999999403953552
[MOS-Core] historical_direction_valid=True
[MOS-Core] historical_direction_norm=88.91019439697266
[MOS-Core] guidance_history_cosine=9.599939949112013e-05
[MOS-Core] guidance_source=ce_cw_combined
[MOS-Core] guidance_fallback_used=False
[MOS-Core] final_guidance_norm=1.000000
[MOS-Core] Base radial threshold (q=0.95): 716.1716
[MOS-Core] Attack budget ratio: 1.0
[MOS-Core] current_budget=716.171570
[MOS-Core] current_budget_valid=True

[MOS-Core] Initializing constraints...
[MOS-Core] Enabled constraints: Radial, Sign
[MOS-Core] Radial weight: 1.0
[MOS-Core] Sign weight: 0.5, layer_reduce: quantile
[MOS-Core]   Radial threshold: 716.1716
[MOS-Core]   Sign threshold: 2.3149

[MOS-Core] Initializing population (size=10)...
[MOS-Core] adaptive_guided_init=True alpha_feasible=0.000000 scales=[0.0, 0.0, 0.0, 0.0, 0.0, 0.0]
[MOS-Core] Generated 6 scale-based seeds: [0.0, 0.0, 0.0, 0.0, 0.0, 0.0]
[MOS-Core] Historical seed injected at position 3
[MOS-Core] historical_raw_norm=88.910194
[MOS-Core] historical_direction_norm=1.000000
[MOS-Core] historical_seed_target_scale=358.085785
[MOS-Core] historical_seed_final_norm=358.085785
[MOS-Core] Generated 4 random candidates (noise_scale=0.1)
[MOS-Core] Initial population norms: min=0.0000, mean=118.7266, max=358.0858
[MOS-Core] Budget ratios: min=0.0000, mean=0.1658, max=0.5000
[MOS-Core] Clipped ratio: 0.00%
[MOS-Core] Historical seed used: True

[MOS-Core] Starting NSGA-II evolution...
[MOS-Core] Generations: 100
[MOS-Core] Population size: 10
[MOS-Core] SBX eta: 15.0, crossover_prob: 0.9
[MOS-Core] Mutation scale: 0.05
[MOS-Core] Gen 1/100:
  Stealth: mean=0.950, best=1.000
  Destructiveness: mean=0.003, best=0.034
  CV: mean=0.0085, min=0.0000
  Feasibility: count=9, ratio=90.00%
  Max feasible destruct: 0.000
  Pareto front size: 7
  Budget ratio: mean=0.062, max=0.500
  Radial: mean_ratio=0.062, max_ratio=0.500, mean_score=0.955
  Sign: mean_ratio=0.123, max_ratio=1.170, mean_score=0.940
[MOS-Core] Gen 10/100:
  Stealth: mean=0.963, best=1.000
  Destructiveness: mean=0.001, best=0.003
  CV: mean=0.0000, min=0.0000
  Feasibility: count=10, ratio=100.00%
  Max feasible destruct: 0.003
  Pareto front size: 10
  Budget ratio: mean=0.041, max=0.077
  Radial: mean_ratio=0.041, max_ratio=0.077, mean_score=0.961
  Sign: mean_ratio=0.034, max_ratio=0.066, mean_score=0.967
[MOS-Core] Gen 20/100:
  Stealth: mean=0.959, best=1.000
  Destructiveness: mean=0.002, best=0.006
  CV: mean=0.0000, min=0.0000
  Feasibility: count=10, ratio=100.00%
  Max feasible destruct: 0.006
  Pareto front size: 10
  Budget ratio: mean=0.046, max=0.088
  Radial: mean_ratio=0.046, max_ratio=0.088, mean_score=0.957
  Sign: mean_ratio=0.041, max_ratio=0.091, mean_score=0.962
[MOS-Core] Gen 30/100:
  Stealth: mean=0.931, best=1.000
  Destructiveness: mean=0.005, best=0.009
  CV: mean=0.0000, min=0.0000
  Feasibility: count=10, ratio=100.00%
  Max feasible destruct: 0.009
  Pareto front size: 10
  Budget ratio: mean=0.077, max=0.126
  Radial: mean_ratio=0.077, max_ratio=0.126, mean_score=0.930
  Sign: mean_ratio=0.075, max_ratio=0.131, mean_score=0.932
[MOS-Core] Gen 40/100:
  Stealth: mean=0.920, best=1.000
  Destructiveness: mean=0.005, best=0.011
  CV: mean=0.0000, min=0.0000
  Feasibility: count=10, ratio=100.00%
  Max feasible destruct: 0.011
  Pareto front size: 10
  Budget ratio: mean=0.092, max=0.204
  Radial: mean_ratio=0.092, max_ratio=0.204, mean_score=0.918
  Sign: mean_ratio=0.087, max_ratio=0.175, mean_score=0.922
[MOS-Core] Gen 50/100:
  Stealth: mean=0.897, best=1.000
  Destructiveness: mean=0.009, best=0.020
  CV: mean=0.0000, min=0.0000
  Feasibility: count=10, ratio=100.00%
  Max feasible destruct: 0.020
  Pareto front size: 10
  Budget ratio: mean=0.120, max=0.218
  Radial: mean_ratio=0.120, max_ratio=0.218, mean_score=0.897
  Sign: mean_ratio=0.119, max_ratio=0.204, mean_score=0.897
[MOS-Core] Gen 60/100:
  Stealth: mean=0.871, best=1.000
  Destructiveness: mean=0.013, best=0.025
  CV: mean=0.0000, min=0.0000
  Feasibility: count=10, ratio=100.00%
  Max feasible destruct: 0.025
  Pareto front size: 10
  Budget ratio: mean=0.153, max=0.269
  Radial: mean_ratio=0.153, max_ratio=0.269, mean_score=0.872
  Sign: mean_ratio=0.156, max_ratio=0.251, mean_score=0.870
[MOS-Core] Gen 70/100:
  Stealth: mean=0.877, best=1.000
  Destructiveness: mean=0.013, best=0.028
  CV: mean=0.0000, min=0.0000
  Feasibility: count=10, ratio=100.00%
  Max feasible destruct: 0.028
  Pareto front size: 10
  Budget ratio: mean=0.145, max=0.257
  Radial: mean_ratio=0.145, max_ratio=0.257, mean_score=0.879
  Sign: mean_ratio=0.152, max_ratio=0.258, mean_score=0.874
[MOS-Core] Gen 80/100:
  Stealth: mean=0.856, best=1.000
  Destructiveness: mean=0.016, best=0.035
  CV: mean=0.0000, min=0.0000
  Feasibility: count=10, ratio=100.00%
  Max feasible destruct: 0.035
  Pareto front size: 10
  Budget ratio: mean=0.169, max=0.302
  Radial: mean_ratio=0.169, max_ratio=0.302, mean_score=0.860
  Sign: mean_ratio=0.185, max_ratio=0.283, mean_score=0.849
[MOS-Core] Gen 90/100:
  Stealth: mean=0.868, best=1.000
  Destructiveness: mean=0.016, best=0.037
  CV: mean=0.0000, min=0.0000
  Feasibility: count=10, ratio=100.00%
  Max feasible destruct: 0.037
  Pareto front size: 10
  Budget ratio: mean=0.159, max=0.331
  Radial: mean_ratio=0.159, max_ratio=0.331, mean_score=0.870
  Sign: mean_ratio=0.170, max_ratio=0.300, mean_score=0.862
[MOS-Core] Gen 100/100:
  Stealth: mean=0.861, best=1.000
  Destructiveness: mean=0.019, best=0.041
  CV: mean=0.0000, min=0.0000
  Feasibility: count=10, ratio=100.00%
  Max feasible destruct: 0.041
  Pareto front size: 10
  Budget ratio: mean=0.163, max=0.304
  Radial: mean_ratio=0.163, max_ratio=0.304, mean_score=0.866
  Sign: mean_ratio=0.189, max_ratio=0.321, mean_score=0.850

[MOS-Core] Selecting final solution...
[MOS-Core] Selection parameters:
  Lambda_s (stealth weight): 0.50
  Lambda_a (attack weight): 0.50
  Attack floor ratio: 0.0041

[MOS-Core] Feasibility summary:
  Feasible solutions: 10
  Feasible ratio: 100.00%
  Selection mode: feasible
  Min CV in front: 0.0000

[MOS-Core] Pareto front summary:
  Front size: 10
  Stealth range: [0.764, 1.000]
  Destructiveness range: [0.000, 0.041]
  CV range: [0.0000, 0.0000]
  Candidates after attack floor: 8

[MOS-Core] Selected solution (index=3):
[MOS-Core]   Constraint pass score (R): 0.855
[MOS-Core]   Destructiveness (A): 0.016
[MOS-Core]   Total CV: 0.0000
[MOS-Core]   Deviation norm: 111.6712
[MOS-Core]   Budget usage: 15.59%
[MOS-Core] selection_mode=balanced_knee
[MOS-Core] selected_budget_ratio=0.155928
[MOS-Core] selected_stealth=0.855475
[MOS-Core] selected_destructiveness=0.016147
[MOS-Core] selected_cv=0.000000
[MOS-Core] selected_feasible=True
[MOS-Core] selected_guidance_alignment=0.000145
[MOS-Core] Per-constraint details:
[MOS-Core]   Radial: score=0.865, ratio=0.156, loss=111.6712, threshold=716.1716
[MOS-Core]   Sign: score=0.836, ratio=0.196, loss=0.4534, threshold=2.3149

[MOS-Core] Generating 4 malicious updates...
[MOS-Core] Template noise scale: 0.0001
[MOS-Core] Output norms: min=111.6318, mean=111.6625, max=111.6825
[MOS-Core] Attack completed successfully
============================================================

attack:mos_attack
defend:multi_krum
t  46: train_loss = 1.097, test_acc = 60.820
attack numbers = 2
current iteration attack ratio: 0.08

============================================================
[MOS-Core] Starting MOS-Attack
============================================================
[MOS-Core] Total parameters: 11,183,582
[MOS-Core] Benign clients: 23
[MOS-Core] Malicious slots: 2
[MOS-Core] Benign mean norm: 174.3600
[MOS-Core] Benign std (mean): 0.0014
[MOS-Core] ce_raw_norm=13138599936.0
[MOS-Core] cw_raw_norm=13138599936.0
[MOS-Core] ce_valid=True
[MOS-Core] cw_valid=True
[MOS-Core] ce_cw_cosine=1.0
[MOS-Core] combined_pre_norm=0.9999999403953552
[MOS-Core] historical_direction_valid=True
[MOS-Core] historical_direction_norm=111.67118835449219
[MOS-Core] guidance_history_cosine=0.00014504813589155674
[MOS-Core] guidance_source=ce_cw_combined
[MOS-Core] guidance_fallback_used=False
[MOS-Core] final_guidance_norm=1.000000
[MOS-Core] Base radial threshold (q=0.95): 520.5329
[MOS-Core] Attack budget ratio: 1.0
[MOS-Core] current_budget=520.532898
[MOS-Core] current_budget_valid=True

[MOS-Core] Initializing constraints...
[MOS-Core] Enabled constraints: Radial, Sign
[MOS-Core] Radial weight: 1.0
[MOS-Core] Sign weight: 0.5, layer_reduce: quantile
[MOS-Core]   Radial threshold: 520.5329
[MOS-Core]   Sign threshold: 2.5457

[MOS-Core] Initializing population (size=10)...
[MOS-Core] adaptive_guided_init=True alpha_feasible=0.000000 scales=[0.0, 0.0, 0.0, 0.0, 0.0, 0.0]
[MOS-Core] Generated 6 scale-based seeds: [0.0, 0.0, 0.0, 0.0, 0.0, 0.0]
[MOS-Core] Historical seed injected at position 3
[MOS-Core] historical_raw_norm=111.671188
[MOS-Core] historical_direction_norm=1.000000
[MOS-Core] historical_seed_target_scale=260.266449
[MOS-Core] historical_seed_final_norm=260.266479
[MOS-Core] Generated 4 random candidates (noise_scale=0.1)
[MOS-Core] Initial population norms: min=0.0000, mean=187.0630, max=486.3930
[MOS-Core] Budget ratios: min=0.0000, mean=0.3594, max=0.9344
[MOS-Core] Clipped ratio: 0.00%
[MOS-Core] Historical seed used: True

[MOS-Core] Starting NSGA-II evolution...
[MOS-Core] Generations: 100
[MOS-Core] Population size: 10
[MOS-Core] SBX eta: 15.0, crossover_prob: 0.9
[MOS-Core] Mutation scale: 0.05
[MOS-Core] Gen 1/100:
  Stealth: mean=0.921, best=1.000
  Destructiveness: mean=0.008, best=0.039
  CV: mean=0.0000, min=0.0000
  Feasibility: count=10, ratio=100.00%
  Max feasible destruct: 0.039
  Pareto front size: 9
  Budget ratio: mean=0.114, max=0.520
  Radial: mean_ratio=0.114, max_ratio=0.520, mean_score=0.921
  Sign: mean_ratio=0.124, max_ratio=0.593, mean_score=0.921
[MOS-Core] Gen 10/100:
  Stealth: mean=0.845, best=1.000
  Destructiveness: mean=0.019, best=0.048
  CV: mean=0.0000, min=0.0000
  Feasibility: count=10, ratio=100.00%
  Max feasible destruct: 0.048
  Pareto front size: 9
  Budget ratio: mean=0.218, max=0.531
  Radial: mean_ratio=0.218, max_ratio=0.531, mean_score=0.849
  Sign: mean_ratio=0.258, max_ratio=0.622, mean_score=0.836
[MOS-Core] Gen 20/100:
  Stealth: mean=0.840, best=1.000
  Destructiveness: mean=0.021, best=0.054
  CV: mean=0.0000, min=0.0000
  Feasibility: count=10, ratio=100.00%
  Max feasible destruct: 0.054
  Pareto front size: 10
  Budget ratio: mean=0.207, max=0.465
  Radial: mean_ratio=0.207, max_ratio=0.465, mean_score=0.849
  Sign: mean_ratio=0.276, max_ratio=0.636, mean_score=0.823
[MOS-Core] Gen 30/100:
  Stealth: mean=0.833, best=1.000
  Destructiveness: mean=0.024, best=0.064
  CV: mean=0.0000, min=0.0000
  Feasibility: count=10, ratio=100.00%
  Max feasible destruct: 0.064
  Pareto front size: 10
  Budget ratio: mean=0.210, max=0.440
  Radial: mean_ratio=0.210, max_ratio=0.440, mean_score=0.843
  Sign: mean_ratio=0.291, max_ratio=0.652, mean_score=0.813
[MOS-Core] Gen 40/100:
  Stealth: mean=0.799, best=1.000
  Destructiveness: mean=0.032, best=0.074
  CV: mean=0.0000, min=0.0000
  Feasibility: count=10, ratio=100.00%
  Max feasible destruct: 0.074
  Pareto front size: 10
  Budget ratio: mean=0.255, max=0.456
  Radial: mean_ratio=0.255, max_ratio=0.456, mean_score=0.813
  Sign: mean_ratio=0.364, max_ratio=0.689, mean_score=0.770
[MOS-Core] Gen 50/100:
  Stealth: mean=0.807, best=1.000
  Destructiveness: mean=0.032, best=0.081
  CV: mean=0.0000, min=0.0000
  Feasibility: count=10, ratio=100.00%
  Max feasible destruct: 0.081
  Pareto front size: 10
  Budget ratio: mean=0.245, max=0.481
  Radial: mean_ratio=0.245, max_ratio=0.481, mean_score=0.818
  Sign: mean_ratio=0.335, max_ratio=0.720, mean_score=0.784
[MOS-Core] Gen 60/100:
  Stealth: mean=0.831, best=1.000
  Destructiveness: mean=0.028, best=0.084
  CV: mean=0.0000, min=0.0000
  Feasibility: count=10, ratio=100.00%
  Max feasible destruct: 0.084
  Pareto front size: 10
  Budget ratio: mean=0.209, max=0.483
  Radial: mean_ratio=0.209, max_ratio=0.483, mean_score=0.841
  Sign: mean_ratio=0.280, max_ratio=0.723, mean_score=0.812
[MOS-Core] Gen 70/100:
  Stealth: mean=0.813, best=1.000
  Destructiveness: mean=0.036, best=0.093
  CV: mean=0.0000, min=0.0000
  Feasibility: count=10, ratio=100.00%
  Max feasible destruct: 0.093
  Pareto front size: 10
  Budget ratio: mean=0.232, max=0.470
  Radial: mean_ratio=0.232, max_ratio=0.470, mean_score=0.828
  Sign: mean_ratio=0.340, max_ratio=0.750, mean_score=0.783
[MOS-Core] Gen 80/100:
  Stealth: mean=0.802, best=1.000
  Destructiveness: mean=0.040, best=0.109
  CV: mean=0.0000, min=0.0000
  Feasibility: count=10, ratio=100.00%
  Max feasible destruct: 0.109
  Pareto front size: 10
  Budget ratio: mean=0.246, max=0.479
  Radial: mean_ratio=0.246, max_ratio=0.479, mean_score=0.817
  Sign: mean_ratio=0.358, max_ratio=0.773, mean_score=0.773
[MOS-Core] Gen 90/100:
  Stealth: mean=0.796, best=1.000
  Destructiveness: mean=0.052, best=0.119
  CV: mean=0.0000, min=0.0000
  Feasibility: count=10, ratio=100.00%
  Max feasible destruct: 0.119
  Pareto front size: 10
  Budget ratio: mean=0.258, max=0.504
  Radial: mean_ratio=0.258, max_ratio=0.504, mean_score=0.814
  Sign: mean_ratio=0.399, max_ratio=0.796, mean_score=0.759
[MOS-Core] Gen 100/100:
  Stealth: mean=0.790, best=1.000
  Destructiveness: mean=0.057, best=0.133
  CV: mean=0.0000, min=0.0000
  Feasibility: count=10, ratio=100.00%
  Max feasible destruct: 0.133
  Pareto front size: 10
  Budget ratio: mean=0.268, max=0.520
  Radial: mean_ratio=0.268, max_ratio=0.520, mean_score=0.808
  Sign: mean_ratio=0.407, max_ratio=0.811, mean_score=0.755

[MOS-Core] Selecting final solution...
[MOS-Core] Selection parameters:
  Lambda_s (stealth weight): 0.50
  Lambda_a (attack weight): 0.50
  Attack floor ratio: 0.0133

[MOS-Core] Feasibility summary:
  Feasible solutions: 10
  Feasible ratio: 100.00%
  Selection mode: feasible
  Min CV in front: 0.0000

[MOS-Core] Pareto front summary:
  Front size: 10
  Stealth range: [0.623, 1.000]
  Destructiveness range: [0.000, 0.133]
  CV range: [0.0000, 0.0000]
  Candidates after attack floor: 8

[MOS-Core] Selected solution (index=2):
[MOS-Core]   Constraint pass score (R): 0.870
[MOS-Core]   Destructiveness (A): 0.046
[MOS-Core]   Total CV: 0.0000
[MOS-Core]   Deviation norm: 77.6420
[MOS-Core]   Budget usage: 14.92%
[MOS-Core] selection_mode=balanced_knee
[MOS-Core] selected_budget_ratio=0.149159
[MOS-Core] selected_stealth=0.869870
[MOS-Core] selected_destructiveness=0.046031
[MOS-Core] selected_cv=0.000000
[MOS-Core] selected_feasible=True
[MOS-Core] selected_guidance_alignment=0.000593
[MOS-Core] Per-constraint details:
[MOS-Core]   Radial: score=0.870, ratio=0.149, loss=77.6420, threshold=520.5329
[MOS-Core]   Sign: score=0.869, ratio=0.150, loss=0.3831, threshold=2.5457

[MOS-Core] Generating 2 malicious updates...
[MOS-Core] Template noise scale: 0.0001
[MOS-Core] Output norms: min=77.6430, mean=77.6464, max=77.6497
[MOS-Core] Attack completed successfully
============================================================

attack:mos_attack
defend:multi_krum
t  47: train_loss = 1.077, test_acc = 59.770
attack numbers = 7
current iteration attack ratio: 0.28

============================================================
[MOS-Core] Starting MOS-Attack
============================================================
[MOS-Core] Total parameters: 11,183,582
[MOS-Core] Benign clients: 18
[MOS-Core] Malicious slots: 7
[MOS-Core] Benign mean norm: 145.2815
[MOS-Core] Benign std (mean): 0.0015
[MOS-Core] ce_raw_norm=12135299072.0
[MOS-Core] cw_raw_norm=12135299072.0
[MOS-Core] ce_valid=True
[MOS-Core] cw_valid=True
[MOS-Core] ce_cw_cosine=1.0
[MOS-Core] combined_pre_norm=1.0
[MOS-Core] historical_direction_valid=True
[MOS-Core] historical_direction_norm=77.64198303222656
[MOS-Core] guidance_history_cosine=0.0005676752771250904
[MOS-Core] guidance_source=ce_cw_combined
[MOS-Core] guidance_fallback_used=False
[MOS-Core] final_guidance_norm=1.000000
[MOS-Core] Base radial threshold (q=0.95): 632.2709
[MOS-Core] Attack budget ratio: 1.0
[MOS-Core] current_budget=632.270874
[MOS-Core] current_budget_valid=True

[MOS-Core] Initializing constraints...
[MOS-Core] Enabled constraints: Radial, Sign
[MOS-Core] Radial weight: 1.0
[MOS-Core] Sign weight: 0.5, layer_reduce: quantile
[MOS-Core]   Radial threshold: 632.2709
[MOS-Core]   Sign threshold: 2.2931

[MOS-Core] Initializing population (size=10)...
[MOS-Core] adaptive_guided_init=True alpha_feasible=0.000977 scales=[0.0, 0.0001953125, 0.000390625, 0.0005859375, 0.00078125, 0.0009765625]
[MOS-Core] Generated 6 scale-based seeds: [0.0, 0.0001953125, 0.000390625, 0.0005859375, 0.00078125, 0.0009765625]
[MOS-Core] Historical seed injected at position 3
[MOS-Core] historical_raw_norm=77.641983
[MOS-Core] historical_direction_norm=1.000000
[MOS-Core] historical_seed_target_scale=316.135437
[MOS-Core] historical_seed_final_norm=316.135406
[MOS-Core] Generated 4 random candidates (noise_scale=0.1)
[MOS-Core] Initial population norms: min=0.0000, mean=135.2690, max=598.3016
[MOS-Core] Budget ratios: min=0.0000, mean=0.2139, max=0.9463
[MOS-Core] Clipped ratio: 0.00%
[MOS-Core] Historical seed used: True

[MOS-Core] Starting NSGA-II evolution...
[MOS-Core] Generations: 100
[MOS-Core] Population size: 10
[MOS-Core] SBX eta: 15.0, crossover_prob: 0.9
[MOS-Core] Mutation scale: 0.05
[MOS-Core] Gen 1/100:
  Stealth: mean=0.899, best=1.000
  Destructiveness: mean=0.345, best=0.619
  CV: mean=0.0000, min=0.0000
  Feasibility: count=10, ratio=100.00%
  Max feasible destruct: 0.619
  Pareto front size: 6
  Budget ratio: mean=0.017, max=0.039
  Radial: mean_ratio=0.017, max_ratio=0.039, mean_score=0.983
  Sign: mean_ratio=0.458, max_ratio=0.878, mean_score=0.730
[MOS-Core] Gen 10/100:
  Stealth: mean=0.904, best=1.000
  Destructiveness: mean=0.310, best=0.629
  CV: mean=0.0000, min=0.0000
  Feasibility: count=10, ratio=100.00%
  Max feasible destruct: 0.629
  Pareto front size: 10
  Budget ratio: mean=0.026, max=0.090
  Radial: mean_ratio=0.026, max_ratio=0.090, mean_score=0.975
  Sign: mean_ratio=0.401, max_ratio=0.884, mean_score=0.761
[MOS-Core] Gen 20/100:
  Stealth: mean=0.888, best=1.000
  Destructiveness: mean=0.349, best=0.638
  CV: mean=0.0000, min=0.0000
  Feasibility: count=10, ratio=100.00%
  Max feasible destruct: 0.638
  Pareto front size: 10
  Budget ratio: mean=0.034, max=0.118
  Radial: mean_ratio=0.034, max_ratio=0.118, mean_score=0.968
  Sign: mean_ratio=0.461, max_ratio=0.890, mean_score=0.728
[MOS-Core] Gen 30/100:
  Stealth: mean=0.893, best=1.000
  Destructiveness: mean=0.325, best=0.647
  CV: mean=0.0000, min=0.0000
  Feasibility: count=10, ratio=100.00%
  Max feasible destruct: 0.647
  Pareto front size: 10
  Budget ratio: mean=0.037, max=0.136
  Radial: mean_ratio=0.037, max_ratio=0.136, mean_score=0.966
  Sign: mean_ratio=0.411, max_ratio=0.942, mean_score=0.746
[MOS-Core] Gen 40/100:
  Stealth: mean=0.873, best=1.000
  Destructiveness: mean=0.366, best=0.655
  CV: mean=0.0000, min=0.0000
  Feasibility: count=10, ratio=100.00%
  Max feasible destruct: 0.655
  Pareto front size: 10
  Budget ratio: mean=0.053, max=0.156
  Radial: mean_ratio=0.053, max_ratio=0.156, mean_score=0.952
  Sign: mean_ratio=0.499, max_ratio=0.988, mean_score=0.717
[MOS-Core] Gen 50/100:
  Stealth: mean=0.863, best=1.000
  Destructiveness: mean=0.404, best=0.662
  CV: mean=0.0000, min=0.0000
  Feasibility: count=10, ratio=100.00%
  Max feasible destruct: 0.662
  Pareto front size: 10
  Budget ratio: mean=0.052, max=0.160
  Radial: mean_ratio=0.052, max_ratio=0.160, mean_score=0.953
  Sign: mean_ratio=0.555, max_ratio=0.985, mean_score=0.685
[MOS-Core] Gen 60/100:
  Stealth: mean=0.866, best=1.000
  Destructiveness: mean=0.380, best=0.669
  CV: mean=0.0000, min=0.0000
  Feasibility: count=10, ratio=100.00%
  Max feasible destruct: 0.669
  Pareto front size: 10
  Budget ratio: mean=0.058, max=0.178
  Radial: mean_ratio=0.058, max_ratio=0.178, mean_score=0.947
  Sign: mean_ratio=0.514, max_ratio=0.983, mean_score=0.704
[MOS-Core] Gen 70/100:
  Stealth: mean=0.856, best=1.000
  Destructiveness: mean=0.408, best=0.673
  CV: mean=0.0000, min=0.0000
  Feasibility: count=10, ratio=100.00%
  Max feasible destruct: 0.673
  Pareto front size: 10
  Budget ratio: mean=0.064, max=0.189
  Radial: mean_ratio=0.064, max_ratio=0.189, mean_score=0.943
  Sign: mean_ratio=0.562, max_ratio=0.982, mean_score=0.682
[MOS-Core] Gen 80/100:
  Stealth: mean=0.851, best=1.000
  Destructiveness: mean=0.409, best=0.676
  CV: mean=0.0000, min=0.0000
  Feasibility: count=10, ratio=100.00%
  Max feasible destruct: 0.676
  Pareto front size: 10
  Budget ratio: mean=0.074, max=0.255
  Radial: mean_ratio=0.074, max_ratio=0.255, mean_score=0.936
  Sign: mean_ratio=0.565, max_ratio=0.996, mean_score=0.680
[MOS-Core] Gen 90/100:
  Stealth: mean=0.850, best=1.000
  Destructiveness: mean=0.410, best=0.688
  CV: mean=0.0000, min=0.0000
  Feasibility: count=10, ratio=100.00%
  Max feasible destruct: 0.688
  Pareto front size: 10
  Budget ratio: mean=0.072, max=0.219
  Radial: mean_ratio=0.072, max_ratio=0.219, mean_score=0.936
  Sign: mean_ratio=0.576, max_ratio=0.994, mean_score=0.677
[MOS-Core] Gen 100/100:
  Stealth: mean=0.852, best=1.000
  Destructiveness: mean=0.411, best=0.703
  CV: mean=0.0000, min=0.0000
  Feasibility: count=10, ratio=100.00%
  Max feasible destruct: 0.703
  Pareto front size: 10
  Budget ratio: mean=0.070, max=0.223
  Radial: mean_ratio=0.070, max_ratio=0.223, mean_score=0.938
  Sign: mean_ratio=0.563, max_ratio=0.984, mean_score=0.680

[MOS-Core] Selecting final solution...
[MOS-Core] Selection parameters:
  Lambda_s (stealth weight): 0.50
  Lambda_a (attack weight): 0.50
  Attack floor ratio: 0.0703

[MOS-Core] Feasibility summary:
  Feasible solutions: 10
  Feasible ratio: 100.00%
  Selection mode: feasible
  Min CV in front: 0.0000

[MOS-Core] Pareto front summary:
  Front size: 10
  Stealth range: [0.713, 1.000]
  Destructiveness range: [0.000, 0.703]
  CV range: [0.0000, 0.0000]
  Candidates after attack floor: 8

[MOS-Core] Selected solution (index=5):
[MOS-Core]   Constraint pass score (R): 0.866
[MOS-Core]   Destructiveness (A): 0.494
[MOS-Core]   Total CV: 0.0000
[MOS-Core]   Deviation norm: 0.4940
[MOS-Core]   Budget usage: 0.08%
[MOS-Core] selection_mode=balanced_knee
[MOS-Core] selected_budget_ratio=0.000781
[MOS-Core] selected_stealth=0.866038
[MOS-Core] selected_destructiveness=0.493960
[MOS-Core] selected_cv=0.000000
[MOS-Core] selected_feasible=True
[MOS-Core] selected_guidance_alignment=1.000000
[MOS-Core] Per-constraint details:
[MOS-Core]   Radial: score=0.999, ratio=0.001, loss=0.4940, threshold=632.2709
[MOS-Core]   Sign: score=0.600, ratio=0.668, loss=1.5308, threshold=2.2931

[MOS-Core] Generating 7 malicious updates...
[MOS-Core] Template noise scale: 0.0001
[MOS-Core] Output norms: min=0.4959, mean=0.4962, max=0.4971
[MOS-Core] Attack completed successfully
============================================================

attack:mos_attack
defend:multi_krum
t  48: train_loss = 1.069, test_acc = 51.880
attack numbers = 5
current iteration attack ratio: 0.2

============================================================
[MOS-Core] Starting MOS-Attack
============================================================
[MOS-Core] Total parameters: 11,183,582
[MOS-Core] Benign clients: 20
[MOS-Core] Malicious slots: 5
[MOS-Core] Benign mean norm: 757.0077
[MOS-Core] Benign std (mean): 0.0016
[MOS-Core] ce_raw_norm=22228170752.0
[MOS-Core] cw_raw_norm=22228170752.0
[MOS-Core] ce_valid=True
[MOS-Core] cw_valid=True
[MOS-Core] ce_cw_cosine=1.0000001192092896
[MOS-Core] combined_pre_norm=1.0
[MOS-Core] historical_direction_valid=True
[MOS-Core] historical_direction_norm=0.4939616620540619
[MOS-Core] guidance_history_cosine=0.9925942420959473
[MOS-Core] guidance_source=ce_cw_combined
[MOS-Core] guidance_fallback_used=False
[MOS-Core] final_guidance_norm=1.000000
[MOS-Core] Base radial threshold (q=0.95): 663.9649
[MOS-Core] Attack budget ratio: 1.0
[MOS-Core] current_budget=663.964905
[MOS-Core] current_budget_valid=True

[MOS-Core] Initializing constraints...
[MOS-Core] Enabled constraints: Radial, Sign
[MOS-Core] Radial weight: 1.0
[MOS-Core] Sign weight: 0.5, layer_reduce: quantile
[MOS-Core]   Radial threshold: 663.9649
[MOS-Core]   Sign threshold: 2.1318

[MOS-Core] Initializing population (size=10)...
[MOS-Core] adaptive_guided_init=True alpha_feasible=0.000000 scales=[0.0, 0.0, 0.0, 0.0, 0.0, 0.0]
[MOS-Core] Generated 6 scale-based seeds: [0.0, 0.0, 0.0, 0.0, 0.0, 0.0]
[MOS-Core] Historical seed injected at position 3
[MOS-Core] historical_raw_norm=0.493962
[MOS-Core] historical_direction_norm=1.000000
[MOS-Core] historical_seed_target_scale=331.982452
[MOS-Core] historical_seed_final_norm=331.982452
[MOS-Core] Generated 4 random candidates (noise_scale=0.1)
[MOS-Core] Initial population norms: min=0.0000, mean=119.6642, max=333.7072
[MOS-Core] Budget ratios: min=0.0000, mean=0.1802, max=0.5026
[MOS-Core] Clipped ratio: 0.00%
[MOS-Core] Historical seed used: True

[MOS-Core] Starting NSGA-II evolution...
[MOS-Core] Generations: 100
[MOS-Core] Population size: 10
[MOS-Core] SBX eta: 15.0, crossover_prob: 0.9
[MOS-Core] Mutation scale: 0.05
[MOS-Core] Gen 1/100:
  Stealth: mean=0.986, best=1.000
  Destructiveness: mean=0.000, best=0.001
  CV: mean=0.0000, min=0.0000
  Feasibility: count=10, ratio=100.00%
  Max feasible destruct: 0.001
  Pareto front size: 7
  Budget ratio: mean=0.018, max=0.040
  Radial: mean_ratio=0.018, max_ratio=0.040, mean_score=0.983
  Sign: mean_ratio=0.008, max_ratio=0.017, mean_score=0.992
[MOS-Core] Gen 10/100:
  Stealth: mean=0.963, best=1.000
  Destructiveness: mean=0.003, best=0.008
  CV: mean=0.0000, min=0.0000
  Feasibility: count=10, ratio=100.00%
  Max feasible destruct: 0.008
  Pareto front size: 10
  Budget ratio: mean=0.044, max=0.082
  Radial: mean_ratio=0.044, max_ratio=0.082, mean_score=0.959
  Sign: mean_ratio=0.029, max_ratio=0.060, mean_score=0.972
[MOS-Core] Gen 20/100:
  Stealth: mean=0.951, best=1.000
  Destructiveness: mean=0.005, best=0.013
  CV: mean=0.0000, min=0.0000
  Feasibility: count=10, ratio=100.00%
  Max feasible destruct: 0.013
  Pareto front size: 10
  Budget ratio: mean=0.057, max=0.115
  Radial: mean_ratio=0.057, max_ratio=0.115, mean_score=0.947
  Sign: mean_ratio=0.043, max_ratio=0.096, mean_score=0.960
[MOS-Core] Gen 30/100:
  Stealth: mean=0.930, best=1.000
  Destructiveness: mean=0.009, best=0.021
  CV: mean=0.0000, min=0.0000
  Feasibility: count=10, ratio=100.00%
  Max feasible destruct: 0.021
  Pareto front size: 10
  Budget ratio: mean=0.082, max=0.164
  Radial: mean_ratio=0.082, max_ratio=0.164, mean_score=0.926
  Sign: mean_ratio=0.069, max_ratio=0.137, mean_score=0.937
[MOS-Core] Gen 40/100:
  Stealth: mean=0.921, best=1.000
  Destructiveness: mean=0.013, best=0.027
  CV: mean=0.0000, min=0.0000
  Feasibility: count=10, ratio=100.00%
  Max feasible destruct: 0.027
  Pareto front size: 10
  Budget ratio: mean=0.089, max=0.167
  Radial: mean_ratio=0.089, max_ratio=0.167, mean_score=0.920
  Sign: mean_ratio=0.088, max_ratio=0.179, mean_score=0.922
[MOS-Core] Gen 50/100:
  Stealth: mean=0.918, best=1.000
  Destructiveness: mean=0.014, best=0.038
  CV: mean=0.0000, min=0.0000
  Feasibility: count=10, ratio=100.00%
  Max feasible destruct: 0.038
  Pareto front size: 10
  Budget ratio: mean=0.093, max=0.174
  Radial: mean_ratio=0.093, max_ratio=0.174, mean_score=0.917
  Sign: mean_ratio=0.092, max_ratio=0.233, mean_score=0.920
[MOS-Core] Gen 60/100:
  Stealth: mean=0.890, best=1.000
  Destructiveness: mean=0.024, best=0.053
  CV: mean=0.0000, min=0.0000
  Feasibility: count=10, ratio=100.00%
  Max feasible destruct: 0.053
  Pareto front size: 10
  Budget ratio: mean=0.121, max=0.205
  Radial: mean_ratio=0.121, max_ratio=0.205, mean_score=0.895
  Sign: mean_ratio=0.144, max_ratio=0.257, mean_score=0.880
[MOS-Core] Gen 70/100:
  Stealth: mean=0.888, best=1.000
  Destructiveness: mean=0.025, best=0.059
  CV: mean=0.0000, min=0.0000
  Feasibility: count=10, ratio=100.00%
  Max feasible destruct: 0.059
  Pareto front size: 10
  Budget ratio: mean=0.124, max=0.218
  Radial: mean_ratio=0.124, max_ratio=0.218, mean_score=0.893
  Sign: mean_ratio=0.147, max_ratio=0.280, mean_score=0.878
[MOS-Core] Gen 80/100:
  Stealth: mean=0.882, best=1.000
  Destructiveness: mean=0.028, best=0.063
  CV: mean=0.0000, min=0.0000
  Feasibility: count=10, ratio=100.00%
  Max feasible destruct: 0.063
  Pareto front size: 10
  Budget ratio: mean=0.129, max=0.216
  Radial: mean_ratio=0.129, max_ratio=0.216, mean_score=0.889
  Sign: mean_ratio=0.159, max_ratio=0.297, mean_score=0.870
[MOS-Core] Gen 90/100:
  Stealth: mean=0.877, best=1.000
  Destructiveness: mean=0.035, best=0.081
  CV: mean=0.0000, min=0.0000
  Feasibility: count=10, ratio=100.00%
  Max feasible destruct: 0.081
  Pareto front size: 10
  Budget ratio: mean=0.130, max=0.212
  Radial: mean_ratio=0.130, max_ratio=0.212, mean_score=0.888
  Sign: mean_ratio=0.178, max_ratio=0.319, mean_score=0.857
[MOS-Core] Gen 100/100:
  Stealth: mean=0.879, best=1.000
  Destructiveness: mean=0.036, best=0.084
  CV: mean=0.0000, min=0.0000
  Feasibility: count=10, ratio=100.00%
  Max feasible destruct: 0.084
  Pareto front size: 10
  Budget ratio: mean=0.130, max=0.231
  Radial: mean_ratio=0.130, max_ratio=0.231, mean_score=0.889
  Sign: mean_ratio=0.176, max_ratio=0.330, mean_score=0.860

[MOS-Core] Selecting final solution...
[MOS-Core] Selection parameters:
  Lambda_s (stealth weight): 0.50
  Lambda_a (attack weight): 0.50
  Attack floor ratio: 0.0084

[MOS-Core] Feasibility summary:
  Feasible solutions: 10
  Feasible ratio: 100.00%
  Selection mode: feasible
  Min CV in front: 0.0000

[MOS-Core] Pareto front summary:
  Front size: 10
  Stealth range: [0.792, 1.000]
  Destructiveness range: [0.000, 0.084]
  CV range: [0.0000, 0.0000]
  Candidates after attack floor: 7

[MOS-Core] Selected solution (index=7):
[MOS-Core]   Constraint pass score (R): 0.826
[MOS-Core]   Destructiveness (A): 0.058
[MOS-Core]   Total CV: 0.0000
[MOS-Core]   Deviation norm: 115.5999
[MOS-Core]   Budget usage: 17.41%
[MOS-Core] selection_mode=balanced_knee
[MOS-Core] selected_budget_ratio=0.174105
[MOS-Core] selected_stealth=0.825666
[MOS-Core] selected_destructiveness=0.057701
[MOS-Core] selected_cv=0.000000
[MOS-Core] selected_feasible=True
[MOS-Core] selected_guidance_alignment=0.000499
[MOS-Core] Per-constraint details:
[MOS-Core]   Radial: score=0.852, ratio=0.174, loss=115.5999, threshold=663.9649
[MOS-Core]   Sign: score=0.774, ratio=0.293, loss=0.6240, threshold=2.1318

[MOS-Core] Generating 5 malicious updates...
[MOS-Core] Template noise scale: 0.0001
[MOS-Core] Output norms: min=115.5921, mean=115.5976, max=115.6020
[MOS-Core] Attack completed successfully
============================================================

attack:mos_attack
defend:multi_krum
t  49: train_loss = 1.057, test_acc = 10.000
attack numbers = 3
current iteration attack ratio: 0.12

============================================================
[MOS-Core] Starting MOS-Attack
============================================================
[MOS-Core] Total parameters: 11,183,582
[MOS-Core] Benign clients: 22
[MOS-Core] Malicious slots: 3
[MOS-Core] Benign mean norm: 259.5152
[MOS-Core] Benign std (mean): 0.0014
[MOS-Core] ce_raw_norm=19944144896.0
[MOS-Core] cw_raw_norm=19944144896.0
[MOS-Core] ce_valid=True
[MOS-Core] cw_valid=True
[MOS-Core] ce_cw_cosine=0.9999999403953552
[MOS-Core] combined_pre_norm=0.9999999403953552
[MOS-Core] historical_direction_valid=True
[MOS-Core] historical_direction_norm=115.59988403320312
[MOS-Core] guidance_history_cosine=0.0004643030115403235
[MOS-Core] guidance_source=ce_cw_combined
[MOS-Core] guidance_fallback_used=False
[MOS-Core] final_guidance_norm=1.000000
[MOS-Core] Base radial threshold (q=0.95): 691.4612
[MOS-Core] Attack budget ratio: 1.0
[MOS-Core] current_budget=691.461182
[MOS-Core] current_budget_valid=True

[MOS-Core] Initializing constraints...
[MOS-Core] Enabled constraints: Radial, Sign
[MOS-Core] Radial weight: 1.0
[MOS-Core] Sign weight: 0.5, layer_reduce: quantile
[MOS-Core]   Radial threshold: 691.4612
[MOS-Core]   Sign threshold: 2.3639

[MOS-Core] Initializing population (size=10)...
[MOS-Core] adaptive_guided_init=True alpha_feasible=0.000000 scales=[0.0, 0.0, 0.0, 0.0, 0.0, 0.0]
[MOS-Core] Generated 6 scale-based seeds: [0.0, 0.0, 0.0, 0.0, 0.0, 0.0]
[MOS-Core] Historical seed injected at position 3
[MOS-Core] historical_raw_norm=115.599884
[MOS-Core] historical_direction_norm=1.000000
[MOS-Core] historical_seed_target_scale=345.730591
[MOS-Core] historical_seed_final_norm=345.730591
[MOS-Core] Generated 4 random candidates (noise_scale=0.1)
[MOS-Core] Initial population norms: min=0.0000, mean=107.1639, max=510.5198
[MOS-Core] Budget ratios: min=0.0000, mean=0.1550, max=0.7383
[MOS-Core] Clipped ratio: 0.00%
[MOS-Core] Historical seed used: True

[MOS-Core] Starting NSGA-II evolution...
[MOS-Core] Generations: 100
[MOS-Core] Population size: 10
[MOS-Core] SBX eta: 15.0, crossover_prob: 0.9
[MOS-Core] Mutation scale: 0.05
[MOS-Core] Gen 1/100:
  Stealth: mean=0.988, best=1.000
  Destructiveness: mean=-0.000, best=0.000
  CV: mean=0.0000, min=0.0000
  Feasibility: count=10, ratio=100.00%
  Max feasible destruct: 0.000
  Pareto front size: 7
  Budget ratio: mean=0.014, max=0.031
  Radial: mean_ratio=0.014, max_ratio=0.031, mean_score=0.987
  Sign: mean_ratio=0.008, max_ratio=0.017, mean_score=0.992
[MOS-Core] Gen 10/100:
  Stealth: mean=0.966, best=1.000
  Destructiveness: mean=0.002, best=0.005
  CV: mean=0.0000, min=0.0000
  Feasibility: count=10, ratio=100.00%
  Max feasible destruct: 0.005
  Pareto front size: 10
  Budget ratio: mean=0.038, max=0.068
  Radial: mean_ratio=0.038, max_ratio=0.068, mean_score=0.964
  Sign: mean_ratio=0.033, max_ratio=0.072, mean_score=0.969
[MOS-Core] Gen 20/100:
  Stealth: mean=0.940, best=1.000
  Destructiveness: mean=0.004, best=0.008
  CV: mean=0.0000, min=0.0000
  Feasibility: count=10, ratio=100.00%
  Max feasible destruct: 0.008
  Pareto front size: 10
  Budget ratio: mean=0.068, max=0.138
  Radial: mean_ratio=0.068, max_ratio=0.138, mean_score=0.938
  Sign: mean_ratio=0.062, max_ratio=0.117, mean_score=0.943
[MOS-Core] Gen 30/100:
  Stealth: mean=0.921, best=1.000
  Destructiveness: mean=0.006, best=0.012
  CV: mean=0.0000, min=0.0000
  Feasibility: count=10, ratio=100.00%
  Max feasible destruct: 0.012
  Pareto front size: 10
  Budget ratio: mean=0.090, max=0.181
  Radial: mean_ratio=0.090, max_ratio=0.181, mean_score=0.920
  Sign: mean_ratio=0.087, max_ratio=0.154, mean_score=0.923
[MOS-Core] Gen 40/100:
  Stealth: mean=0.908, best=1.000
  Destructiveness: mean=0.008, best=0.017
  CV: mean=0.0000, min=0.0000
  Feasibility: count=10, ratio=100.00%
  Max feasible destruct: 0.017
  Pareto front size: 10
  Budget ratio: mean=0.104, max=0.208
  Radial: mean_ratio=0.104, max_ratio=0.208, mean_score=0.909
  Sign: mean_ratio=0.105, max_ratio=0.184, mean_score=0.908
[MOS-Core] Gen 50/100:
  Stealth: mean=0.900, best=1.000
  Destructiveness: mean=0.010, best=0.022
  CV: mean=0.0000, min=0.0000
  Feasibility: count=10, ratio=100.00%
  Max feasible destruct: 0.022
  Pareto front size: 10
  Budget ratio: mean=0.112, max=0.186
  Radial: mean_ratio=0.112, max_ratio=0.186, mean_score=0.902
  Sign: mean_ratio=0.121, max_ratio=0.203, mean_score=0.896
[MOS-Core] Gen 60/100:
  Stealth: mean=0.896, best=1.000
  Destructiveness: mean=0.011, best=0.026
  CV: mean=0.0000, min=0.0000
  Feasibility: count=10, ratio=100.00%
  Max feasible destruct: 0.026
  Pareto front size: 10
  Budget ratio: mean=0.119, max=0.239
  Radial: mean_ratio=0.119, max_ratio=0.239, mean_score=0.898
  Sign: mean_ratio=0.128, max_ratio=0.231, mean_score=0.891
[MOS-Core] Gen 70/100:
  Stealth: mean=0.878, best=1.000
  Destructiveness: mean=0.015, best=0.030
  CV: mean=0.0000, min=0.0000
  Feasibility: count=10, ratio=100.00%
  Max feasible destruct: 0.030
  Pareto front size: 10
  Budget ratio: mean=0.139, max=0.270
  Radial: mean_ratio=0.139, max_ratio=0.270, mean_score=0.883
  Sign: mean_ratio=0.157, max_ratio=0.268, mean_score=0.870
[MOS-Core] Gen 80/100:
  Stealth: mean=0.864, best=1.000
  Destructiveness: mean=0.018, best=0.034
  CV: mean=0.0000, min=0.0000
  Feasibility: count=10, ratio=100.00%
  Max feasible destruct: 0.034
  Pareto front size: 10
  Budget ratio: mean=0.156, max=0.297
  Radial: mean_ratio=0.156, max_ratio=0.297, mean_score=0.870
  Sign: mean_ratio=0.181, max_ratio=0.299, mean_score=0.852
[MOS-Core] Gen 90/100:
  Stealth: mean=0.876, best=1.000
  Destructiveness: mean=0.018, best=0.041
  CV: mean=0.0000, min=0.0000
  Feasibility: count=10, ratio=100.00%
  Max feasible destruct: 0.041
  Pareto front size: 10
  Budget ratio: mean=0.137, max=0.264
  Radial: mean_ratio=0.137, max_ratio=0.264, mean_score=0.885
  Sign: mean_ratio=0.175, max_ratio=0.328, mean_score=0.859
[MOS-Core] Gen 100/100:
  Stealth: mean=0.864, best=1.000
  Destructiveness: mean=0.022, best=0.045
  CV: mean=0.0000, min=0.0000
  Feasibility: count=10, ratio=100.00%
  Max feasible destruct: 0.045
  Pareto front size: 10
  Budget ratio: mean=0.147, max=0.274
  Radial: mean_ratio=0.147, max_ratio=0.274, mean_score=0.876
  Sign: mean_ratio=0.206, max_ratio=0.362, mean_score=0.838

[MOS-Core] Selecting final solution...
[MOS-Core] Selection parameters:
  Lambda_s (stealth weight): 0.50
  Lambda_a (attack weight): 0.50
  Attack floor ratio: 0.0045

[MOS-Core] Feasibility summary:
  Feasible solutions: 10
  Feasible ratio: 100.00%
  Selection mode: feasible
  Min CV in front: 0.0000

[MOS-Core] Pareto front summary:
  Front size: 10
  Stealth range: [0.768, 1.000]
  Destructiveness range: [0.000, 0.045]
  CV range: [0.0000, 0.0000]
  Candidates after attack floor: 9

[MOS-Core] Selected solution (index=2):
[MOS-Core]   Constraint pass score (R): 0.836
[MOS-Core]   Destructiveness (A): 0.027
[MOS-Core]   Total CV: 0.0000
[MOS-Core]   Deviation norm: 118.8959
[MOS-Core]   Budget usage: 17.19%
[MOS-Core] selection_mode=balanced_knee
[MOS-Core] selected_budget_ratio=0.171949
[MOS-Core] selected_stealth=0.835882
[MOS-Core] selected_destructiveness=0.026873
[MOS-Core] selected_cv=0.000000
[MOS-Core] selected_feasible=True
[MOS-Core] selected_guidance_alignment=0.000226
[MOS-Core] Per-constraint details:
[MOS-Core]   Radial: score=0.853, ratio=0.172, loss=118.8959, threshold=691.4612
[MOS-Core]   Sign: score=0.801, ratio=0.248, loss=0.5870, threshold=2.3639

[MOS-Core] Generating 3 malicious updates...
[MOS-Core] Template noise scale: 0.0001
[MOS-Core] Output norms: min=118.8915, mean=118.8950, max=118.8977
[MOS-Core] Attack completed successfully
============================================================

attack:mos_attack
defend:multi_krum
t  50: train_loss = 1.029, test_acc = 10.000
attack numbers = 3
current iteration attack ratio: 0.12

============================================================
[MOS-Core] Starting MOS-Attack
============================================================
[MOS-Core] Total parameters: 11,183,582
[MOS-Core] Benign clients: 22
[MOS-Core] Malicious slots: 3
[MOS-Core] Benign mean norm: 206.0752
[MOS-Core] Benign std (mean): 0.0015
[MOS-Core] ce_raw_norm=40939036672.0
[MOS-Core] cw_raw_norm=40939036672.0
[MOS-Core] ce_valid=True
[MOS-Core] cw_valid=True
[MOS-Core] ce_cw_cosine=0.9999999403953552
[MOS-Core] combined_pre_norm=0.9999999403953552
[MOS-Core] historical_direction_valid=True
[MOS-Core] historical_direction_norm=118.89590454101562
[MOS-Core] guidance_history_cosine=0.00011658390576485544
[MOS-Core] guidance_source=ce_cw_combined
[MOS-Core] guidance_fallback_used=False
[MOS-Core] final_guidance_norm=1.000000
[MOS-Core] Base radial threshold (q=0.95): 539.7432
[MOS-Core] Attack budget ratio: 1.0
[MOS-Core] current_budget=539.743225
[MOS-Core] current_budget_valid=True

[MOS-Core] Initializing constraints...
[MOS-Core] Enabled constraints: Radial, Sign
[MOS-Core] Radial weight: 1.0
[MOS-Core] Sign weight: 0.5, layer_reduce: quantile
[MOS-Core]   Radial threshold: 539.7432
[MOS-Core]   Sign threshold: 2.4582

[MOS-Core] Initializing population (size=10)...
[MOS-Core] adaptive_guided_init=True alpha_feasible=0.000977 scales=[0.0, 0.0001953125, 0.000390625, 0.0005859375, 0.00078125, 0.0009765625]
[MOS-Core] Generated 6 scale-based seeds: [0.0, 0.0001953125, 0.000390625, 0.0005859375, 0.00078125, 0.0009765625]
[MOS-Core] Historical seed injected at position 3
[MOS-Core] historical_raw_norm=118.895905
[MOS-Core] historical_direction_norm=1.000000
[MOS-Core] historical_seed_target_scale=269.871613
[MOS-Core] historical_seed_final_norm=269.871582
[MOS-Core] Generated 4 random candidates (noise_scale=0.1)
[MOS-Core] Initial population norms: min=0.0000, mean=156.6671, max=417.5318
[MOS-Core] Budget ratios: min=0.0000, mean=0.2903, max=0.7736
[MOS-Core] Clipped ratio: 0.00%
[MOS-Core] Historical seed used: True

[MOS-Core] Starting NSGA-II evolution...
[MOS-Core] Generations: 100
[MOS-Core] Population size: 10
[MOS-Core] SBX eta: 15.0, crossover_prob: 0.9
[MOS-Core] Mutation scale: 0.05
[MOS-Core] Gen 1/100:
  Stealth: mean=0.942, best=1.000
  Destructiveness: mean=0.264, best=0.527
  CV: mean=0.0000, min=0.0000
  Feasibility: count=10, ratio=100.00%
  Max feasible destruct: 0.527
  Pareto front size: 6
  Budget ratio: mean=0.019, max=0.045
  Radial: mean_ratio=0.019, max_ratio=0.045, mean_score=0.982
  Sign: mean_ratio=0.180, max_ratio=0.408, mean_score=0.862
[MOS-Core] Gen 10/100:
  Stealth: mean=0.926, best=1.000
  Destructiveness: mean=0.328, best=0.534
  CV: mean=0.0000, min=0.0000
  Feasibility: count=10, ratio=100.00%
  Max feasible destruct: 0.534
  Pareto front size: 10
  Budget ratio: mean=0.027, max=0.086
  Radial: mean_ratio=0.027, max_ratio=0.086, mean_score=0.975
  Sign: mean_ratio=0.229, max_ratio=0.413, mean_score=0.829
[MOS-Core] Gen 20/100:
  Stealth: mean=0.921, best=1.000
  Destructiveness: mean=0.329, best=0.541
  CV: mean=0.0000, min=0.0000
  Feasibility: count=10, ratio=100.00%
  Max feasible destruct: 0.541
  Pareto front size: 10
  Budget ratio: mean=0.034, max=0.133
  Radial: mean_ratio=0.034, max_ratio=0.133, mean_score=0.968
  Sign: mean_ratio=0.233, max_ratio=0.457, mean_score=0.827
[MOS-Core] Gen 30/100:
  Stealth: mean=0.915, best=1.000
  Destructiveness: mean=0.320, best=0.545
  CV: mean=0.0000, min=0.0000
  Feasibility: count=10, ratio=100.00%
  Max feasible destruct: 0.545
  Pareto front size: 10
  Budget ratio: mean=0.047, max=0.146
  Radial: mean_ratio=0.047, max_ratio=0.146, mean_score=0.958
  Sign: mean_ratio=0.235, max_ratio=0.472, mean_score=0.829
[MOS-Core] Gen 40/100:
  Stealth: mean=0.915, best=1.000
  Destructiveness: mean=0.321, best=0.548
  CV: mean=0.0000, min=0.0000
  Feasibility: count=10, ratio=100.00%
  Max feasible destruct: 0.548
  Pareto front size: 10
  Budget ratio: mean=0.048, max=0.198
  Radial: mean_ratio=0.048, max_ratio=0.198, mean_score=0.958
  Sign: mean_ratio=0.236, max_ratio=0.497, mean_score=0.829
[MOS-Core] Gen 50/100:
  Stealth: mean=0.910, best=1.000
  Destructiveness: mean=0.322, best=0.557
  CV: mean=0.0000, min=0.0000
  Feasibility: count=10, ratio=100.00%
  Max feasible destruct: 0.557
  Pareto front size: 10
  Budget ratio: mean=0.055, max=0.228
  Radial: mean_ratio=0.055, max_ratio=0.228, mean_score=0.952
  Sign: mean_ratio=0.239, max_ratio=0.523, mean_score=0.828
[MOS-Core] Gen 60/100:
  Stealth: mean=0.881, best=1.000
  Destructiveness: mean=0.370, best=0.565
  CV: mean=0.0000, min=0.0000
  Feasibility: count=10, ratio=100.00%
  Max feasible destruct: 0.565
  Pareto front size: 10
  Budget ratio: mean=0.089, max=0.269
  Radial: mean_ratio=0.089, max_ratio=0.269, mean_score=0.926
  Sign: mean_ratio=0.300, max_ratio=0.554, mean_score=0.791
[MOS-Core] Gen 70/100:
  Stealth: mean=0.880, best=1.000
  Destructiveness: mean=0.370, best=0.570
  CV: mean=0.0000, min=0.0000
  Feasibility: count=10, ratio=100.00%
  Max feasible destruct: 0.570
  Pareto front size: 10
  Budget ratio: mean=0.092, max=0.308
  Radial: mean_ratio=0.092, max_ratio=0.308, mean_score=0.925
  Sign: mean_ratio=0.302, max_ratio=0.568, mean_score=0.790
[MOS-Core] Gen 80/100:
  Stealth: mean=0.880, best=1.000
  Destructiveness: mean=0.371, best=0.575
  CV: mean=0.0000, min=0.0000
  Feasibility: count=10, ratio=100.00%
  Max feasible destruct: 0.575
  Pareto front size: 10
  Budget ratio: mean=0.096, max=0.338
  Radial: mean_ratio=0.096, max_ratio=0.338, mean_score=0.924
  Sign: mean_ratio=0.299, max_ratio=0.576, mean_score=0.791
[MOS-Core] Gen 90/100:
  Stealth: mean=0.878, best=1.000
  Destructiveness: mean=0.372, best=0.583
  CV: mean=0.0000, min=0.0000
  Feasibility: count=10, ratio=100.00%
  Max feasible destruct: 0.583
  Pareto front size: 10
  Budget ratio: mean=0.100, max=0.358
  Radial: mean_ratio=0.100, max_ratio=0.358, mean_score=0.920
  Sign: mean_ratio=0.298, max_ratio=0.569, mean_score=0.792
[MOS-Core] Gen 100/100:
  Stealth: mean=0.876, best=1.000
  Destructiveness: mean=0.372, best=0.587
  CV: mean=0.0000, min=0.0000
  Feasibility: count=10, ratio=100.00%
  Max feasible destruct: 0.587
  Pareto front size: 10
  Budget ratio: mean=0.103, max=0.381
  Radial: mean_ratio=0.103, max_ratio=0.381, mean_score=0.919
  Sign: mean_ratio=0.303, max_ratio=0.597, mean_score=0.790

[MOS-Core] Selecting final solution...
[MOS-Core] Selection parameters:
  Lambda_s (stealth weight): 0.50
  Lambda_a (attack weight): 0.50
  Attack floor ratio: 0.0587

[MOS-Core] Feasibility summary:
  Feasible solutions: 10
  Feasible ratio: 100.00%
  Selection mode: feasible
  Min CV in front: 0.0000

[MOS-Core] Pareto front summary:
  Front size: 10
  Stealth range: [0.692, 1.000]
  Destructiveness range: [0.000, 0.587]
  CV range: [0.0000, 0.0000]
  Candidates after attack floor: 9

[MOS-Core] Selected solution (index=7):
[MOS-Core]   Constraint pass score (R): 0.903
[MOS-Core]   Destructiveness (A): 0.527
[MOS-Core]   Total CV: 0.0000
[MOS-Core]   Deviation norm: 0.5271
[MOS-Core]   Budget usage: 0.10%
[MOS-Core] selection_mode=balanced_knee
[MOS-Core] selected_budget_ratio=0.000977
[MOS-Core] selected_stealth=0.903287
[MOS-Core] selected_destructiveness=0.527088
[MOS-Core] selected_cv=0.000000
[MOS-Core] selected_feasible=True
[MOS-Core] selected_guidance_alignment=1.000000
[MOS-Core] Per-constraint details:
[MOS-Core]   Radial: score=0.999, ratio=0.001, loss=0.5271, threshold=539.7432
[MOS-Core]   Sign: score=0.712, ratio=0.405, loss=0.9952, threshold=2.4582

[MOS-Core] Generating 3 malicious updates...
[MOS-Core] Template noise scale: 0.0001
[MOS-Core] Output norms: min=0.5285, mean=0.5288, max=0.5293
[MOS-Core] Attack completed successfully
============================================================

attack:mos_attack
defend:multi_krum
t  51: train_loss = 1.005, test_acc = 57.070
attack numbers = 8
current iteration attack ratio: 0.32

============================================================
[MOS-Core] Starting MOS-Attack
============================================================
[MOS-Core] Total parameters: 11,183,582
[MOS-Core] Benign clients: 17
[MOS-Core] Malicious slots: 8
[MOS-Core] Benign mean norm: 428.2318
[MOS-Core] Benign std (mean): 0.0016
[MOS-Core] ce_raw_norm=28275884032.0
[MOS-Core] cw_raw_norm=28275884032.0
[MOS-Core] ce_valid=True
[MOS-Core] cw_valid=True
[MOS-Core] ce_cw_cosine=0.9999998807907104
[MOS-Core] combined_pre_norm=0.9999998807907104
[MOS-Core] historical_direction_valid=True
[MOS-Core] historical_direction_norm=0.5270929932594299
[MOS-Core] guidance_history_cosine=0.5547544956207275
[MOS-Core] guidance_source=ce_cw_combined
[MOS-Core] guidance_fallback_used=False
[MOS-Core] final_guidance_norm=1.000000
[MOS-Core] Base radial threshold (q=0.95): 869.5924
[MOS-Core] Attack budget ratio: 1.0
[MOS-Core] current_budget=869.592407
[MOS-Core] current_budget_valid=True

[MOS-Core] Initializing constraints...
[MOS-Core] Enabled constraints: Radial, Sign
[MOS-Core] Radial weight: 1.0
[MOS-Core] Sign weight: 0.5, layer_reduce: quantile
[MOS-Core]   Radial threshold: 869.5924
[MOS-Core]   Sign threshold: 2.1799

[MOS-Core] Initializing population (size=10)...
[MOS-Core] adaptive_guided_init=True alpha_feasible=0.000000 scales=[0.0, 0.0, 0.0, 0.0, 0.0, 0.0]
[MOS-Core] Generated 6 scale-based seeds: [0.0, 0.0, 0.0, 0.0, 0.0, 0.0]
[MOS-Core] Historical seed injected at position 3
[MOS-Core] historical_raw_norm=0.527093
[MOS-Core] historical_direction_norm=1.000000
[MOS-Core] historical_seed_target_scale=434.796204
[MOS-Core] historical_seed_final_norm=434.796234
[MOS-Core] Generated 4 random candidates (noise_scale=0.1)
[MOS-Core] Initial population norms: min=0.0000, mean=188.2388, max=626.1158
[MOS-Core] Budget ratios: min=0.0000, mean=0.2165, max=0.7200
[MOS-Core] Clipped ratio: 0.00%
[MOS-Core] Historical seed used: True

[MOS-Core] Starting NSGA-II evolution...
[MOS-Core] Generations: 100
[MOS-Core] Population size: 10
[MOS-Core] SBX eta: 15.0, crossover_prob: 0.9
[MOS-Core] Mutation scale: 0.05
[MOS-Core] Gen 1/100:
  Stealth: mean=0.975, best=1.000
  Destructiveness: mean=-0.005, best=0.003
  CV: mean=0.0000, min=0.0000
  Feasibility: count=10, ratio=100.00%
  Max feasible destruct: 0.003
  Pareto front size: 7
  Budget ratio: mean=0.013, max=0.030
  Radial: mean_ratio=0.013, max_ratio=0.030, mean_score=0.987
  Sign: mean_ratio=0.080, max_ratio=0.742, mean_score=0.951
[MOS-Core] Gen 10/100:
  Stealth: mean=0.972, best=1.000
  Destructiveness: mean=0.003, best=0.006
  CV: mean=0.0000, min=0.0000
  Feasibility: count=10, ratio=100.00%
  Max feasible destruct: 0.006
  Pareto front size: 10
  Budget ratio: mean=0.033, max=0.061
  Radial: mean_ratio=0.033, max_ratio=0.061, mean_score=0.968
  Sign: mean_ratio=0.023, max_ratio=0.042, mean_score=0.978
[MOS-Core] Gen 20/100:
  Stealth: mean=0.960, best=1.000
  Destructiveness: mean=0.008, best=0.017
  CV: mean=0.0000, min=0.0000
  Feasibility: count=10, ratio=100.00%
  Max feasible destruct: 0.017
  Pareto front size: 10
  Budget ratio: mean=0.042, max=0.077
  Radial: mean_ratio=0.042, max_ratio=0.077, mean_score=0.960
  Sign: mean_ratio=0.043, max_ratio=0.084, mean_score=0.959
[MOS-Core] Gen 30/100:
  Stealth: mean=0.945, best=1.000
  Destructiveness: mean=0.012, best=0.024
  CV: mean=0.0000, min=0.0000
  Feasibility: count=10, ratio=100.00%
  Max feasible destruct: 0.024
  Pareto front size: 10
  Budget ratio: mean=0.059, max=0.119
  Radial: mean_ratio=0.059, max_ratio=0.119, mean_score=0.946
  Sign: mean_ratio=0.062, max_ratio=0.129, mean_score=0.943
[MOS-Core] Gen 40/100:
  Stealth: mean=0.931, best=1.000
  Destructiveness: mean=0.015, best=0.032
  CV: mean=0.0000, min=0.0000
  Feasibility: count=10, ratio=100.00%
  Max feasible destruct: 0.032
  Pareto front size: 10
  Budget ratio: mean=0.075, max=0.144
  Radial: mean_ratio=0.075, max_ratio=0.144, mean_score=0.932
  Sign: mean_ratio=0.077, max_ratio=0.159, mean_score=0.931
[MOS-Core] Gen 50/100:
  Stealth: mean=0.919, best=1.000
  Destructiveness: mean=0.019, best=0.040
  CV: mean=0.0000, min=0.0000
  Feasibility: count=10, ratio=100.00%
  Max feasible destruct: 0.040
  Pareto front size: 10
  Budget ratio: mean=0.086, max=0.169
  Radial: mean_ratio=0.086, max_ratio=0.169, mean_score=0.923
  Sign: mean_ratio=0.099, max_ratio=0.194, mean_score=0.913
[MOS-Core] Gen 60/100:
  Stealth: mean=0.898, best=1.000
  Destructiveness: mean=0.026, best=0.046
  CV: mean=0.0000, min=0.0000
  Feasibility: count=10, ratio=100.00%
  Max feasible destruct: 0.046
  Pareto front size: 10
  Budget ratio: mean=0.110, max=0.188
  Radial: mean_ratio=0.110, max_ratio=0.188, mean_score=0.904
  Sign: mean_ratio=0.133, max_ratio=0.219, mean_score=0.887
[MOS-Core] Gen 70/100:
  Stealth: mean=0.913, best=1.000
  Destructiveness: mean=0.022, best=0.056
  CV: mean=0.0000, min=0.0000
  Feasibility: count=10, ratio=100.00%
  Max feasible destruct: 0.056
  Pareto front size: 10
  Budget ratio: mean=0.090, max=0.178
  Radial: mean_ratio=0.090, max_ratio=0.178, mean_score=0.919
  Sign: mean_ratio=0.116, max_ratio=0.242, mean_score=0.900
[MOS-Core] Gen 80/100:
  Stealth: mean=0.894, best=1.000
  Destructiveness: mean=0.031, best=0.063
  CV: mean=0.0000, min=0.0000
  Feasibility: count=10, ratio=100.00%
  Max feasible destruct: 0.063
  Pareto front size: 10
  Budget ratio: mean=0.112, max=0.193
  Radial: mean_ratio=0.112, max_ratio=0.193, mean_score=0.902
  Sign: mean_ratio=0.147, max_ratio=0.264, mean_score=0.878
[MOS-Core] Gen 90/100:
  Stealth: mean=0.895, best=1.000
  Destructiveness: mean=0.033, best=0.070
  CV: mean=0.0000, min=0.0000
  Feasibility: count=10, ratio=100.00%
  Max feasible destruct: 0.070
  Pareto front size: 10
  Budget ratio: mean=0.108, max=0.186
  Radial: mean_ratio=0.108, max_ratio=0.186, mean_score=0.906
  Sign: mean_ratio=0.154, max_ratio=0.299, mean_score=0.874
[MOS-Core] Gen 100/100:
  Stealth: mean=0.882, best=1.000
  Destructiveness: mean=0.040, best=0.080
  CV: mean=0.0000, min=0.0000
  Feasibility: count=10, ratio=100.00%
  Max feasible destruct: 0.080
  Pareto front size: 10
  Budget ratio: mean=0.121, max=0.189
  Radial: mean_ratio=0.121, max_ratio=0.189, mean_score=0.895
  Sign: mean_ratio=0.176, max_ratio=0.319, mean_score=0.858

[MOS-Core] Selecting final solution...
[MOS-Core] Selection parameters:
  Lambda_s (stealth weight): 0.50
  Lambda_a (attack weight): 0.50
  Attack floor ratio: 0.0080

[MOS-Core] Feasibility summary:
  Feasible solutions: 10
  Feasible ratio: 100.00%
  Selection mode: feasible
  Min CV in front: 0.0000

[MOS-Core] Pareto front summary:
  Front size: 10
  Stealth range: [0.813, 1.000]
  Destructiveness range: [0.000, 0.080]
  CV range: [0.0000, 0.0000]
  Candidates after attack floor: 8

[MOS-Core] Selected solution (index=9):
[MOS-Core]   Constraint pass score (R): 0.890
[MOS-Core]   Destructiveness (A): 0.030
[MOS-Core]   Total CV: 0.0000
[MOS-Core]   Deviation norm: 94.2971
[MOS-Core]   Budget usage: 10.84%
[MOS-Core] selection_mode=balanced_knee
[MOS-Core] selected_budget_ratio=0.108438
[MOS-Core] selected_stealth=0.889960
[MOS-Core] selected_destructiveness=0.030011
[MOS-Core] selected_cv=0.000000
[MOS-Core] selected_feasible=True
[MOS-Core] selected_guidance_alignment=0.000318
[MOS-Core] Per-constraint details:
[MOS-Core]   Radial: score=0.902, ratio=0.108, loss=94.2971, threshold=869.5924
[MOS-Core]   Sign: score=0.866, ratio=0.155, loss=0.3386, threshold=2.1799

[MOS-Core] Generating 8 malicious updates...
[MOS-Core] Template noise scale: 0.0001
[MOS-Core] Output norms: min=94.2895, mean=94.2989, max=94.3098
[MOS-Core] Attack completed successfully
============================================================

attack:mos_attack
defend:multi_krum
t  52: train_loss = 1.031, test_acc = 63.550
attack numbers = 7
current iteration attack ratio: 0.28

============================================================
[MOS-Core] Starting MOS-Attack
============================================================
[MOS-Core] Total parameters: 11,183,582
[MOS-Core] Benign clients: 18
[MOS-Core] Malicious slots: 7
[MOS-Core] Benign mean norm: 241.3448
[MOS-Core] Benign std (mean): 0.0015
[MOS-Core] ce_raw_norm=18664249344.0
[MOS-Core] cw_raw_norm=18664249344.0
[MOS-Core] ce_valid=True
[MOS-Core] cw_valid=True
[MOS-Core] ce_cw_cosine=1.0
[MOS-Core] combined_pre_norm=1.0
[MOS-Core] historical_direction_valid=True
[MOS-Core] historical_direction_norm=94.29707336425781
[MOS-Core] guidance_history_cosine=0.0003078772278968245
[MOS-Core] guidance_source=ce_cw_combined
[MOS-Core] guidance_fallback_used=False
[MOS-Core] final_guidance_norm=1.000000
[MOS-Core] Base radial threshold (q=0.95): 673.5605
[MOS-Core] Attack budget ratio: 1.0
[MOS-Core] current_budget=673.560547
[MOS-Core] current_budget_valid=True

[MOS-Core] Initializing constraints...
[MOS-Core] Enabled constraints: Radial, Sign
[MOS-Core] Radial weight: 1.0
[MOS-Core] Sign weight: 0.5, layer_reduce: quantile
[MOS-Core]   Radial threshold: 673.5605
[MOS-Core]   Sign threshold: 2.0986

[MOS-Core] Initializing population (size=10)...
[MOS-Core] adaptive_guided_init=True alpha_feasible=0.000000 scales=[0.0, 0.0, 0.0, 0.0, 0.0, 0.0]
[MOS-Core] Generated 6 scale-based seeds: [0.0, 0.0, 0.0, 0.0, 0.0, 0.0]
[MOS-Core] Historical seed injected at position 3
[MOS-Core] historical_raw_norm=94.297073
[MOS-Core] historical_direction_norm=1.000000
[MOS-Core] historical_seed_target_scale=336.780273
[MOS-Core] historical_seed_final_norm=336.780243
[MOS-Core] Generated 4 random candidates (noise_scale=0.1)
[MOS-Core] Initial population norms: min=0.0000, mean=99.1727, max=336.7802
[MOS-Core] Budget ratios: min=0.0000, mean=0.1472, max=0.5000
[MOS-Core] Clipped ratio: 0.00%
[MOS-Core] Historical seed used: True

[MOS-Core] Starting NSGA-II evolution...
[MOS-Core] Generations: 100
[MOS-Core] Population size: 10
[MOS-Core] SBX eta: 15.0, crossover_prob: 0.9
[MOS-Core] Mutation scale: 0.05
[MOS-Core] Gen 1/100:
  Stealth: mean=0.952, best=1.000
  Destructiveness: mean=0.011, best=0.104
  CV: mean=0.0000, min=0.0000
  Feasibility: count=10, ratio=100.00%
  Max feasible destruct: 0.104
  Pareto front size: 9
  Budget ratio: mean=0.063, max=0.500
  Radial: mean_ratio=0.063, max_ratio=0.500, mean_score=0.954
  Sign: mean_ratio=0.091, max_ratio=0.841, mean_score=0.947
[MOS-Core] Gen 10/100:
  Stealth: mean=0.823, best=1.000
  Destructiveness: mean=0.049, best=0.118
  CV: mean=0.0000, min=0.0000
  Feasibility: count=10, ratio=100.00%
  Max feasible destruct: 0.118
  Pareto front size: 10
  Budget ratio: mean=0.233, max=0.547
  Radial: mean_ratio=0.233, max_ratio=0.547, mean_score=0.838
  Sign: mean_ratio=0.369, max_ratio=0.886, mean_score=0.794
[MOS-Core] Gen 20/100:
  Stealth: mean=0.814, best=1.000
  Destructiveness: mean=0.055, best=0.131
  CV: mean=0.0000, min=0.0000
  Feasibility: count=10, ratio=100.00%
  Max feasible destruct: 0.131
  Pareto front size: 10
  Budget ratio: mean=0.238, max=0.546
  Radial: mean_ratio=0.238, max_ratio=0.546, mean_score=0.832
  Sign: mean_ratio=0.389, max_ratio=0.915, mean_score=0.779
[MOS-Core] Gen 30/100:
  Stealth: mean=0.804, best=1.000
  Destructiveness: mean=0.063, best=0.143
  CV: mean=0.0000, min=0.0000
  Feasibility: count=10, ratio=100.00%
  Max feasible destruct: 0.143
  Pareto front size: 10
  Budget ratio: mean=0.250, max=0.596
  Radial: mean_ratio=0.250, max_ratio=0.596, mean_score=0.823
  Sign: mean_ratio=0.404, max_ratio=0.913, mean_score=0.767
[MOS-Core] Gen 40/100:
  Stealth: mean=0.772, best=1.000
  Destructiveness: mean=0.076, best=0.155
  CV: mean=0.0000, min=0.0000
  Feasibility: count=10, ratio=100.00%
  Max feasible destruct: 0.155
  Pareto front size: 10
  Budget ratio: mean=0.292, max=0.588
  Radial: mean_ratio=0.292, max_ratio=0.588, mean_score=0.796
  Sign: mean_ratio=0.492, max_ratio=0.950, mean_score=0.724
[MOS-Core] Gen 50/100:
  Stealth: mean=0.769, best=1.000
  Destructiveness: mean=0.083, best=0.185
  CV: mean=0.0000, min=0.0000
  Feasibility: count=10, ratio=100.00%
  Max feasible destruct: 0.185
  Pareto front size: 10
  Budget ratio: mean=0.300, max=0.590
  Radial: mean_ratio=0.300, max_ratio=0.590, mean_score=0.792
  Sign: mean_ratio=0.504, max_ratio=0.969, mean_score=0.722
[MOS-Core] Gen 60/100:
  Stealth: mean=0.761, best=1.000
  Destructiveness: mean=0.087, best=0.198
  CV: mean=0.0000, min=0.0000
  Feasibility: count=10, ratio=100.00%
  Max feasible destruct: 0.198
  Pareto front size: 10
  Budget ratio: mean=0.299, max=0.556
  Radial: mean_ratio=0.299, max_ratio=0.556, mean_score=0.789
  Sign: mean_ratio=0.527, max_ratio=0.975, mean_score=0.705
[MOS-Core] Gen 70/100:
  Stealth: mean=0.771, best=1.000
  Destructiveness: mean=0.089, best=0.234
  CV: mean=0.0000, min=0.0000
  Feasibility: count=10, ratio=100.00%
  Max feasible destruct: 0.234
  Pareto front size: 10
  Budget ratio: mean=0.286, max=0.554
  Radial: mean_ratio=0.286, max_ratio=0.554, mean_score=0.799
  Sign: mean_ratio=0.518, max_ratio=0.999, mean_score=0.714
[MOS-Core] Gen 80/100:
  Stealth: mean=0.791, best=1.000
  Destructiveness: mean=0.085, best=0.245
  CV: mean=0.0000, min=0.0000
  Feasibility: count=10, ratio=100.00%
  Max feasible destruct: 0.245
  Pareto front size: 10
  Budget ratio: mean=0.262, max=0.547
  Radial: mean_ratio=0.262, max_ratio=0.547, mean_score=0.814
  Sign: mean_ratio=0.450, max_ratio=0.992, mean_score=0.745
[MOS-Core] Gen 90/100:
  Stealth: mean=0.738, best=1.000
  Destructiveness: mean=0.115, best=0.256
  CV: mean=0.0000, min=0.0000
  Feasibility: count=10, ratio=100.00%
  Max feasible destruct: 0.256
  Pareto front size: 10
  Budget ratio: mean=0.328, max=0.553
  Radial: mean_ratio=0.328, max_ratio=0.553, mean_score=0.769
  Sign: mean_ratio=0.575, max_ratio=0.997, mean_score=0.676
[MOS-Core] Gen 100/100:
  Stealth: mean=0.760, best=1.000
  Destructiveness: mean=0.109, best=0.256
  CV: mean=0.0000, min=0.0000
  Feasibility: count=10, ratio=100.00%
  Max feasible destruct: 0.256
  Pareto front size: 10
  Budget ratio: mean=0.301, max=0.553
  Radial: mean_ratio=0.301, max_ratio=0.553, mean_score=0.789
  Sign: mean_ratio=0.547, max_ratio=0.997, mean_score=0.701

[MOS-Core] Selecting final solution...
[MOS-Core] Selection parameters:
  Lambda_s (stealth weight): 0.50
  Lambda_a (attack weight): 0.50
  Attack floor ratio: 0.0256

[MOS-Core] Feasibility summary:
  Feasible solutions: 10
  Feasible ratio: 100.00%
  Selection mode: feasible
  Min CV in front: 0.0000

[MOS-Core] Pareto front summary:
  Front size: 10
  Stealth range: [0.596, 1.000]
  Destructiveness range: [0.000, 0.256]
  CV range: [0.0000, 0.0000]
  Candidates after attack floor: 7

[MOS-Core] Selected solution (index=5):
[MOS-Core]   Constraint pass score (R): 0.791
[MOS-Core]   Destructiveness (A): 0.105
[MOS-Core]   Total CV: 0.0000
[MOS-Core]   Deviation norm: 160.9803
[MOS-Core]   Budget usage: 23.90%
[MOS-Core] selection_mode=balanced_knee
[MOS-Core] selected_budget_ratio=0.238999
[MOS-Core] selected_stealth=0.791392
[MOS-Core] selected_destructiveness=0.104985
[MOS-Core] selected_cv=0.000000
[MOS-Core] selected_feasible=True
[MOS-Core] selected_guidance_alignment=0.000652
[MOS-Core] Per-constraint details:
[MOS-Core]   Radial: score=0.807, ratio=0.239, loss=160.9803, threshold=673.5605
[MOS-Core]   Sign: score=0.760, ratio=0.316, loss=0.6628, threshold=2.0986

[MOS-Core] Generating 7 malicious updates...
[MOS-Core] Template noise scale: 0.0001
[MOS-Core] Output norms: min=160.9664, mean=160.9867, max=161.0135
[MOS-Core] Attack completed successfully
============================================================

attack:mos_attack
defend:multi_krum
t  53: train_loss = 1.016, test_acc = 10.000
attack numbers = 6
current iteration attack ratio: 0.24

============================================================
[MOS-Core] Starting MOS-Attack
============================================================
[MOS-Core] Total parameters: 11,183,582
[MOS-Core] Benign clients: 19
[MOS-Core] Malicious slots: 6
[MOS-Core] Benign mean norm: 353.9335
[MOS-Core] Benign std (mean): 0.0018
[MOS-Core] ce_raw_norm=195535093760.0
[MOS-Core] cw_raw_norm=195535093760.0
[MOS-Core] ce_valid=True
[MOS-Core] cw_valid=True
[MOS-Core] ce_cw_cosine=1.000000238418579
[MOS-Core] combined_pre_norm=1.0
[MOS-Core] historical_direction_valid=True
[MOS-Core] historical_direction_norm=160.98028564453125
[MOS-Core] guidance_history_cosine=0.00030787184368819
[MOS-Core] guidance_source=ce_cw_combined
[MOS-Core] guidance_fallback_used=False
[MOS-Core] final_guidance_norm=1.000000
[MOS-Core] Base radial threshold (q=0.95): 668.2441
[MOS-Core] Attack budget ratio: 1.0
[MOS-Core] current_budget=668.244141
[MOS-Core] current_budget_valid=True

[MOS-Core] Initializing constraints...
[MOS-Core] Enabled constraints: Radial, Sign
[MOS-Core] Radial weight: 1.0
[MOS-Core] Sign weight: 0.5, layer_reduce: quantile
[MOS-Core]   Radial threshold: 668.2441
[MOS-Core]   Sign threshold: 2.1388

[MOS-Core] Initializing population (size=10)...
[MOS-Core] adaptive_guided_init=True alpha_feasible=0.000977 scales=[0.0, 0.0001953125, 0.000390625, 0.0005859375, 0.00078125, 0.0009765625]
[MOS-Core] Generated 6 scale-based seeds: [0.0, 0.0001953125, 0.000390625, 0.0005859375, 0.00078125, 0.0009765625]
[MOS-Core] Historical seed injected at position 3
[MOS-Core] historical_raw_norm=160.980286
[MOS-Core] historical_direction_norm=1.000000
[MOS-Core] historical_seed_target_scale=334.122070
[MOS-Core] historical_seed_final_norm=334.122040
[MOS-Core] Generated 4 random candidates (noise_scale=0.1)
[MOS-Core] Initial population norms: min=0.0000, mean=202.3365, max=614.5647
[MOS-Core] Budget ratios: min=0.0000, mean=0.3028, max=0.9197
[MOS-Core] Clipped ratio: 0.00%
[MOS-Core] Historical seed used: True

[MOS-Core] Starting NSGA-II evolution...
[MOS-Core] Generations: 100
[MOS-Core] Population size: 10
[MOS-Core] SBX eta: 15.0, crossover_prob: 0.9
[MOS-Core] Mutation scale: 0.05
[MOS-Core] Gen 1/100:
  Stealth: mean=0.896, best=1.000
  Destructiveness: mean=0.362, best=0.653
  CV: mean=0.0000, min=0.0000
  Feasibility: count=10, ratio=100.00%
  Max feasible destruct: 0.653
  Pareto front size: 6
  Budget ratio: mean=0.065, max=0.500
  Radial: mean_ratio=0.065, max_ratio=0.500, mean_score=0.952
  Sign: mean_ratio=0.316, max_ratio=0.754, mean_score=0.785
[MOS-Core] Gen 10/100:
  Stealth: mean=0.916, best=1.000
  Destructiveness: mean=0.395, best=0.675
  CV: mean=0.0000, min=0.0000
  Feasibility: count=10, ratio=100.00%
  Max feasible destruct: 0.675
  Pareto front size: 10
  Budget ratio: mean=0.036, max=0.135
  Radial: mean_ratio=0.036, max_ratio=0.135, mean_score=0.967
  Sign: mean_ratio=0.262, max_ratio=0.510, mean_score=0.813
[MOS-Core] Gen 20/100:
  Stealth: mean=0.923, best=1.000
  Destructiveness: mean=0.359, best=0.692
  CV: mean=0.0000, min=0.0000
  Feasibility: count=10, ratio=100.00%
  Max feasible destruct: 0.692
  Pareto front size: 10
  Budget ratio: mean=0.037, max=0.138
  Radial: mean_ratio=0.037, max_ratio=0.138, mean_score=0.966
  Sign: mean_ratio=0.230, max_ratio=0.528, mean_score=0.836
[MOS-Core] Gen 30/100:
  Stealth: mean=0.909, best=1.000
  Destructiveness: mean=0.402, best=0.708
  CV: mean=0.0000, min=0.0000
  Feasibility: count=10, ratio=100.00%
  Max feasible destruct: 0.708
  Pareto front size: 10
  Budget ratio: mean=0.047, max=0.174
  Radial: mean_ratio=0.047, max_ratio=0.174, mean_score=0.958
  Sign: mean_ratio=0.271, max_ratio=0.528, mean_score=0.812
[MOS-Core] Gen 40/100:
  Stealth: mean=0.903, best=1.000
  Destructiveness: mean=0.411, best=0.738
  CV: mean=0.0000, min=0.0000
  Feasibility: count=10, ratio=100.00%
  Max feasible destruct: 0.738
  Pareto front size: 10
  Budget ratio: mean=0.058, max=0.188
  Radial: mean_ratio=0.058, max_ratio=0.188, mean_score=0.949
  Sign: mean_ratio=0.272, max_ratio=0.527, mean_score=0.811
[MOS-Core] Gen 50/100:
  Stealth: mean=0.904, best=1.000
  Destructiveness: mean=0.411, best=0.747
  CV: mean=0.0000, min=0.0000
  Feasibility: count=10, ratio=100.00%
  Max feasible destruct: 0.747
  Pareto front size: 10
  Budget ratio: mean=0.057, max=0.208
  Radial: mean_ratio=0.057, max_ratio=0.208, mean_score=0.950
  Sign: mean_ratio=0.272, max_ratio=0.537, mean_score=0.811
[MOS-Core] Gen 60/100:
  Stealth: mean=0.902, best=1.000
  Destructiveness: mean=0.414, best=0.766
  CV: mean=0.0000, min=0.0000
  Feasibility: count=10, ratio=100.00%
  Max feasible destruct: 0.766
  Pareto front size: 10
  Budget ratio: mean=0.060, max=0.214
  Radial: mean_ratio=0.060, max_ratio=0.214, mean_score=0.948
  Sign: mean_ratio=0.272, max_ratio=0.549, mean_score=0.811
[MOS-Core] Gen 70/100:
  Stealth: mean=0.880, best=1.000
  Destructiveness: mean=0.464, best=0.790
  CV: mean=0.0000, min=0.0000
  Feasibility: count=10, ratio=100.00%
  Max feasible destruct: 0.790
  Pareto front size: 10
  Budget ratio: mean=0.084, max=0.236
  Radial: mean_ratio=0.084, max_ratio=0.236, mean_score=0.928
  Sign: mean_ratio=0.319, max_ratio=0.560, mean_score=0.783
[MOS-Core] Gen 80/100:
  Stealth: mean=0.877, best=1.000
  Destructiveness: mean=0.470, best=0.846
  CV: mean=0.0000, min=0.0000
  Feasibility: count=10, ratio=100.00%
  Max feasible destruct: 0.846
  Pareto front size: 10
  Budget ratio: mean=0.088, max=0.299
  Radial: mean_ratio=0.088, max_ratio=0.299, mean_score=0.926
  Sign: mean_ratio=0.322, max_ratio=0.558, mean_score=0.780
[MOS-Core] Gen 90/100:
  Stealth: mean=0.880, best=1.000
  Destructiveness: mean=0.472, best=0.860
  CV: mean=0.0000, min=0.0000
  Feasibility: count=10, ratio=100.00%
  Max feasible destruct: 0.860
  Pareto front size: 10
  Budget ratio: mean=0.088, max=0.340
  Radial: mean_ratio=0.088, max_ratio=0.340, mean_score=0.928
  Sign: mean_ratio=0.320, max_ratio=0.561, mean_score=0.783
[MOS-Core] Gen 100/100:
  Stealth: mean=0.868, best=1.000
  Destructiveness: mean=0.473, best=0.891
  CV: mean=0.0000, min=0.0000
  Feasibility: count=10, ratio=100.00%
  Max feasible destruct: 0.891
  Pareto front size: 10
  Budget ratio: mean=0.108, max=0.381
  Radial: mean_ratio=0.108, max_ratio=0.381, mean_score=0.914
  Sign: mean_ratio=0.333, max_ratio=0.630, mean_score=0.778

[MOS-Core] Selecting final solution...
[MOS-Core] Selection parameters:
  Lambda_s (stealth weight): 0.50
  Lambda_a (attack weight): 0.50
  Attack floor ratio: 0.0891

[MOS-Core] Feasibility summary:
  Feasible solutions: 10
  Feasible ratio: 100.00%
  Selection mode: feasible
  Min CV in front: 0.0000

[MOS-Core] Pareto front summary:
  Front size: 10
  Stealth range: [0.687, 1.000]
  Destructiveness range: [0.000, 0.891]
  CV range: [0.0000, 0.0000]
  Candidates after attack floor: 8

[MOS-Core] Selected solution (index=7):
[MOS-Core]   Constraint pass score (R): 0.887
[MOS-Core]   Destructiveness (A): 0.653
[MOS-Core]   Total CV: 0.0000
[MOS-Core]   Deviation norm: 0.6526
[MOS-Core]   Budget usage: 0.10%
[MOS-Core] selection_mode=balanced_knee
[MOS-Core] selected_budget_ratio=0.000977
[MOS-Core] selected_stealth=0.886827
[MOS-Core] selected_destructiveness=0.652581
[MOS-Core] selected_cv=0.000000
[MOS-Core] selected_feasible=True
[MOS-Core] selected_guidance_alignment=1.000000
[MOS-Core] Per-constraint details:
[MOS-Core]   Radial: score=0.999, ratio=0.001, loss=0.6526, threshold=668.2441
[MOS-Core]   Sign: score=0.662, ratio=0.510, loss=1.0899, threshold=2.1388

[MOS-Core] Generating 6 malicious updates...
[MOS-Core] Template noise scale: 0.0001
[MOS-Core] Output norms: min=0.6539, mean=0.6546, max=0.6556
[MOS-Core] Attack completed successfully
============================================================

attack:mos_attack
defend:multi_krum
t  54: train_loss = 1.003, test_acc = 62.280
attack numbers = 5
current iteration attack ratio: 0.2

============================================================
[MOS-Core] Starting MOS-Attack
============================================================
[MOS-Core] Total parameters: 11,183,582
[MOS-Core] Benign clients: 20
[MOS-Core] Malicious slots: 5
[MOS-Core] Benign mean norm: 439.4238
[MOS-Core] Benign std (mean): 0.0014
[MOS-Core] ce_raw_norm=15257902080.0
[MOS-Core] cw_raw_norm=15257902080.0
[MOS-Core] ce_valid=True
[MOS-Core] cw_valid=True
[MOS-Core] ce_cw_cosine=1.0000001192092896
[MOS-Core] combined_pre_norm=1.0
[MOS-Core] historical_direction_valid=True
[MOS-Core] historical_direction_norm=0.6525822281837463
[MOS-Core] guidance_history_cosine=0.5326511859893799
[MOS-Core] guidance_source=ce_cw_combined
[MOS-Core] guidance_fallback_used=False
[MOS-Core] final_guidance_norm=1.000000
[MOS-Core] Base radial threshold (q=0.95): 536.2328
[MOS-Core] Attack budget ratio: 1.0
[MOS-Core] current_budget=536.232849
[MOS-Core] current_budget_valid=True

[MOS-Core] Initializing constraints...
[MOS-Core] Enabled constraints: Radial, Sign
[MOS-Core] Radial weight: 1.0
[MOS-Core] Sign weight: 0.5, layer_reduce: quantile
[MOS-Core]   Radial threshold: 536.2328
[MOS-Core]   Sign threshold: 2.2190

[MOS-Core] Initializing population (size=10)...
[MOS-Core] adaptive_guided_init=True alpha_feasible=0.000977 scales=[0.0, 0.0001953125, 0.000390625, 0.0005859375, 0.00078125, 0.0009765625]
[MOS-Core] Generated 6 scale-based seeds: [0.0, 0.0001953125, 0.000390625, 0.0005859375, 0.00078125, 0.0009765625]
[MOS-Core] Historical seed injected at position 3
[MOS-Core] historical_raw_norm=0.652582
[MOS-Core] historical_direction_norm=1.000000
[MOS-Core] historical_seed_target_scale=268.116425
[MOS-Core] historical_seed_final_norm=268.116425
[MOS-Core] Generated 4 random candidates (noise_scale=0.1)
[MOS-Core] Initial population norms: min=0.0000, mean=145.3256, max=449.5028
[MOS-Core] Budget ratios: min=0.0000, mean=0.2710, max=0.8383
[MOS-Core] Clipped ratio: 0.00%
[MOS-Core] Historical seed used: True

[MOS-Core] Starting NSGA-II evolution...
[MOS-Core] Generations: 100
[MOS-Core] Population size: 10
[MOS-Core] SBX eta: 15.0, crossover_prob: 0.9
[MOS-Core] Mutation scale: 0.05
[MOS-Core] Gen 1/100:
  Stealth: mean=0.912, best=1.000
  Destructiveness: mean=0.293, best=0.524
  CV: mean=0.0000, min=0.0000
  Feasibility: count=10, ratio=100.00%
  Max feasible destruct: 0.524
  Pareto front size: 6
  Budget ratio: mean=0.020, max=0.047
  Radial: mean_ratio=0.020, max_ratio=0.047, mean_score=0.981
  Sign: mean_ratio=0.339, max_ratio=0.644, mean_score=0.775
[MOS-Core] Gen 10/100:
  Stealth: mean=0.905, best=1.000
  Destructiveness: mean=0.305, best=0.530
  CV: mean=0.0000, min=0.0000
  Feasibility: count=10, ratio=100.00%
  Max feasible destruct: 0.530
  Pareto front size: 10
  Budget ratio: mean=0.029, max=0.089
  Radial: mean_ratio=0.029, max_ratio=0.089, mean_score=0.973
  Sign: mean_ratio=0.344, max_ratio=0.648, mean_score=0.771
[MOS-Core] Gen 20/100:
  Stealth: mean=0.904, best=1.000
  Destructiveness: mean=0.305, best=0.535
  CV: mean=0.0000, min=0.0000
  Feasibility: count=10, ratio=100.00%
  Max feasible destruct: 0.535
  Pareto front size: 10
  Budget ratio: mean=0.032, max=0.115
  Radial: mean_ratio=0.032, max_ratio=0.115, mean_score=0.970
  Sign: mean_ratio=0.342, max_ratio=0.642, mean_score=0.772
[MOS-Core] Gen 30/100:
  Stealth: mean=0.883, best=1.000
  Destructiveness: mean=0.349, best=0.543
  CV: mean=0.0000, min=0.0000
  Feasibility: count=10, ratio=100.00%
  Max feasible destruct: 0.543
  Pareto front size: 10
  Budget ratio: mean=0.051, max=0.211
  Radial: mean_ratio=0.051, max_ratio=0.211, mean_score=0.955
  Sign: mean_ratio=0.402, max_ratio=0.654, mean_score=0.738
[MOS-Core] Gen 40/100:
  Stealth: mean=0.885, best=1.000
  Destructiveness: mean=0.321, best=0.553
  CV: mean=0.0000, min=0.0000
  Feasibility: count=10, ratio=100.00%
  Max feasible destruct: 0.553
  Pareto front size: 10
  Budget ratio: mean=0.063, max=0.212
  Radial: mean_ratio=0.063, max_ratio=0.212, mean_score=0.945
  Sign: mean_ratio=0.361, max_ratio=0.665, mean_score=0.765
[MOS-Core] Gen 50/100:
  Stealth: mean=0.878, best=1.000
  Destructiveness: mean=0.354, best=0.563
  CV: mean=0.0000, min=0.0000
  Feasibility: count=10, ratio=100.00%
  Max feasible destruct: 0.563
  Pareto front size: 10
  Budget ratio: mean=0.060, max=0.205
  Radial: mean_ratio=0.060, max_ratio=0.205, mean_score=0.948
  Sign: mean_ratio=0.406, max_ratio=0.679, mean_score=0.737
[MOS-Core] Gen 60/100:
  Stealth: mean=0.872, best=1.000
  Destructiveness: mean=0.367, best=0.575
  CV: mean=0.0000, min=0.0000
  Feasibility: count=10, ratio=100.00%
  Max feasible destruct: 0.575
  Pareto front size: 10
  Budget ratio: mean=0.068, max=0.216
  Radial: mean_ratio=0.068, max_ratio=0.216, mean_score=0.942
  Sign: mean_ratio=0.422, max_ratio=0.678, mean_score=0.731
[MOS-Core] Gen 70/100:
  Stealth: mean=0.881, best=1.000
  Destructiveness: mean=0.327, best=0.584
  CV: mean=0.0000, min=0.0000
  Feasibility: count=10, ratio=100.00%
  Max feasible destruct: 0.584
  Pareto front size: 10
  Budget ratio: mean=0.069, max=0.220
  Radial: mean_ratio=0.069, max_ratio=0.220, mean_score=0.941
  Sign: mean_ratio=0.369, max_ratio=0.694, mean_score=0.762
[MOS-Core] Gen 80/100:
  Stealth: mean=0.870, best=1.000
  Destructiveness: mean=0.370, best=0.594
  CV: mean=0.0000, min=0.0000
  Feasibility: count=10, ratio=100.00%
  Max feasible destruct: 0.594
  Pareto front size: 10
  Budget ratio: mean=0.071, max=0.250
  Radial: mean_ratio=0.071, max_ratio=0.250, mean_score=0.940
  Sign: mean_ratio=0.423, max_ratio=0.687, mean_score=0.730
[MOS-Core] Gen 90/100:
  Stealth: mean=0.889, best=1.000
  Destructiveness: mean=0.314, best=0.604
  CV: mean=0.0000, min=0.0000
  Feasibility: count=10, ratio=100.00%
  Max feasible destruct: 0.604
  Pareto front size: 10
  Budget ratio: mean=0.059, max=0.266
  Radial: mean_ratio=0.059, max_ratio=0.266, mean_score=0.949
  Sign: mean_ratio=0.348, max_ratio=0.681, mean_score=0.770
[MOS-Core] Gen 100/100:
  Stealth: mean=0.866, best=1.000
  Destructiveness: mean=0.354, best=0.613
  CV: mean=0.0000, min=0.0000
  Feasibility: count=10, ratio=100.00%
  Max feasible destruct: 0.613
  Pareto front size: 10
  Budget ratio: mean=0.087, max=0.281
  Radial: mean_ratio=0.087, max_ratio=0.281, mean_score=0.926
  Sign: mean_ratio=0.400, max_ratio=0.722, mean_score=0.746

[MOS-Core] Selecting final solution...
[MOS-Core] Selection parameters:
  Lambda_s (stealth weight): 0.50
  Lambda_a (attack weight): 0.50
  Attack floor ratio: 0.0613

[MOS-Core] Feasibility summary:
  Feasible solutions: 10
  Feasible ratio: 100.00%
  Selection mode: feasible
  Min CV in front: 0.0000

[MOS-Core] Pareto front summary:
  Front size: 10
  Stealth range: [0.714, 1.000]
  Destructiveness range: [0.000, 0.613]
  CV range: [0.0000, 0.0000]
  Candidates after attack floor: 9

[MOS-Core] Selected solution (index=4):
[MOS-Core]   Constraint pass score (R): 0.891
[MOS-Core]   Destructiveness (A): 0.419
[MOS-Core]   Total CV: 0.0000
[MOS-Core]   Deviation norm: 0.4189
[MOS-Core]   Budget usage: 0.08%
[MOS-Core] selection_mode=balanced_knee
[MOS-Core] selected_budget_ratio=0.000781
[MOS-Core] selected_stealth=0.891190
[MOS-Core] selected_destructiveness=0.418930
[MOS-Core] selected_cv=0.000000
[MOS-Core] selected_feasible=True
[MOS-Core] selected_guidance_alignment=1.000000
[MOS-Core] Per-constraint details:
[MOS-Core]   Radial: score=0.999, ratio=0.001, loss=0.4189, threshold=536.2328
[MOS-Core]   Sign: score=0.675, ratio=0.481, loss=1.0677, threshold=2.2190

[MOS-Core] Generating 5 malicious updates...
[MOS-Core] Template noise scale: 0.0001
[MOS-Core] Output norms: min=0.4204, mean=0.4215, max=0.4227
[MOS-Core] Attack completed successfully
============================================================

attack:mos_attack
defend:multi_krum
t  55: train_loss = 0.978, test_acc = 62.120
attack numbers = 3
current iteration attack ratio: 0.12

============================================================
[MOS-Core] Starting MOS-Attack
============================================================
[MOS-Core] Total parameters: 11,183,582
[MOS-Core] Benign clients: 22
[MOS-Core] Malicious slots: 3
[MOS-Core] Benign mean norm: 647.3030
[MOS-Core] Benign std (mean): 0.0015
[MOS-Core] ce_raw_norm=23564541952.0
[MOS-Core] cw_raw_norm=23564541952.0
[MOS-Core] ce_valid=True
[MOS-Core] cw_valid=True
[MOS-Core] ce_cw_cosine=1.0
[MOS-Core] combined_pre_norm=1.0
[MOS-Core] historical_direction_valid=True
[MOS-Core] historical_direction_norm=0.4189319610595703
[MOS-Core] guidance_history_cosine=0.9483230113983154
[MOS-Core] guidance_source=ce_cw_combined
[MOS-Core] guidance_fallback_used=False
[MOS-Core] final_guidance_norm=1.000000
[MOS-Core] Base radial threshold (q=0.95): 675.9640
[MOS-Core] Attack budget ratio: 1.0
[MOS-Core] current_budget=675.963989
[MOS-Core] current_budget_valid=True

[MOS-Core] Initializing constraints...
[MOS-Core] Enabled constraints: Radial, Sign
[MOS-Core] Radial weight: 1.0
[MOS-Core] Sign weight: 0.5, layer_reduce: quantile
[MOS-Core]   Radial threshold: 675.9640
[MOS-Core]   Sign threshold: 2.4420

[MOS-Core] Initializing population (size=10)...
[MOS-Core] adaptive_guided_init=True alpha_feasible=0.000000 scales=[0.0, 0.0, 0.0, 0.0, 0.0, 0.0]
[MOS-Core] Generated 6 scale-based seeds: [0.0, 0.0, 0.0, 0.0, 0.0, 0.0]
[MOS-Core] Historical seed injected at position 3
[MOS-Core] historical_raw_norm=0.418932
[MOS-Core] historical_direction_norm=1.000000
[MOS-Core] historical_seed_target_scale=337.981995
[MOS-Core] historical_seed_final_norm=337.981995
[MOS-Core] Generated 4 random candidates (noise_scale=0.1)
[MOS-Core] Initial population norms: min=0.0000, mean=201.5979, max=616.3185
[MOS-Core] Budget ratios: min=0.0000, mean=0.2982, max=0.9118
[MOS-Core] Clipped ratio: 0.00%
[MOS-Core] Historical seed used: True

[MOS-Core] Starting NSGA-II evolution...
[MOS-Core] Generations: 100
[MOS-Core] Population size: 10
[MOS-Core] SBX eta: 15.0, crossover_prob: 0.9
