"line_no","round","category","event","numeric_index","numeric_value","sanitized_text"
"1","7","training","t   7: train_loss = 67534.492, test_acc = 9.910","1","7","t   7: train_loss = 67534.492, test_acc = 9.910"
"1","7","training","t   7: train_loss = 67534.492, test_acc = 9.910","2","67534.492","t   7: train_loss = 67534.492, test_acc = 9.910"
"1","7","training","t   7: train_loss = 67534.492, test_acc = 9.910","3","9.910","t   7: train_loss = 67534.492, test_acc = 9.910"
"2","7","general","attack numbers = 8","1","8","attack numbers = 8"
"3","8","FiniteAudit","round=8 checkpoint_promoted_after_benign=True","1","8","[FiniteAudit] round=8 checkpoint_promoted_after_benign=True"
"4","8","general","current iteration attack ratio: 0.32","1","0.32","current iteration attack ratio: 0.32"
"5","8","MOS WARNING","CE logits contain NaN/Inf, using safe fallback","1","NaN","[MOS WARNING] CE logits contain NaN/Inf, using safe fallback"
"5","8","MOS WARNING","CE logits contain NaN/Inf, using safe fallback","2","Inf","[MOS WARNING] CE logits contain NaN/Inf, using safe fallback"
"6","8","MOS-Core","Total parameters: 11,183,582","1","11183582","[MOS-Core] Total parameters: 11,183,582"
"7","8","MOS-Core","Benign clients: 17","1","17","[MOS-Core] Benign clients: 17"
"8","8","MOS-Core","Malicious slots: 8","1","8","[MOS-Core] Malicious slots: 8"
"9","8","MOS-Core","Benign mean norm: 992938523885568.0000","1","992938523885568.0000","[MOS-Core] Benign mean norm: 992938523885568.0000"
"10","8","MOS-Core","Benign std (mean): 491689280.0000","1","491689280.0000","[MOS-Core] Benign std (mean): 491689280.0000"
"11","8","MOS-Core","ce_raw_norm=0.0","1","0.0","[MOS-Core] ce_raw_norm=0.0"
"12","8","MOS-Core","cw_raw_norm=0.0","1","0.0","[MOS-Core] cw_raw_norm=0.0"
"13","8","MOS-Core","ce_valid=False",,,"[MOS-Core] ce_valid=False"
"14","8","MOS-Core","cw_valid=False",,,"[MOS-Core] cw_valid=False"
"15","8","MOS-Core","ce_cw_cosine=nan","1","nan","[MOS-Core] ce_cw_cosine=nan"
"16","8","MOS-Core","combined_pre_norm=0.0","1","0.0","[MOS-Core] combined_pre_norm=0.0"
"17","8","MOS-Core","historical_direction_valid=True",,,"[MOS-Core] historical_direction_valid=True"
"18","8","MOS-Core","historical_direction_norm=1350469117018112.0","1","1350469117018112.0","[MOS-Core] historical_direction_norm=1350469117018112.0"
"19","8","MOS-Core","guidance_history_cosine=0.9711877703666687","1","0.9711877703666687","[MOS-Core] guidance_history_cosine=0.9711877703666687"
"20","8","MOS-Core","guidance_source=cached_last_valid",,,"[MOS-Core] guidance_source=cached_last_valid"
"21","8","MOS-Core","guidance_fallback_used=True",,,"[MOS-Core] guidance_fallback_used=True"
"22","8","MOS-Core","final_guidance_norm=1.000000","1","1.000000","[MOS-Core] final_guidance_norm=1.000000"
"23","8","MOS-Core","Base radial threshold (q=0.95): 925027708960768.0000","1","0.95","[MOS-Core] Base radial threshold (q=0.95): 925027708960768.0000"
"23","8","MOS-Core","Base radial threshold (q=0.95): 925027708960768.0000","2","925027708960768.0000","[MOS-Core] Base radial threshold (q=0.95): 925027708960768.0000"
"24","8","MOS-Core","Attack budget ratio: 1.0","1","1.0","[MOS-Core] Attack budget ratio: 1.0"
"25","8","MOS-Core","current_budget=925027708960768.000000","1","925027708960768.000000","[MOS-Core] current_budget=925027708960768.000000"
"26","8","MOS-Core","current_budget_valid=True",,,"[MOS-Core] current_budget_valid=True"
"27","8","MOS-Core","Initializing constraints...",,,"[MOS-Core] Initializing constraints..."
"28","8","MOS-Core","Enabled constraints: Radial, Sign",,,"[MOS-Core] Enabled constraints: Radial, Sign"
"29","8","MOS-Core","Radial weight: 1.0","1","1.0","[MOS-Core] Radial weight: 1.0"
"30","8","MOS-Core","Sign weight: 0.5, layer_reduce: quantile","1","0.5","[MOS-Core] Sign weight: 0.5, layer_reduce: quantile"
"31","8","MOS-Core","Radial threshold: 925027708960768.0000","1","925027708960768.0000","[MOS-Core]   Radial threshold: 925027708960768.0000"
"32","8","MOS-Core","Sign threshold: 2.5496","1","2.5496","[MOS-Core]   Sign threshold: 2.5496"
"33","8","MOS-Core","Initializing population (size=10)...","1","10","[MOS-Core] Initializing population (size=10)..."
"34","8","MOS-Core","constraint_mode=soft_select",,,"[MOS-Core] constraint_mode=soft_select"
"35","8","MOS-Core","alpha_feasible=0.000000 boundary_width=7.62939e-06 refinements=13 zero_reason=确认无非零可行点","1","0.000000","[MOS-Core] alpha_feasible=0.000000 boundary_width=7.62939e-06 refinements=13 zero_reason=确认无非零可行点"
"35","8","MOS-Core","alpha_feasible=0.000000 boundary_width=7.62939e-06 refinements=13 zero_reason=确认无非零可行点","2","7.62939e-06","[MOS-Core] alpha_feasible=0.000000 boundary_width=7.62939e-06 refinements=13 zero_reason=确认无非零可行点"
"35","8","MOS-Core","alpha_feasible=0.000000 boundary_width=7.62939e-06 refinements=13 zero_reason=确认无非零可行点","3","13","[MOS-Core] alpha_feasible=0.000000 boundary_width=7.62939e-06 refinements=13 zero_reason=确认无非零可行点"
"36","8","MOS-Boundary","alpha_feasible=0.000000 alpha_infeasible=0.000008 limiting_constraint=sign left=radial=0=1=0|sign=0=1=0 right=radial=7.6294e-06=0.999992=0|sign=6.43243e+07=1.55462e-08=6.43243e+07","1","0.000000","[MOS-Boundary] alpha_feasible=0.000000 alpha_infeasible=0.000008 limiting_constraint=sign left=radial=0=1=0|sign=0=1=0 right=radial=7.6294e-06=0.999992=0|sign=6.43243e+07=1.55462e-08=6.43243e+07"
"36","8","MOS-Boundary","alpha_feasible=0.000000 alpha_infeasible=0.000008 limiting_constraint=sign left=radial=0=1=0|sign=0=1=0 right=radial=7.6294e-06=0.999992=0|sign=6.43243e+07=1.55462e-08=6.43243e+07","2","0.000008","[MOS-Boundary] alpha_feasible=0.000000 alpha_infeasible=0.000008 limiting_constraint=sign left=radial=0=1=0|sign=0=1=0 right=radial=7.6294e-06=0.999992=0|sign=6.43243e+07=1.55462e-08=6.43243e+07"
"36","8","MOS-Boundary","alpha_feasible=0.000000 alpha_infeasible=0.000008 limiting_constraint=sign left=radial=0=1=0|sign=0=1=0 right=radial=7.6294e-06=0.999992=0|sign=6.43243e+07=1.55462e-08=6.43243e+07","3","0","[MOS-Boundary] alpha_feasible=0.000000 alpha_infeasible=0.000008 limiting_constraint=sign left=radial=0=1=0|sign=0=1=0 right=radial=7.6294e-06=0.999992=0|sign=6.43243e+07=1.55462e-08=6.43243e+07"
"36","8","MOS-Boundary","alpha_feasible=0.000000 alpha_infeasible=0.000008 limiting_constraint=sign left=radial=0=1=0|sign=0=1=0 right=radial=7.6294e-06=0.999992=0|sign=6.43243e+07=1.55462e-08=6.43243e+07","4","1","[MOS-Boundary] alpha_feasible=0.000000 alpha_infeasible=0.000008 limiting_constraint=sign left=radial=0=1=0|sign=0=1=0 right=radial=7.6294e-06=0.999992=0|sign=6.43243e+07=1.55462e-08=6.43243e+07"
"36","8","MOS-Boundary","alpha_feasible=0.000000 alpha_infeasible=0.000008 limiting_constraint=sign left=radial=0=1=0|sign=0=1=0 right=radial=7.6294e-06=0.999992=0|sign=6.43243e+07=1.55462e-08=6.43243e+07","5","0","[MOS-Boundary] alpha_feasible=0.000000 alpha_infeasible=0.000008 limiting_constraint=sign left=radial=0=1=0|sign=0=1=0 right=radial=7.6294e-06=0.999992=0|sign=6.43243e+07=1.55462e-08=6.43243e+07"
"36","8","MOS-Boundary","alpha_feasible=0.000000 alpha_infeasible=0.000008 limiting_constraint=sign left=radial=0=1=0|sign=0=1=0 right=radial=7.6294e-06=0.999992=0|sign=6.43243e+07=1.55462e-08=6.43243e+07","6","0","[MOS-Boundary] alpha_feasible=0.000000 alpha_infeasible=0.000008 limiting_constraint=sign left=radial=0=1=0|sign=0=1=0 right=radial=7.6294e-06=0.999992=0|sign=6.43243e+07=1.55462e-08=6.43243e+07"
"36","8","MOS-Boundary","alpha_feasible=0.000000 alpha_infeasible=0.000008 limiting_constraint=sign left=radial=0=1=0|sign=0=1=0 right=radial=7.6294e-06=0.999992=0|sign=6.43243e+07=1.55462e-08=6.43243e+07","7","1","[MOS-Boundary] alpha_feasible=0.000000 alpha_infeasible=0.000008 limiting_constraint=sign left=radial=0=1=0|sign=0=1=0 right=radial=7.6294e-06=0.999992=0|sign=6.43243e+07=1.55462e-08=6.43243e+07"
"36","8","MOS-Boundary","alpha_feasible=0.000000 alpha_infeasible=0.000008 limiting_constraint=sign left=radial=0=1=0|sign=0=1=0 right=radial=7.6294e-06=0.999992=0|sign=6.43243e+07=1.55462e-08=6.43243e+07","8","0","[MOS-Boundary] alpha_feasible=0.000000 alpha_infeasible=0.000008 limiting_constraint=sign left=radial=0=1=0|sign=0=1=0 right=radial=7.6294e-06=0.999992=0|sign=6.43243e+07=1.55462e-08=6.43243e+07"
"36","8","MOS-Boundary","alpha_feasible=0.000000 alpha_infeasible=0.000008 limiting_constraint=sign left=radial=0=1=0|sign=0=1=0 right=radial=7.6294e-06=0.999992=0|sign=6.43243e+07=1.55462e-08=6.43243e+07","9","7.6294e-06","[MOS-Boundary] alpha_feasible=0.000000 alpha_infeasible=0.000008 limiting_constraint=sign left=radial=0=1=0|sign=0=1=0 right=radial=7.6294e-06=0.999992=0|sign=6.43243e+07=1.55462e-08=6.43243e+07"
"36","8","MOS-Boundary","alpha_feasible=0.000000 alpha_infeasible=0.000008 limiting_constraint=sign left=radial=0=1=0|sign=0=1=0 right=radial=7.6294e-06=0.999992=0|sign=6.43243e+07=1.55462e-08=6.43243e+07","10","0.999992","[MOS-Boundary] alpha_feasible=0.000000 alpha_infeasible=0.000008 limiting_constraint=sign left=radial=0=1=0|sign=0=1=0 right=radial=7.6294e-06=0.999992=0|sign=6.43243e+07=1.55462e-08=6.43243e+07"
"36","8","MOS-Boundary","alpha_feasible=0.000000 alpha_infeasible=0.000008 limiting_constraint=sign left=radial=0=1=0|sign=0=1=0 right=radial=7.6294e-06=0.999992=0|sign=6.43243e+07=1.55462e-08=6.43243e+07","11","0","[MOS-Boundary] alpha_feasible=0.000000 alpha_infeasible=0.000008 limiting_constraint=sign left=radial=0=1=0|sign=0=1=0 right=radial=7.6294e-06=0.999992=0|sign=6.43243e+07=1.55462e-08=6.43243e+07"
"36","8","MOS-Boundary","alpha_feasible=0.000000 alpha_infeasible=0.000008 limiting_constraint=sign left=radial=0=1=0|sign=0=1=0 right=radial=7.6294e-06=0.999992=0|sign=6.43243e+07=1.55462e-08=6.43243e+07","12","6.43243e+07","[MOS-Boundary] alpha_feasible=0.000000 alpha_infeasible=0.000008 limiting_constraint=sign left=radial=0=1=0|sign=0=1=0 right=radial=7.6294e-06=0.999992=0|sign=6.43243e+07=1.55462e-08=6.43243e+07"
"36","8","MOS-Boundary","alpha_feasible=0.000000 alpha_infeasible=0.000008 limiting_constraint=sign left=radial=0=1=0|sign=0=1=0 right=radial=7.6294e-06=0.999992=0|sign=6.43243e+07=1.55462e-08=6.43243e+07","13","1.55462e-08","[MOS-Boundary] alpha_feasible=0.000000 alpha_infeasible=0.000008 limiting_constraint=sign left=radial=0=1=0|sign=0=1=0 right=radial=7.6294e-06=0.999992=0|sign=6.43243e+07=1.55462e-08=6.43243e+07"
"36","8","MOS-Boundary","alpha_feasible=0.000000 alpha_infeasible=0.000008 limiting_constraint=sign left=radial=0=1=0|sign=0=1=0 right=radial=7.6294e-06=0.999992=0|sign=6.43243e+07=1.55462e-08=6.43243e+07","14","6.43243e+07","[MOS-Boundary] alpha_feasible=0.000000 alpha_infeasible=0.000008 limiting_constraint=sign left=radial=0=1=0|sign=0=1=0 right=radial=7.6294e-06=0.999992=0|sign=6.43243e+07=1.55462e-08=6.43243e+07"
"37","8","MOS-Core","adaptive_guided_init=True alpha_feasible=0.000000 alpha_init=0.000000 scales=[0.0, 0.0, 0.0, 0.0, 0.0, 0.0]","1","0.000000","[MOS-Core] adaptive_guided_init=True alpha_feasible=0.000000 alpha_init=0.000000 scales=[0.0, 0.0, 0.0, 0.0, 0.0, 0.0]"
"37","8","MOS-Core","adaptive_guided_init=True alpha_feasible=0.000000 alpha_init=0.000000 scales=[0.0, 0.0, 0.0, 0.0, 0.0, 0.0]","2","0.000000","[MOS-Core] adaptive_guided_init=True alpha_feasible=0.000000 alpha_init=0.000000 scales=[0.0, 0.0, 0.0, 0.0, 0.0, 0.0]"
"37","8","MOS-Core","adaptive_guided_init=True alpha_feasible=0.000000 alpha_init=0.000000 scales=[0.0, 0.0, 0.0, 0.0, 0.0, 0.0]","3","0.0","[MOS-Core] adaptive_guided_init=True alpha_feasible=0.000000 alpha_init=0.000000 scales=[0.0, 0.0, 0.0, 0.0, 0.0, 0.0]"
"37","8","MOS-Core","adaptive_guided_init=True alpha_feasible=0.000000 alpha_init=0.000000 scales=[0.0, 0.0, 0.0, 0.0, 0.0, 0.0]","4","0.0","[MOS-Core] adaptive_guided_init=True alpha_feasible=0.000000 alpha_init=0.000000 scales=[0.0, 0.0, 0.0, 0.0, 0.0, 0.0]"
"37","8","MOS-Core","adaptive_guided_init=True alpha_feasible=0.000000 alpha_init=0.000000 scales=[0.0, 0.0, 0.0, 0.0, 0.0, 0.0]","5","0.0","[MOS-Core] adaptive_guided_init=True alpha_feasible=0.000000 alpha_init=0.000000 scales=[0.0, 0.0, 0.0, 0.0, 0.0, 0.0]"
"37","8","MOS-Core","adaptive_guided_init=True alpha_feasible=0.000000 alpha_init=0.000000 scales=[0.0, 0.0, 0.0, 0.0, 0.0, 0.0]","6","0.0","[MOS-Core] adaptive_guided_init=True alpha_feasible=0.000000 alpha_init=0.000000 scales=[0.0, 0.0, 0.0, 0.0, 0.0, 0.0]"
"37","8","MOS-Core","adaptive_guided_init=True alpha_feasible=0.000000 alpha_init=0.000000 scales=[0.0, 0.0, 0.0, 0.0, 0.0, 0.0]","7","0.0","[MOS-Core] adaptive_guided_init=True alpha_feasible=0.000000 alpha_init=0.000000 scales=[0.0, 0.0, 0.0, 0.0, 0.0, 0.0]"
"37","8","MOS-Core","adaptive_guided_init=True alpha_feasible=0.000000 alpha_init=0.000000 scales=[0.0, 0.0, 0.0, 0.0, 0.0, 0.0]","8","0.0","[MOS-Core] adaptive_guided_init=True alpha_feasible=0.000000 alpha_init=0.000000 scales=[0.0, 0.0, 0.0, 0.0, 0.0, 0.0]"
"38","8","MOS-Core","Generated 6 scale-based seeds: [0.0, 0.0, 0.0, 0.0, 0.0, 0.0]","1","6","[MOS-Core] Generated 6 scale-based seeds: [0.0, 0.0, 0.0, 0.0, 0.0, 0.0]"
"38","8","MOS-Core","Generated 6 scale-based seeds: [0.0, 0.0, 0.0, 0.0, 0.0, 0.0]","2","0.0","[MOS-Core] Generated 6 scale-based seeds: [0.0, 0.0, 0.0, 0.0, 0.0, 0.0]"
"38","8","MOS-Core","Generated 6 scale-based seeds: [0.0, 0.0, 0.0, 0.0, 0.0, 0.0]","3","0.0","[MOS-Core] Generated 6 scale-based seeds: [0.0, 0.0, 0.0, 0.0, 0.0, 0.0]"
"38","8","MOS-Core","Generated 6 scale-based seeds: [0.0, 0.0, 0.0, 0.0, 0.0, 0.0]","4","0.0","[MOS-Core] Generated 6 scale-based seeds: [0.0, 0.0, 0.0, 0.0, 0.0, 0.0]"
"38","8","MOS-Core","Generated 6 scale-based seeds: [0.0, 0.0, 0.0, 0.0, 0.0, 0.0]","5","0.0","[MOS-Core] Generated 6 scale-based seeds: [0.0, 0.0, 0.0, 0.0, 0.0, 0.0]"
"38","8","MOS-Core","Generated 6 scale-based seeds: [0.0, 0.0, 0.0, 0.0, 0.0, 0.0]","6","0.0","[MOS-Core] Generated 6 scale-based seeds: [0.0, 0.0, 0.0, 0.0, 0.0, 0.0]"
"38","8","MOS-Core","Generated 6 scale-based seeds: [0.0, 0.0, 0.0, 0.0, 0.0, 0.0]","7","0.0","[MOS-Core] Generated 6 scale-based seeds: [0.0, 0.0, 0.0, 0.0, 0.0, 0.0]"
"39","8","MOS-Core","Historical seed injected at position 3","1","3","[MOS-Core] Historical seed injected at position 3"
"40","8","MOS-Core","historical_raw_norm=1350469117018112.000000","1","1350469117018112.000000","[MOS-Core] historical_raw_norm=1350469117018112.000000"
"41","8","MOS-Core","historical_direction_norm=1.000000","1","1.000000","[MOS-Core] historical_direction_norm=1.000000"
"42","8","MOS-Core","historical_seed_target_scale=462513854480384.000000","1","462513854480384.000000","[MOS-Core] historical_seed_target_scale=462513854480384.000000"
"43","8","MOS-Core","historical_seed_final_norm=462513820925952.000000","1","462513820925952.000000","[MOS-Core] historical_seed_final_norm=462513820925952.000000"
"44","8","MOS-Core","Generated 4 random candidates (noise_scale=0.1)","1","4","[MOS-Core] Generated 4 random candidates (noise_scale=0.1)"
"44","8","MOS-Core","Generated 4 random candidates (noise_scale=0.1)","2","0.1","[MOS-Core] Generated 4 random candidates (noise_scale=0.1)"
"45","8","MOS-Core","Initial population norms: min=0.0000, mean=198972211724288.0000, max=834422152626176.0000","1","0.0000","[MOS-Core] Initial population norms: min=0.0000, mean=198972211724288.0000, max=834422152626176.0000"
"45","8","MOS-Core","Initial population norms: min=0.0000, mean=198972211724288.0000, max=834422152626176.0000","2","198972211724288.0000","[MOS-Core] Initial population norms: min=0.0000, mean=198972211724288.0000, max=834422152626176.0000"
"45","8","MOS-Core","Initial population norms: min=0.0000, mean=198972211724288.0000, max=834422152626176.0000","3","834422152626176.0000","[MOS-Core] Initial population norms: min=0.0000, mean=198972211724288.0000, max=834422152626176.0000"
"46","8","MOS-Core","Budget ratios: min=0.0000, mean=0.2151, max=0.9021","1","0.0000","[MOS-Core] Budget ratios: min=0.0000, mean=0.2151, max=0.9021"
"46","8","MOS-Core","Budget ratios: min=0.0000, mean=0.2151, max=0.9021","2","0.2151","[MOS-Core] Budget ratios: min=0.0000, mean=0.2151, max=0.9021"
"46","8","MOS-Core","Budget ratios: min=0.0000, mean=0.2151, max=0.9021","3","0.9021","[MOS-Core] Budget ratios: min=0.0000, mean=0.2151, max=0.9021"
"47","8","MOS-Core","Clipped ratio: 0.00%","1","0.00","[MOS-Core] Clipped ratio: 0.00%"
"48","8","MOS-Core","Historical seed used: True",,,"[MOS-Core] Historical seed used: True"
"49","8","MOS-Core","Starting NSGA-II evolution...",,,"[MOS-Core] Starting NSGA-II evolution..."
"50","8","MOS-Core","Generations: 100","1","100","[MOS-Core] Generations: 100"
"51","8","MOS-Core","Population size: 10","1","10","[MOS-Core] Population size: 10"
"52","8","MOS-Core","SBX eta: 15.0, crossover_prob: 0.9","1","15.0","[MOS-Core] SBX eta: 15.0, crossover_prob: 0.9"
"52","8","MOS-Core","SBX eta: 15.0, crossover_prob: 0.9","2","0.9","[MOS-Core] SBX eta: 15.0, crossover_prob: 0.9"
"53","8","MOS-Core","Mutation scale: 0.05","1","0.05","[MOS-Core] Mutation scale: 0.05"
"54","8","MOS-Core","Gen 1/100:","1","1","[MOS-Core] Gen 1/100:"
"54","8","MOS-Core","Gen 1/100:","2","100","[MOS-Core] Gen 1/100:"
"55","8","general","Stealth: mean=0.641, best=1.000","1","0.641","Stealth: mean=0.641, best=1.000"
"55","8","general","Stealth: mean=0.641, best=1.000","2","1.000","Stealth: mean=0.641, best=1.000"
"56","8","general","Destructiveness: mean=276843022254080.000, best=833883603992576.000","1","276843022254080.000","Destructiveness: mean=276843022254080.000, best=833883603992576.000"
"56","8","general","Destructiveness: mean=276843022254080.000, best=833883603992576.000","2","833883603992576.000","Destructiveness: mean=276843022254080.000, best=833883603992576.000"
"57","8","general","CV: mean=1289216458752.0000, min=0.0000","1","1289216458752.0000","CV: mean=1289216458752.0000, min=0.0000"
"57","8","general","CV: mean=1289216458752.0000, min=0.0000","2","0.0000","CV: mean=1289216458752.0000, min=0.0000"
"58","8","general","Feasibility: count=3, ratio=30.00%","1","3","Feasibility: count=3, ratio=30.00%"
"58","8","general","Feasibility: count=3, ratio=30.00%","2","30.00","Feasibility: count=3, ratio=30.00%"
"59","8","general","Max feasible destruct: 0.000","1","0.000","Max feasible destruct: 0.000"
"60","8","general","Pareto front size: 10","1","10","Pareto front size: 10"
"61","8","general","Budget ratio: mean=0.310, max=0.905","1","0.310","Budget ratio: mean=0.310, max=0.905"
"61","8","general","Budget ratio: mean=0.310, max=0.905","2","0.905","Budget ratio: mean=0.310, max=0.905"
"62","8","general","Radial: mean_ratio=0.310, max_ratio=0.905, mean_score=0.812","1","0.310","Radial: mean_ratio=0.310, max_ratio=0.905, mean_score=0.812"
"62","8","general","Radial: mean_ratio=0.310, max_ratio=0.905, mean_score=0.812","2","0.905","Radial: mean_ratio=0.310, max_ratio=0.905, mean_score=0.812"
"62","8","general","Radial: mean_ratio=0.310, max_ratio=0.905, mean_score=0.812","3","0.812","Radial: mean_ratio=0.310, max_ratio=0.905, mean_score=0.812"
"63","8","general","Sign: mean_ratio=2578432917504.000, max_ratio=7622962970624.000, mean_score=0.300","1","2578432917504.000","Sign: mean_ratio=2578432917504.000, max_ratio=7622962970624.000, mean_score=0.300"
"63","8","general","Sign: mean_ratio=2578432917504.000, max_ratio=7622962970624.000, mean_score=0.300","2","7622962970624.000","Sign: mean_ratio=2578432917504.000, max_ratio=7622962970624.000, mean_score=0.300"
"63","8","general","Sign: mean_ratio=2578432917504.000, max_ratio=7622962970624.000, mean_score=0.300","3","0.300","Sign: mean_ratio=2578432917504.000, max_ratio=7622962970624.000, mean_score=0.300"
"64","8","MOS-Core","Gen 10/100:","1","10","[MOS-Core] Gen 10/100:"
"64","8","MOS-Core","Gen 10/100:","2","100","[MOS-Core] Gen 10/100:"
"65","8","general","Stealth: mean=0.593, best=1.000","1","0.593","Stealth: mean=0.593, best=1.000"
"65","8","general","Stealth: mean=0.593, best=1.000","2","1.000","Stealth: mean=0.593, best=1.000"
"66","8","general","Destructiveness: mean=299592692269056.000, best=855695394078720.000","1","299592692269056.000","Destructiveness: mean=299592692269056.000, best=855695394078720.000"
"66","8","general","Destructiveness: mean=299592692269056.000, best=855695394078720.000","2","855695394078720.000","Destructiveness: mean=299592692269056.000, best=855695394078720.000"
"67","8","general","CV: mean=1392819699712.0000, min=0.0000","1","1392819699712.0000","CV: mean=1392819699712.0000, min=0.0000"
"67","8","general","CV: mean=1392819699712.0000, min=0.0000","2","0.0000","CV: mean=1392819699712.0000, min=0.0000"
"68","8","general","Feasibility: count=2, ratio=20.00%","1","2","Feasibility: count=2, ratio=20.00%"
"68","8","general","Feasibility: count=2, ratio=20.00%","2","20.00","Feasibility: count=2, ratio=20.00%"
"69","8","general","Max feasible destruct: 0.244","1","0.244","Max feasible destruct: 0.244"
"70","8","general","Pareto front size: 10","1","10","Pareto front size: 10"
"71","8","general","Budget ratio: mean=0.340, max=0.943","1","0.340","Budget ratio: mean=0.340, max=0.943"
"71","8","general","Budget ratio: mean=0.340, max=0.943","2","0.943","Budget ratio: mean=0.340, max=0.943"
"72","8","general","Radial: mean_ratio=0.340, max_ratio=0.943, mean_score=0.789","1","0.340","Radial: mean_ratio=0.340, max_ratio=0.943, mean_score=0.789"
"72","8","general","Radial: mean_ratio=0.340, max_ratio=0.943, mean_score=0.789","2","0.943","Radial: mean_ratio=0.340, max_ratio=0.943, mean_score=0.789"
"72","8","general","Radial: mean_ratio=0.340, max_ratio=0.943, mean_score=0.789","3","0.789","Radial: mean_ratio=0.340, max_ratio=0.943, mean_score=0.789"
"73","8","general","Sign: mean_ratio=2785639399424.000, max_ratio=7762693062656.000, mean_score=0.199","1","2785639399424.000","Sign: mean_ratio=2785639399424.000, max_ratio=7762693062656.000, mean_score=0.199"
"73","8","general","Sign: mean_ratio=2785639399424.000, max_ratio=7762693062656.000, mean_score=0.199","2","7762693062656.000","Sign: mean_ratio=2785639399424.000, max_ratio=7762693062656.000, mean_score=0.199"
"73","8","general","Sign: mean_ratio=2785639399424.000, max_ratio=7762693062656.000, mean_score=0.199","3","0.199","Sign: mean_ratio=2785639399424.000, max_ratio=7762693062656.000, mean_score=0.199"
"74","8","MOS-Core","Gen 20/100:","1","20","[MOS-Core] Gen 20/100:"
"74","8","MOS-Core","Gen 20/100:","2","100","[MOS-Core] Gen 20/100:"
"75","8","general","Stealth: mean=0.589, best=1.000","1","0.589","Stealth: mean=0.589, best=1.000"
"75","8","general","Stealth: mean=0.589, best=1.000","2","1.000","Stealth: mean=0.589, best=1.000"
"76","8","general","Destructiveness: mean=302997460484096.000, best=883209826992128.000","1","302997460484096.000","Destructiveness: mean=302997460484096.000, best=883209826992128.000"
"76","8","general","Destructiveness: mean=302997460484096.000, best=883209826992128.000","2","883209826992128.000","Destructiveness: mean=302997460484096.000, best=883209826992128.000"
"77","8","general","CV: mean=1403527888896.0000, min=0.0000","1","1403527888896.0000","CV: mean=1403527888896.0000, min=0.0000"
"77","8","general","CV: mean=1403527888896.0000, min=0.0000","2","0.0000","CV: mean=1403527888896.0000, min=0.0000"
"78","8","general","Feasibility: count=2, ratio=20.00%","1","2","Feasibility: count=2, ratio=20.00%"
"78","8","general","Feasibility: count=2, ratio=20.00%","2","20.00","Feasibility: count=2, ratio=20.00%"
"79","8","general","Max feasible destruct: 0.305","1","0.305","Max feasible destruct: 0.305"
"80","8","general","Pareto front size: 10","1","10","Pareto front size: 10"
"81","8","general","Budget ratio: mean=0.349, max=0.981","1","0.349","Budget ratio: mean=0.349, max=0.981"
"81","8","general","Budget ratio: mean=0.349, max=0.981","2","0.981","Budget ratio: mean=0.349, max=0.981"
"82","8","general","Radial: mean_ratio=0.349, max_ratio=0.981, mean_score=0.784","1","0.349","Radial: mean_ratio=0.349, max_ratio=0.981, mean_score=0.784"
"82","8","general","Radial: mean_ratio=0.349, max_ratio=0.981, mean_score=0.784","2","0.981","Radial: mean_ratio=0.349, max_ratio=0.981, mean_score=0.784"
"82","8","general","Radial: mean_ratio=0.349, max_ratio=0.981, mean_score=0.784","3","0.784","Radial: mean_ratio=0.349, max_ratio=0.981, mean_score=0.784"
"83","8","general","Sign: mean_ratio=2807055777792.000, max_ratio=7896626102272.000, mean_score=0.199","1","2807055777792.000","Sign: mean_ratio=2807055777792.000, max_ratio=7896626102272.000, mean_score=0.199"
"83","8","general","Sign: mean_ratio=2807055777792.000, max_ratio=7896626102272.000, mean_score=0.199","2","7896626102272.000","Sign: mean_ratio=2807055777792.000, max_ratio=7896626102272.000, mean_score=0.199"
"83","8","general","Sign: mean_ratio=2807055777792.000, max_ratio=7896626102272.000, mean_score=0.199","3","0.199","Sign: mean_ratio=2807055777792.000, max_ratio=7896626102272.000, mean_score=0.199"
"84","8","MOS-Core","Gen 30/100:","1","30","[MOS-Core] Gen 30/100:"
"84","8","MOS-Core","Gen 30/100:","2","100","[MOS-Core] Gen 30/100:"
"85","8","general","Stealth: mean=0.586, best=1.000","1","0.586","Stealth: mean=0.586, best=1.000"
"85","8","general","Stealth: mean=0.586, best=1.000","2","1.000","Stealth: mean=0.586, best=1.000"
"86","8","general","Destructiveness: mean=304744270659584.000, best=896764139798528.000","1","304744270659584.000","Destructiveness: mean=304744270659584.000, best=896764139798528.000"
"86","8","general","Destructiveness: mean=304744270659584.000, best=896764139798528.000","2","896764139798528.000","Destructiveness: mean=304744270659584.000, best=896764139798528.000"
"87","8","general","CV: mean=1406400331776.0000, min=0.0000","1","1406400331776.0000","CV: mean=1406400331776.0000, min=0.0000"
"87","8","general","CV: mean=1406400331776.0000, min=0.0000","2","0.0000","CV: mean=1406400331776.0000, min=0.0000"
"88","8","general","Feasibility: count=2, ratio=20.00%","1","2","Feasibility: count=2, ratio=20.00%"
"88","8","general","Feasibility: count=2, ratio=20.00%","2","20.00","Feasibility: count=2, ratio=20.00%"
"89","8","general","Max feasible destruct: 0.416","1","0.416","Max feasible destruct: 0.416"
"90","8","general","Pareto front size: 10","1","10","Pareto front size: 10"
"91","8","general","Budget ratio: mean=0.357, max=1.000","1","0.357","Budget ratio: mean=0.357, max=1.000"
"91","8","general","Budget ratio: mean=0.357, max=1.000","2","1.000","Budget ratio: mean=0.357, max=1.000"
"92","8","general","Radial: mean_ratio=0.357, max_ratio=1.000, mean_score=0.779","1","0.357","Radial: mean_ratio=0.357, max_ratio=1.000, mean_score=0.779"
"92","8","general","Radial: mean_ratio=0.357, max_ratio=1.000, mean_score=0.779","2","1.000","Radial: mean_ratio=0.357, max_ratio=1.000, mean_score=0.779"
"92","8","general","Radial: mean_ratio=0.357, max_ratio=1.000, mean_score=0.779","3","0.779","Radial: mean_ratio=0.357, max_ratio=1.000, mean_score=0.779"
"93","8","general","Sign: mean_ratio=2812800663552.000, max_ratio=7875383525376.000, mean_score=0.198","1","2812800663552.000","Sign: mean_ratio=2812800663552.000, max_ratio=7875383525376.000, mean_score=0.198"
"93","8","general","Sign: mean_ratio=2812800663552.000, max_ratio=7875383525376.000, mean_score=0.198","2","7875383525376.000","Sign: mean_ratio=2812800663552.000, max_ratio=7875383525376.000, mean_score=0.198"
"93","8","general","Sign: mean_ratio=2812800663552.000, max_ratio=7875383525376.000, mean_score=0.198","3","0.198","Sign: mean_ratio=2812800663552.000, max_ratio=7875383525376.000, mean_score=0.198"
"94","8","MOS-Core","Gen 40/100:","1","40","[MOS-Core] Gen 40/100:"
"94","8","MOS-Core","Gen 40/100:","2","100","[MOS-Core] Gen 40/100:"
"95","8","general","Stealth: mean=0.585, best=1.000","1","0.585","Stealth: mean=0.585, best=1.000"
"95","8","general","Stealth: mean=0.585, best=1.000","2","1.000","Stealth: mean=0.585, best=1.000"
"96","8","general","Destructiveness: mean=305972396425216.000, best=896764139798528.000","1","305972396425216.000","Destructiveness: mean=305972396425216.000, best=896764139798528.000"
"96","8","general","Destructiveness: mean=305972396425216.000, best=896764139798528.000","2","896764139798528.000","Destructiveness: mean=305972396425216.000, best=896764139798528.000"
"97","8","general","CV: mean=1424355491840.0000, min=0.0000","1","1424355491840.0000","CV: mean=1424355491840.0000, min=0.0000"
"97","8","general","CV: mean=1424355491840.0000, min=0.0000","2","0.0000","CV: mean=1424355491840.0000, min=0.0000"
"98","8","general","Feasibility: count=2, ratio=20.00%","1","2","Feasibility: count=2, ratio=20.00%"
"98","8","general","Feasibility: count=2, ratio=20.00%","2","20.00","Feasibility: count=2, ratio=20.00%"
"99","8","general","Max feasible destruct: 0.460","1","0.460","Max feasible destruct: 0.460"
"100","8","general","Pareto front size: 10","1","10","Pareto front size: 10"
"101","8","general","Budget ratio: mean=0.359, max=1.000","1","0.359","Budget ratio: mean=0.359, max=1.000"
"101","8","general","Budget ratio: mean=0.359, max=1.000","2","1.000","Budget ratio: mean=0.359, max=1.000"
"102","8","general","Radial: mean_ratio=0.359, max_ratio=1.000, mean_score=0.778","1","0.359","Radial: mean_ratio=0.359, max_ratio=1.000, mean_score=0.778"
"102","8","general","Radial: mean_ratio=0.359, max_ratio=1.000, mean_score=0.778","2","1.000","Radial: mean_ratio=0.359, max_ratio=1.000, mean_score=0.778"
"102","8","general","Radial: mean_ratio=0.359, max_ratio=1.000, mean_score=0.778","3","0.778","Radial: mean_ratio=0.359, max_ratio=1.000, mean_score=0.778"
"103","8","general","Sign: mean_ratio=2848710983680.000, max_ratio=7875383525376.000, mean_score=0.198","1","2848710983680.000","Sign: mean_ratio=2848710983680.000, max_ratio=7875383525376.000, mean_score=0.198"
"103","8","general","Sign: mean_ratio=2848710983680.000, max_ratio=7875383525376.000, mean_score=0.198","2","7875383525376.000","Sign: mean_ratio=2848710983680.000, max_ratio=7875383525376.000, mean_score=0.198"
"103","8","general","Sign: mean_ratio=2848710983680.000, max_ratio=7875383525376.000, mean_score=0.198","3","0.198","Sign: mean_ratio=2848710983680.000, max_ratio=7875383525376.000, mean_score=0.198"
"104","8","MOS-Core","Gen 50/100:","1","50","[MOS-Core] Gen 50/100:"
"104","8","MOS-Core","Gen 50/100:","2","100","[MOS-Core] Gen 50/100:"
"105","8","general","Stealth: mean=0.581, best=1.000","1","0.581","Stealth: mean=0.581, best=1.000"
"105","8","general","Stealth: mean=0.581, best=1.000","2","1.000","Stealth: mean=0.581, best=1.000"
"106","8","general","Destructiveness: mean=307304977137664.000, best=897189811322880.000","1","307304977137664.000","Destructiveness: mean=307304977137664.000, best=897189811322880.000"
"106","8","general","Destructiveness: mean=307304977137664.000, best=897189811322880.000","2","897189811322880.000","Destructiveness: mean=307304977137664.000, best=897189811322880.000"
"107","8","general","CV: mean=1426424332288.0000, min=0.0000","1","1426424332288.0000","CV: mean=1426424332288.0000, min=0.0000"
"107","8","general","CV: mean=1426424332288.0000, min=0.0000","2","0.0000","CV: mean=1426424332288.0000, min=0.0000"
"108","8","general","Feasibility: count=2, ratio=20.00%","1","2","Feasibility: count=2, ratio=20.00%"
"108","8","general","Feasibility: count=2, ratio=20.00%","2","20.00","Feasibility: count=2, ratio=20.00%"
"109","8","general","Max feasible destruct: 0.792","1","0.792","Max feasible destruct: 0.792"
"110","8","general","Pareto front size: 10","1","10","Pareto front size: 10"
"111","8","general","Budget ratio: mean=0.368, max=1.000","1","0.368","Budget ratio: mean=0.368, max=1.000"
"111","8","general","Budget ratio: mean=0.368, max=1.000","2","1.000","Budget ratio: mean=0.368, max=1.000"
"112","8","general","Radial: mean_ratio=0.368, max_ratio=1.000, mean_score=0.773","1","0.368","Radial: mean_ratio=0.368, max_ratio=1.000, mean_score=0.773"
"112","8","general","Radial: mean_ratio=0.368, max_ratio=1.000, mean_score=0.773","2","1.000","Radial: mean_ratio=0.368, max_ratio=1.000, mean_score=0.773"
"112","8","general","Radial: mean_ratio=0.368, max_ratio=1.000, mean_score=0.773","3","0.773","Radial: mean_ratio=0.368, max_ratio=1.000, mean_score=0.773"
"113","8","general","Sign: mean_ratio=2852848664576.000, max_ratio=7813299961856.000, mean_score=0.196","1","2852848664576.000","Sign: mean_ratio=2852848664576.000, max_ratio=7813299961856.000, mean_score=0.196"
"113","8","general","Sign: mean_ratio=2852848664576.000, max_ratio=7813299961856.000, mean_score=0.196","2","7813299961856.000","Sign: mean_ratio=2852848664576.000, max_ratio=7813299961856.000, mean_score=0.196"
"113","8","general","Sign: mean_ratio=2852848664576.000, max_ratio=7813299961856.000, mean_score=0.196","3","0.196","Sign: mean_ratio=2852848664576.000, max_ratio=7813299961856.000, mean_score=0.196"
"114","8","MOS-Core","Gen 60/100:","1","60","[MOS-Core] Gen 60/100:"
"114","8","MOS-Core","Gen 60/100:","2","100","[MOS-Core] Gen 60/100:"
"115","8","general","Stealth: mean=0.577, best=1.000","1","0.577","Stealth: mean=0.577, best=1.000"
"115","8","general","Stealth: mean=0.577, best=1.000","2","1.000","Stealth: mean=0.577, best=1.000"
"116","8","general","Destructiveness: mean=308949714731008.000, best=897664606535680.000","1","308949714731008.000","Destructiveness: mean=308949714731008.000, best=897664606535680.000"
"116","8","general","Destructiveness: mean=308949714731008.000, best=897664606535680.000","2","897664606535680.000","Destructiveness: mean=308949714731008.000, best=897664606535680.000"
"117","8","general","CV: mean=1431849664512.0000, min=0.0000","1","1431849664512.0000","CV: mean=1431849664512.0000, min=0.0000"
"117","8","general","CV: mean=1431849664512.0000, min=0.0000","2","0.0000","CV: mean=1431849664512.0000, min=0.0000"
"118","8","general","Feasibility: count=2, ratio=20.00%","1","2","Feasibility: count=2, ratio=20.00%"
"118","8","general","Feasibility: count=2, ratio=20.00%","2","20.00","Feasibility: count=2, ratio=20.00%"
"119","8","general","Max feasible destruct: 0.926","1","0.926","Max feasible destruct: 0.926"
"120","8","general","Pareto front size: 10","1","10","Pareto front size: 10"
"121","8","general","Budget ratio: mean=0.376, max=1.000","1","0.376","Budget ratio: mean=0.376, max=1.000"
"121","8","general","Budget ratio: mean=0.376, max=1.000","2","1.000","Budget ratio: mean=0.376, max=1.000"
"122","8","general","Radial: mean_ratio=0.376, max_ratio=1.000, mean_score=0.768","1","0.376","Radial: mean_ratio=0.376, max_ratio=1.000, mean_score=0.768"
"122","8","general","Radial: mean_ratio=0.376, max_ratio=1.000, mean_score=0.768","2","1.000","Radial: mean_ratio=0.376, max_ratio=1.000, mean_score=0.768"
"122","8","general","Radial: mean_ratio=0.376, max_ratio=1.000, mean_score=0.768","3","0.768","Radial: mean_ratio=0.376, max_ratio=1.000, mean_score=0.768"
"123","8","general","Sign: mean_ratio=2863699329024.000, max_ratio=7832585895936.000, mean_score=0.196","1","2863699329024.000","Sign: mean_ratio=2863699329024.000, max_ratio=7832585895936.000, mean_score=0.196"
"123","8","general","Sign: mean_ratio=2863699329024.000, max_ratio=7832585895936.000, mean_score=0.196","2","7832585895936.000","Sign: mean_ratio=2863699329024.000, max_ratio=7832585895936.000, mean_score=0.196"
"123","8","general","Sign: mean_ratio=2863699329024.000, max_ratio=7832585895936.000, mean_score=0.196","3","0.196","Sign: mean_ratio=2863699329024.000, max_ratio=7832585895936.000, mean_score=0.196"
"124","8","MOS-Core","Gen 70/100:","1","70","[MOS-Core] Gen 70/100:"
"124","8","MOS-Core","Gen 70/100:","2","100","[MOS-Core] Gen 70/100:"
"125","8","general","Stealth: mean=0.584, best=1.000","1","0.584","Stealth: mean=0.584, best=1.000"
"125","8","general","Stealth: mean=0.584, best=1.000","2","1.000","Stealth: mean=0.584, best=1.000"
"126","8","general","Destructiveness: mean=307057211211776.000, best=898813644505088.000","1","307057211211776.000","Destructiveness: mean=307057211211776.000, best=898813644505088.000"
"126","8","general","Destructiveness: mean=307057211211776.000, best=898813644505088.000","2","898813644505088.000","Destructiveness: mean=307057211211776.000, best=898813644505088.000"
"127","8","general","CV: mean=1406697996288.0000, min=0.0000","1","1406697996288.0000","CV: mean=1406697996288.0000, min=0.0000"
"127","8","general","CV: mean=1406697996288.0000, min=0.0000","2","0.0000","CV: mean=1406697996288.0000, min=0.0000"
"128","8","general","Feasibility: count=2, ratio=20.00%","1","2","Feasibility: count=2, ratio=20.00%"
"128","8","general","Feasibility: count=2, ratio=20.00%","2","20.00","Feasibility: count=2, ratio=20.00%"
"129","8","general","Max feasible destruct: 0.962","1","0.962","Max feasible destruct: 0.962"
"130","8","general","Pareto front size: 10","1","10","Pareto front size: 10"
"131","8","general","Budget ratio: mean=0.364, max=1.000","1","0.364","Budget ratio: mean=0.364, max=1.000"
"131","8","general","Budget ratio: mean=0.364, max=1.000","2","1.000","Budget ratio: mean=0.364, max=1.000"
"132","8","general","Radial: mean_ratio=0.364, max_ratio=1.000, mean_score=0.778","1","0.364","Radial: mean_ratio=0.364, max_ratio=1.000, mean_score=0.778"
"132","8","general","Radial: mean_ratio=0.364, max_ratio=1.000, mean_score=0.778","2","1.000","Radial: mean_ratio=0.364, max_ratio=1.000, mean_score=0.778"
"132","8","general","Radial: mean_ratio=0.364, max_ratio=1.000, mean_score=0.778","3","0.778","Radial: mean_ratio=0.364, max_ratio=1.000, mean_score=0.778"
"133","8","general","Sign: mean_ratio=2813395992576.000, max_ratio=7799704125440.000, mean_score=0.195","1","2813395992576.000","Sign: mean_ratio=2813395992576.000, max_ratio=7799704125440.000, mean_score=0.195"
"133","8","general","Sign: mean_ratio=2813395992576.000, max_ratio=7799704125440.000, mean_score=0.195","2","7799704125440.000","Sign: mean_ratio=2813395992576.000, max_ratio=7799704125440.000, mean_score=0.195"
"133","8","general","Sign: mean_ratio=2813395992576.000, max_ratio=7799704125440.000, mean_score=0.195","3","0.195","Sign: mean_ratio=2813395992576.000, max_ratio=7799704125440.000, mean_score=0.195"
"134","8","MOS-Core","Gen 80/100:","1","80","[MOS-Core] Gen 80/100:"
"134","8","MOS-Core","Gen 80/100:","2","100","[MOS-Core] Gen 80/100:"
"135","8","general","Stealth: mean=0.578, best=1.000","1","0.578","Stealth: mean=0.578, best=1.000"
"135","8","general","Stealth: mean=0.578, best=1.000","2","1.000","Stealth: mean=0.578, best=1.000"
"136","8","general","Destructiveness: mean=307882146922496.000, best=898880619151360.000","1","307882146922496.000","Destructiveness: mean=307882146922496.000, best=898880619151360.000"
"136","8","general","Destructiveness: mean=307882146922496.000, best=898880619151360.000","2","898880619151360.000","Destructiveness: mean=307882146922496.000, best=898880619151360.000"
"137","8","general","CV: mean=1424370958336.0000, min=0.0000","1","1424370958336.0000","CV: mean=1424370958336.0000, min=0.0000"
"137","8","general","CV: mean=1424370958336.0000, min=0.0000","2","0.0000","CV: mean=1424370958336.0000, min=0.0000"
"138","8","general","Feasibility: count=2, ratio=20.00%","1","2","Feasibility: count=2, ratio=20.00%"
"138","8","general","Feasibility: count=2, ratio=20.00%","2","20.00","Feasibility: count=2, ratio=20.00%"
"139","8","general","Max feasible destruct: 0.987","1","0.987","Max feasible destruct: 0.987"
"140","8","general","Pareto front size: 10","1","10","Pareto front size: 10"
"141","8","general","Budget ratio: mean=0.374, max=1.000","1","0.374","Budget ratio: mean=0.374, max=1.000"
"141","8","general","Budget ratio: mean=0.374, max=1.000","2","1.000","Budget ratio: mean=0.374, max=1.000"
"142","8","general","Radial: mean_ratio=0.374, max_ratio=1.000, mean_score=0.770","1","0.374","Radial: mean_ratio=0.374, max_ratio=1.000, mean_score=0.770"
"142","8","general","Radial: mean_ratio=0.374, max_ratio=1.000, mean_score=0.770","2","1.000","Radial: mean_ratio=0.374, max_ratio=1.000, mean_score=0.770"
"142","8","general","Radial: mean_ratio=0.374, max_ratio=1.000, mean_score=0.770","3","0.770","Radial: mean_ratio=0.374, max_ratio=1.000, mean_score=0.770"
"143","8","general","Sign: mean_ratio=2848741916672.000, max_ratio=7796417888256.000, mean_score=0.195","1","2848741916672.000","Sign: mean_ratio=2848741916672.000, max_ratio=7796417888256.000, mean_score=0.195"
"143","8","general","Sign: mean_ratio=2848741916672.000, max_ratio=7796417888256.000, mean_score=0.195","2","7796417888256.000","Sign: mean_ratio=2848741916672.000, max_ratio=7796417888256.000, mean_score=0.195"
"143","8","general","Sign: mean_ratio=2848741916672.000, max_ratio=7796417888256.000, mean_score=0.195","3","0.195","Sign: mean_ratio=2848741916672.000, max_ratio=7796417888256.000, mean_score=0.195"
"144","8","MOS-Core","Gen 90/100:","1","90","[MOS-Core] Gen 90/100:"
"144","8","MOS-Core","Gen 90/100:","2","100","[MOS-Core] Gen 90/100:"
"145","8","general","Stealth: mean=0.569, best=1.000","1","0.569","Stealth: mean=0.569, best=1.000"
"145","8","general","Stealth: mean=0.569, best=1.000","2","1.000","Stealth: mean=0.569, best=1.000"
"146","8","general","Destructiveness: mean=325054197923840.000, best=899363668754432.000","1","325054197923840.000","Destructiveness: mean=325054197923840.000, best=899363668754432.000"
"146","8","general","Destructiveness: mean=325054197923840.000, best=899363668754432.000","2","899363668754432.000","Destructiveness: mean=325054197923840.000, best=899363668754432.000"
"147","8","general","CV: mean=1495429677056.0000, min=0.0000","1","1495429677056.0000","CV: mean=1495429677056.0000, min=0.0000"
"147","8","general","CV: mean=1495429677056.0000, min=0.0000","2","0.0000","CV: mean=1495429677056.0000, min=0.0000"
"148","8","general","Feasibility: count=2, ratio=20.00%","1","2","Feasibility: count=2, ratio=20.00%"
"148","8","general","Feasibility: count=2, ratio=20.00%","2","20.00","Feasibility: count=2, ratio=20.00%"
"149","8","general","Max feasible destruct: 1.022","1","1.022","Max feasible destruct: 1.022"
"150","8","general","Pareto front size: 10","1","10","Pareto front size: 10"
"151","8","general","Budget ratio: mean=0.403, max=1.000","1","0.403","Budget ratio: mean=0.403, max=1.000"
"151","8","general","Budget ratio: mean=0.403, max=1.000","2","1.000","Budget ratio: mean=0.403, max=1.000"
"152","8","general","Radial: mean_ratio=0.403, max_ratio=1.000, mean_score=0.757","1","0.403","Radial: mean_ratio=0.403, max_ratio=1.000, mean_score=0.757"
"152","8","general","Radial: mean_ratio=0.403, max_ratio=1.000, mean_score=0.757","2","1.000","Radial: mean_ratio=0.403, max_ratio=1.000, mean_score=0.757"
"152","8","general","Radial: mean_ratio=0.403, max_ratio=1.000, mean_score=0.757","3","0.757","Radial: mean_ratio=0.403, max_ratio=1.000, mean_score=0.757"
"153","8","general","Sign: mean_ratio=2990859354112.000, max_ratio=7803989655552.000, mean_score=0.194","1","2990859354112.000","Sign: mean_ratio=2990859354112.000, max_ratio=7803989655552.000, mean_score=0.194"
"153","8","general","Sign: mean_ratio=2990859354112.000, max_ratio=7803989655552.000, mean_score=0.194","2","7803989655552.000","Sign: mean_ratio=2990859354112.000, max_ratio=7803989655552.000, mean_score=0.194"
"153","8","general","Sign: mean_ratio=2990859354112.000, max_ratio=7803989655552.000, mean_score=0.194","3","0.194","Sign: mean_ratio=2990859354112.000, max_ratio=7803989655552.000, mean_score=0.194"
"154","8","MOS-Core","Gen 100/100:","1","100","[MOS-Core] Gen 100/100:"
"154","8","MOS-Core","Gen 100/100:","2","100","[MOS-Core] Gen 100/100:"
"155","8","general","Stealth: mean=0.567, best=1.000","1","0.567","Stealth: mean=0.567, best=1.000"
"155","8","general","Stealth: mean=0.567, best=1.000","2","1.000","Stealth: mean=0.567, best=1.000"
"156","8","general","Destructiveness: mean=324965614223360.000, best=899693173276672.000","1","324965614223360.000","Destructiveness: mean=324965614223360.000, best=899693173276672.000"
"156","8","general","Destructiveness: mean=324965614223360.000, best=899693173276672.000","2","899693173276672.000","Destructiveness: mean=324965614223360.000, best=899693173276672.000"
"157","8","general","CV: mean=1496087920640.0000, min=0.0000","1","1496087920640.0000","CV: mean=1496087920640.0000, min=0.0000"
"157","8","general","CV: mean=1496087920640.0000, min=0.0000","2","0.0000","CV: mean=1496087920640.0000, min=0.0000"
"158","8","general","Feasibility: count=2, ratio=20.00%","1","2","Feasibility: count=2, ratio=20.00%"
"158","8","general","Feasibility: count=2, ratio=20.00%","2","20.00","Feasibility: count=2, ratio=20.00%"
"159","8","general","Max feasible destruct: 1.307","1","1.307","Max feasible destruct: 1.307"
"160","8","general","Pareto front size: 10","1","10","Pareto front size: 10"
"161","8","general","Budget ratio: mean=0.407, max=1.000","1","0.407","Budget ratio: mean=0.407, max=1.000"
"161","8","general","Budget ratio: mean=0.407, max=1.000","2","1.000","Budget ratio: mean=0.407, max=1.000"
"162","8","general","Radial: mean_ratio=0.407, max_ratio=1.000, mean_score=0.753","1","0.407","Radial: mean_ratio=0.407, max_ratio=1.000, mean_score=0.753"
"162","8","general","Radial: mean_ratio=0.407, max_ratio=1.000, mean_score=0.753","2","1.000","Radial: mean_ratio=0.407, max_ratio=1.000, mean_score=0.753"
"162","8","general","Radial: mean_ratio=0.407, max_ratio=1.000, mean_score=0.753","3","0.753","Radial: mean_ratio=0.407, max_ratio=1.000, mean_score=0.753"
"163","8","general","Sign: mean_ratio=2992175841280.000, max_ratio=7768515280896.000, mean_score=0.194","1","2992175841280.000","Sign: mean_ratio=2992175841280.000, max_ratio=7768515280896.000, mean_score=0.194"
"163","8","general","Sign: mean_ratio=2992175841280.000, max_ratio=7768515280896.000, mean_score=0.194","2","7768515280896.000","Sign: mean_ratio=2992175841280.000, max_ratio=7768515280896.000, mean_score=0.194"
"163","8","general","Sign: mean_ratio=2992175841280.000, max_ratio=7768515280896.000, mean_score=0.194","3","0.194","Sign: mean_ratio=2992175841280.000, max_ratio=7768515280896.000, mean_score=0.194"
"164","8","MOS-Core","Selecting final solution...",,,"[MOS-Core] Selecting final solution..."
"165","8","MOS-Core","Selection parameters:",,,"[MOS-Core] Selection parameters:"
"166","8","general","Lambda_s (stealth weight): 0.50","1","0.50","Lambda_s (stealth weight): 0.50"
"167","8","general","Lambda_a (attack weight): 0.50","1","0.50","Lambda_a (attack weight): 0.50"
"168","8","general","Attack floor ratio: 89969317327667.2031","1","89969317327667.2031","Attack floor ratio: 89969317327667.2031"
"169","8","MOS-Core","Pareto front summary:",,,"[MOS-Core] Pareto front summary:"
"170","8","general","Front size: 10","1","10","Front size: 10"
"171","8","general","Stealth range: [0.333, 1.000]","1","0.333","Stealth range: [0.333, 1.000]"
"171","8","general","Stealth range: [0.333, 1.000]","2","1.000","Stealth range: [0.333, 1.000]"
"172","8","general","Destructiveness range: [0.000, 899693173276672.000]","1","0.000","Destructiveness range: [0.000, 899693173276672.000]"
"172","8","general","Destructiveness range: [0.000, 899693173276672.000]","2","899693173276672.000","Destructiveness range: [0.000, 899693173276672.000]"
"173","8","general","Candidates after attack floor: 6","1","6","Candidates after attack floor: 6"
"174","8","MOS-Core","Selected solution (index=6):","1","6","[MOS-Core] Selected solution (index=6):"
"175","8","MOS-Core","Constraint pass score (R): 0.356","1","0.356","[MOS-Core]   Constraint pass score (R): 0.356"
"176","8","MOS-Core","Destructiveness (A): 793492657799168.000","1","793492657799168.000","[MOS-Core]   Destructiveness (A): 793492657799168.000"
"177","8","MOS-Core","Total CV: 3884257640448.0000","1","3884257640448.0000","[MOS-Core]   Total CV: 3884257640448.0000"
"178","8","MOS-Core","Deviation norm: 808928434716672.0000","1","808928434716672.0000","[MOS-Core]   Deviation norm: 808928434716672.0000"
"179","8","MOS-Core","Budget usage: 87.45%","1","87.45","[MOS-Core]   Budget usage: 87.45%"
"180","8","MOS-Core","selection_mode=balanced_knee",,,"[MOS-Core] selection_mode=balanced_knee"
"181","8","MOS-Core","selected_budget_ratio=0.874491","1","0.874491","[MOS-Core] selected_budget_ratio=0.874491"
"182","8","MOS-Core","selected_stealth=0.355652","1","0.355652","[MOS-Core] selected_stealth=0.355652"
"183","8","MOS-Core","selected_destructiveness=793492657799168.000000","1","793492657799168.000000","[MOS-Core] selected_destructiveness=793492657799168.000000"
"184","8","MOS-Core","selected_R=0.355652","1","0.355652","[MOS-Core] selected_R=0.355652"
"185","8","MOS-Core","selected_A=793492657799168.000000","1","793492657799168.000000","[MOS-Core] selected_A=793492657799168.000000"
"186","8","MOS-Core","selected_cv=3884257640448.000000","1","3884257640448.000000","[MOS-Core] selected_cv=3884257640448.000000"
"187","8","MOS-Core","selected_feasible=False",,,"[MOS-Core] selected_feasible=False"
"188","8","MOS-Core","selected_guidance_alignment=0.980923","1","0.980923","[MOS-Core] selected_guidance_alignment=0.980923"
"189","8","MOS-Core","Per-constraint details:",,,"[MOS-Core] Per-constraint details:"
"190","8","MOS-Core","Radial: score=0.533, ratio=0.874, loss=808928439480700.0000, threshold=925027708960768.0000","1","0.533","[MOS-Core]   Radial: score=0.533, ratio=0.874, loss=808928439480700.0000, threshold=925027708960768.0000"
"190","8","MOS-Core","Radial: score=0.533, ratio=0.874, loss=808928439480700.0000, threshold=925027708960768.0000","2","0.874","[MOS-Core]   Radial: score=0.533, ratio=0.874, loss=808928439480700.0000, threshold=925027708960768.0000"
"190","8","MOS-Core","Radial: score=0.533, ratio=0.874, loss=808928439480700.0000, threshold=925027708960768.0000","3","808928439480700.0000","[MOS-Core]   Radial: score=0.533, ratio=0.874, loss=808928439480700.0000, threshold=925027708960768.0000"
"190","8","MOS-Core","Radial: score=0.533, ratio=0.874, loss=808928439480700.0000, threshold=925027708960768.0000","4","925027708960768.0000","[MOS-Core]   Radial: score=0.533, ratio=0.874, loss=808928439480700.0000, threshold=925027708960768.0000"
"191","8","MOS-Core","Sign: score=0.000, ratio=7768515280896.000, loss=19806724212243.6445, threshold=2.5496","1","0.000","[MOS-Core]   Sign: score=0.000, ratio=7768515280896.000, loss=19806724212243.6445, threshold=2.5496"
"191","8","MOS-Core","Sign: score=0.000, ratio=7768515280896.000, loss=19806724212243.6445, threshold=2.5496","2","7768515280896.000","[MOS-Core]   Sign: score=0.000, ratio=7768515280896.000, loss=19806724212243.6445, threshold=2.5496"
"191","8","MOS-Core","Sign: score=0.000, ratio=7768515280896.000, loss=19806724212243.6445, threshold=2.5496","3","19806724212243.6445","[MOS-Core]   Sign: score=0.000, ratio=7768515280896.000, loss=19806724212243.6445, threshold=2.5496"
"191","8","MOS-Core","Sign: score=0.000, ratio=7768515280896.000, loss=19806724212243.6445, threshold=2.5496","4","2.5496","[MOS-Core]   Sign: score=0.000, ratio=7768515280896.000, loss=19806724212243.6445, threshold=2.5496"
"192","8","phase","attack",,,"attack"
"193","8","phase","defend",,,"defend"
"194","8","FiniteAudit","round=8 defense=multi_krum selected_count=3 selected_malicious_count=1 selected_updates_finite=True selected_indices=[15, 16, 4]","1","8","[FiniteAudit] round=8 defense=multi_krum selected_count=3 selected_malicious_count=1 selected_updates_finite=True selected_indices=[15, 16, 4]"
"194","8","FiniteAudit","round=8 defense=multi_krum selected_count=3 selected_malicious_count=1 selected_updates_finite=True selected_indices=[15, 16, 4]","2","3","[FiniteAudit] round=8 defense=multi_krum selected_count=3 selected_malicious_count=1 selected_updates_finite=True selected_indices=[15, 16, 4]"
"194","8","FiniteAudit","round=8 defense=multi_krum selected_count=3 selected_malicious_count=1 selected_updates_finite=True selected_indices=[15, 16, 4]","3","1","[FiniteAudit] round=8 defense=multi_krum selected_count=3 selected_malicious_count=1 selected_updates_finite=True selected_indices=[15, 16, 4]"
"194","8","FiniteAudit","round=8 defense=multi_krum selected_count=3 selected_malicious_count=1 selected_updates_finite=True selected_indices=[15, 16, 4]","4","15","[FiniteAudit] round=8 defense=multi_krum selected_count=3 selected_malicious_count=1 selected_updates_finite=True selected_indices=[15, 16, 4]"
"194","8","FiniteAudit","round=8 defense=multi_krum selected_count=3 selected_malicious_count=1 selected_updates_finite=True selected_indices=[15, 16, 4]","5","16","[FiniteAudit] round=8 defense=multi_krum selected_count=3 selected_malicious_count=1 selected_updates_finite=True selected_indices=[15, 16, 4]"
"194","8","FiniteAudit","round=8 defense=multi_krum selected_count=3 selected_malicious_count=1 selected_updates_finite=True selected_indices=[15, 16, 4]","6","4","[FiniteAudit] round=8 defense=multi_krum selected_count=3 selected_malicious_count=1 selected_updates_finite=True selected_indices=[15, 16, 4]"
"195","8","FiniteAudit","round=8 global_pre_finite=True benign_updates_finite=True malicious_updates_finite=True attack_budget_output_finite=True aggregate_input_finite=True aggregate_output_finite=True global_post_finite=True first_bad_stage=none rejected=False rollback=False","1","8","[FiniteAudit] round=8 global_pre_finite=True benign_updates_finite=True malicious_updates_finite=True attack_budget_output_finite=True aggregate_input_finite=True aggregate_output_finite=True global_post_finite=True first_bad_stage=none rejected=False rollback=False"
"196","8","training","t   8: train_loss = 31780.356, test_acc = 10.000","1","8","t   8: train_loss = 31780.356, test_acc = 10.000"
"196","8","training","t   8: train_loss = 31780.356, test_acc = 10.000","2","31780.356","t   8: train_loss = 31780.356, test_acc = 10.000"
"196","8","training","t   8: train_loss = 31780.356, test_acc = 10.000","3","10.000","t   8: train_loss = 31780.356, test_acc = 10.000"
"197","8","general","attack numbers = 8","1","8","attack numbers = 8"
"198","9","FiniteAudit","round=9 client_type=benign nonfinite_count=17","1","9","[FiniteAudit] round=9 client_type=benign nonfinite_count=17"
"198","9","FiniteAudit","round=9 client_type=benign nonfinite_count=17","2","17","[FiniteAudit] round=9 client_type=benign nonfinite_count=17"
"199","9","general","current iteration attack ratio: 0.32","1","0.32","current iteration attack ratio: 0.32"
"200","9","FiniteAudit","round=9 mos_skipped_due_to_nonfinite_benign=True","1","9","[FiniteAudit] round=9 mos_skipped_due_to_nonfinite_benign=True"
"201","9","FiniteAudit","round=9 client_type=malicious nonfinite_count=8","1","9","[FiniteAudit] round=9 client_type=malicious nonfinite_count=8"
"201","9","FiniteAudit","round=9 client_type=malicious nonfinite_count=8","2","8","[FiniteAudit] round=9 client_type=malicious nonfinite_count=8"
"202","9","FiniteAudit","round=9 global_pre_finite=True benign_updates_finite=False malicious_updates_finite=False attack_budget_output_finite=False aggregate_input_finite=False aggregate_output_finite=NA global_post_finite=NA first_bad_stage=benign_client_updates rejected=True rollback=True consecutive_rejected=1","1","9","[FiniteAudit] round=9 global_pre_finite=True benign_updates_finite=False malicious_updates_finite=False attack_budget_output_finite=False aggregate_input_finite=False aggregate_output_finite=NA global_post_finite=NA first_bad_stage=benign_client_updates rejected=True rollback=True consecutive_rejected=1"
"202","9","FiniteAudit","round=9 global_pre_finite=True benign_updates_finite=False malicious_updates_finite=False attack_budget_output_finite=False aggregate_input_finite=False aggregate_output_finite=NA global_post_finite=NA first_bad_stage=benign_client_updates rejected=True rollback=True consecutive_rejected=1","2","1","[FiniteAudit] round=9 global_pre_finite=True benign_updates_finite=False malicious_updates_finite=False attack_budget_output_finite=False aggregate_input_finite=False aggregate_output_finite=NA global_post_finite=NA first_bad_stage=benign_client_updates rejected=True rollback=True consecutive_rejected=1"
"203","9","training","t   9: train_loss = nan, test_acc = 9.910","1","9","t   9: train_loss = nan, test_acc = 9.910"
"203","9","training","t   9: train_loss = nan, test_acc = 9.910","2","nan","t   9: train_loss = nan, test_acc = 9.910"
"203","9","training","t   9: train_loss = nan, test_acc = 9.910","3","9.910","t   9: train_loss = nan, test_acc = 9.910"
"204","9","general","attack numbers = 8","1","8","attack numbers = 8"
"205","10","FiniteAudit","round=10 checkpoint_promoted_after_benign=True","1","10","[FiniteAudit] round=10 checkpoint_promoted_after_benign=True"
"206","10","general","current iteration attack ratio: 0.32","1","0.32","current iteration attack ratio: 0.32"
"207","10","MOS WARNING","CE logits contain NaN/Inf, using safe fallback","1","NaN","[MOS WARNING] CE logits contain NaN/Inf, using safe fallback"
"207","10","MOS WARNING","CE logits contain NaN/Inf, using safe fallback","2","Inf","[MOS WARNING] CE logits contain NaN/Inf, using safe fallback"
"208","10","MOS-Core","Total parameters: 11,183,582","1","11183582","[MOS-Core] Total parameters: 11,183,582"
"209","10","MOS-Core","Benign clients: 17","1","17","[MOS-Core] Benign clients: 17"
"210","10","MOS-Core","Malicious slots: 8","1","8","[MOS-Core] Malicious slots: 8"
"211","10","MOS-Core","Benign mean norm: 582813438967808.0000","1","582813438967808.0000","[MOS-Core] Benign mean norm: 582813438967808.0000"
"212","10","MOS-Core","Benign std (mean): 676116224.0000","1","676116224.0000","[MOS-Core] Benign std (mean): 676116224.0000"
"213","10","MOS-Core","ce_raw_norm=0.0","1","0.0","[MOS-Core] ce_raw_norm=0.0"
"214","10","MOS-Core","cw_raw_norm=0.0","1","0.0","[MOS-Core] cw_raw_norm=0.0"
"215","10","MOS-Core","ce_valid=False",,,"[MOS-Core] ce_valid=False"
"216","10","MOS-Core","cw_valid=False",,,"[MOS-Core] cw_valid=False"
"217","10","MOS-Core","ce_cw_cosine=nan","1","nan","[MOS-Core] ce_cw_cosine=nan"
"218","10","MOS-Core","combined_pre_norm=0.0","1","0.0","[MOS-Core] combined_pre_norm=0.0"
"219","10","MOS-Core","historical_direction_valid=True",,,"[MOS-Core] historical_direction_valid=True"
"220","10","MOS-Core","historical_direction_norm=808928434716672.0","1","808928434716672.0","[MOS-Core] historical_direction_norm=808928434716672.0"
"221","10","MOS-Core","guidance_history_cosine=0.9809229373931885","1","0.9809229373931885","[MOS-Core] guidance_history_cosine=0.9809229373931885"
"222","10","MOS-Core","guidance_source=cached_last_valid",,,"[MOS-Core] guidance_source=cached_last_valid"
"223","10","MOS-Core","guidance_fallback_used=True",,,"[MOS-Core] guidance_fallback_used=True"
"224","10","MOS-Core","final_guidance_norm=1.000000","1","1.000000","[MOS-Core] final_guidance_norm=1.000000"
"225","10","MOS-Core","Base radial threshold (q=0.95): 1380236193169408.0000","1","0.95","[MOS-Core] Base radial threshold (q=0.95): 1380236193169408.0000"
"225","10","MOS-Core","Base radial threshold (q=0.95): 1380236193169408.0000","2","1380236193169408.0000","[MOS-Core] Base radial threshold (q=0.95): 1380236193169408.0000"
"226","10","MOS-Core","Attack budget ratio: 1.0","1","1.0","[MOS-Core] Attack budget ratio: 1.0"
"227","10","MOS-Core","current_budget=1380236193169408.000000","1","1380236193169408.000000","[MOS-Core] current_budget=1380236193169408.000000"
"228","10","MOS-Core","current_budget_valid=True",,,"[MOS-Core] current_budget_valid=True"
"229","10","MOS-Core","Initializing constraints...",,,"[MOS-Core] Initializing constraints..."
"230","10","MOS-Core","Enabled constraints: Radial, Sign",,,"[MOS-Core] Enabled constraints: Radial, Sign"
"231","10","MOS-Core","Radial weight: 1.0","1","1.0","[MOS-Core] Radial weight: 1.0"
"232","10","MOS-Core","Sign weight: 0.5, layer_reduce: quantile","1","0.5","[MOS-Core] Sign weight: 0.5, layer_reduce: quantile"
"233","10","MOS-Core","Radial threshold: 1380236193169408.0000","1","1380236193169408.0000","[MOS-Core]   Radial threshold: 1380236193169408.0000"
"234","10","MOS-Core","Sign threshold: 2.1273","1","2.1273","[MOS-Core]   Sign threshold: 2.1273"
"235","10","MOS-Core","Initializing population (size=10)...","1","10","[MOS-Core] Initializing population (size=10)..."
"236","10","MOS-Core","constraint_mode=soft_select",,,"[MOS-Core] constraint_mode=soft_select"
"237","10","MOS-Core","alpha_feasible=0.000000 boundary_width=7.62939e-06 refinements=13 zero_reason=确认无非零可行点","1","0.000000","[MOS-Core] alpha_feasible=0.000000 boundary_width=7.62939e-06 refinements=13 zero_reason=确认无非零可行点"
"237","10","MOS-Core","alpha_feasible=0.000000 boundary_width=7.62939e-06 refinements=13 zero_reason=确认无非零可行点","2","7.62939e-06","[MOS-Core] alpha_feasible=0.000000 boundary_width=7.62939e-06 refinements=13 zero_reason=确认无非零可行点"
"237","10","MOS-Core","alpha_feasible=0.000000 boundary_width=7.62939e-06 refinements=13 zero_reason=确认无非零可行点","3","13","[MOS-Core] alpha_feasible=0.000000 boundary_width=7.62939e-06 refinements=13 zero_reason=确认无非零可行点"
"238","10","MOS-Boundary","alpha_feasible=0.000000 alpha_infeasible=0.000008 limiting_constraint=sign left=radial=0=1=0|sign=0=1=0 right=radial=7.62939e-06=0.999992=0|sign=9.43963e+07=1.05936e-08=9.43963e+07","1","0.000000","[MOS-Boundary] alpha_feasible=0.000000 alpha_infeasible=0.000008 limiting_constraint=sign left=radial=0=1=0|sign=0=1=0 right=radial=7.62939e-06=0.999992=0|sign=9.43963e+07=1.05936e-08=9.43963e+07"
"238","10","MOS-Boundary","alpha_feasible=0.000000 alpha_infeasible=0.000008 limiting_constraint=sign left=radial=0=1=0|sign=0=1=0 right=radial=7.62939e-06=0.999992=0|sign=9.43963e+07=1.05936e-08=9.43963e+07","2","0.000008","[MOS-Boundary] alpha_feasible=0.000000 alpha_infeasible=0.000008 limiting_constraint=sign left=radial=0=1=0|sign=0=1=0 right=radial=7.62939e-06=0.999992=0|sign=9.43963e+07=1.05936e-08=9.43963e+07"
"238","10","MOS-Boundary","alpha_feasible=0.000000 alpha_infeasible=0.000008 limiting_constraint=sign left=radial=0=1=0|sign=0=1=0 right=radial=7.62939e-06=0.999992=0|sign=9.43963e+07=1.05936e-08=9.43963e+07","3","0","[MOS-Boundary] alpha_feasible=0.000000 alpha_infeasible=0.000008 limiting_constraint=sign left=radial=0=1=0|sign=0=1=0 right=radial=7.62939e-06=0.999992=0|sign=9.43963e+07=1.05936e-08=9.43963e+07"
"238","10","MOS-Boundary","alpha_feasible=0.000000 alpha_infeasible=0.000008 limiting_constraint=sign left=radial=0=1=0|sign=0=1=0 right=radial=7.62939e-06=0.999992=0|sign=9.43963e+07=1.05936e-08=9.43963e+07","4","1","[MOS-Boundary] alpha_feasible=0.000000 alpha_infeasible=0.000008 limiting_constraint=sign left=radial=0=1=0|sign=0=1=0 right=radial=7.62939e-06=0.999992=0|sign=9.43963e+07=1.05936e-08=9.43963e+07"
"238","10","MOS-Boundary","alpha_feasible=0.000000 alpha_infeasible=0.000008 limiting_constraint=sign left=radial=0=1=0|sign=0=1=0 right=radial=7.62939e-06=0.999992=0|sign=9.43963e+07=1.05936e-08=9.43963e+07","5","0","[MOS-Boundary] alpha_feasible=0.000000 alpha_infeasible=0.000008 limiting_constraint=sign left=radial=0=1=0|sign=0=1=0 right=radial=7.62939e-06=0.999992=0|sign=9.43963e+07=1.05936e-08=9.43963e+07"
"238","10","MOS-Boundary","alpha_feasible=0.000000 alpha_infeasible=0.000008 limiting_constraint=sign left=radial=0=1=0|sign=0=1=0 right=radial=7.62939e-06=0.999992=0|sign=9.43963e+07=1.05936e-08=9.43963e+07","6","0","[MOS-Boundary] alpha_feasible=0.000000 alpha_infeasible=0.000008 limiting_constraint=sign left=radial=0=1=0|sign=0=1=0 right=radial=7.62939e-06=0.999992=0|sign=9.43963e+07=1.05936e-08=9.43963e+07"
"238","10","MOS-Boundary","alpha_feasible=0.000000 alpha_infeasible=0.000008 limiting_constraint=sign left=radial=0=1=0|sign=0=1=0 right=radial=7.62939e-06=0.999992=0|sign=9.43963e+07=1.05936e-08=9.43963e+07","7","1","[MOS-Boundary] alpha_feasible=0.000000 alpha_infeasible=0.000008 limiting_constraint=sign left=radial=0=1=0|sign=0=1=0 right=radial=7.62939e-06=0.999992=0|sign=9.43963e+07=1.05936e-08=9.43963e+07"
"238","10","MOS-Boundary","alpha_feasible=0.000000 alpha_infeasible=0.000008 limiting_constraint=sign left=radial=0=1=0|sign=0=1=0 right=radial=7.62939e-06=0.999992=0|sign=9.43963e+07=1.05936e-08=9.43963e+07","8","0","[MOS-Boundary] alpha_feasible=0.000000 alpha_infeasible=0.000008 limiting_constraint=sign left=radial=0=1=0|sign=0=1=0 right=radial=7.62939e-06=0.999992=0|sign=9.43963e+07=1.05936e-08=9.43963e+07"
"238","10","MOS-Boundary","alpha_feasible=0.000000 alpha_infeasible=0.000008 limiting_constraint=sign left=radial=0=1=0|sign=0=1=0 right=radial=7.62939e-06=0.999992=0|sign=9.43963e+07=1.05936e-08=9.43963e+07","9","7.62939e-06","[MOS-Boundary] alpha_feasible=0.000000 alpha_infeasible=0.000008 limiting_constraint=sign left=radial=0=1=0|sign=0=1=0 right=radial=7.62939e-06=0.999992=0|sign=9.43963e+07=1.05936e-08=9.43963e+07"
"238","10","MOS-Boundary","alpha_feasible=0.000000 alpha_infeasible=0.000008 limiting_constraint=sign left=radial=0=1=0|sign=0=1=0 right=radial=7.62939e-06=0.999992=0|sign=9.43963e+07=1.05936e-08=9.43963e+07","10","0.999992","[MOS-Boundary] alpha_feasible=0.000000 alpha_infeasible=0.000008 limiting_constraint=sign left=radial=0=1=0|sign=0=1=0 right=radial=7.62939e-06=0.999992=0|sign=9.43963e+07=1.05936e-08=9.43963e+07"
"238","10","MOS-Boundary","alpha_feasible=0.000000 alpha_infeasible=0.000008 limiting_constraint=sign left=radial=0=1=0|sign=0=1=0 right=radial=7.62939e-06=0.999992=0|sign=9.43963e+07=1.05936e-08=9.43963e+07","11","0","[MOS-Boundary] alpha_feasible=0.000000 alpha_infeasible=0.000008 limiting_constraint=sign left=radial=0=1=0|sign=0=1=0 right=radial=7.62939e-06=0.999992=0|sign=9.43963e+07=1.05936e-08=9.43963e+07"
"238","10","MOS-Boundary","alpha_feasible=0.000000 alpha_infeasible=0.000008 limiting_constraint=sign left=radial=0=1=0|sign=0=1=0 right=radial=7.62939e-06=0.999992=0|sign=9.43963e+07=1.05936e-08=9.43963e+07","12","9.43963e+07","[MOS-Boundary] alpha_feasible=0.000000 alpha_infeasible=0.000008 limiting_constraint=sign left=radial=0=1=0|sign=0=1=0 right=radial=7.62939e-06=0.999992=0|sign=9.43963e+07=1.05936e-08=9.43963e+07"
"238","10","MOS-Boundary","alpha_feasible=0.000000 alpha_infeasible=0.000008 limiting_constraint=sign left=radial=0=1=0|sign=0=1=0 right=radial=7.62939e-06=0.999992=0|sign=9.43963e+07=1.05936e-08=9.43963e+07","13","1.05936e-08","[MOS-Boundary] alpha_feasible=0.000000 alpha_infeasible=0.000008 limiting_constraint=sign left=radial=0=1=0|sign=0=1=0 right=radial=7.62939e-06=0.999992=0|sign=9.43963e+07=1.05936e-08=9.43963e+07"
"238","10","MOS-Boundary","alpha_feasible=0.000000 alpha_infeasible=0.000008 limiting_constraint=sign left=radial=0=1=0|sign=0=1=0 right=radial=7.62939e-06=0.999992=0|sign=9.43963e+07=1.05936e-08=9.43963e+07","14","9.43963e+07","[MOS-Boundary] alpha_feasible=0.000000 alpha_infeasible=0.000008 limiting_constraint=sign left=radial=0=1=0|sign=0=1=0 right=radial=7.62939e-06=0.999992=0|sign=9.43963e+07=1.05936e-08=9.43963e+07"
"239","10","MOS-Core","adaptive_guided_init=True alpha_feasible=0.000000 alpha_init=0.000000 scales=[0.0, 0.0, 0.0, 0.0, 0.0, 0.0]","1","0.000000","[MOS-Core] adaptive_guided_init=True alpha_feasible=0.000000 alpha_init=0.000000 scales=[0.0, 0.0, 0.0, 0.0, 0.0, 0.0]"
"239","10","MOS-Core","adaptive_guided_init=True alpha_feasible=0.000000 alpha_init=0.000000 scales=[0.0, 0.0, 0.0, 0.0, 0.0, 0.0]","2","0.000000","[MOS-Core] adaptive_guided_init=True alpha_feasible=0.000000 alpha_init=0.000000 scales=[0.0, 0.0, 0.0, 0.0, 0.0, 0.0]"
"239","10","MOS-Core","adaptive_guided_init=True alpha_feasible=0.000000 alpha_init=0.000000 scales=[0.0, 0.0, 0.0, 0.0, 0.0, 0.0]","3","0.0","[MOS-Core] adaptive_guided_init=True alpha_feasible=0.000000 alpha_init=0.000000 scales=[0.0, 0.0, 0.0, 0.0, 0.0, 0.0]"
"239","10","MOS-Core","adaptive_guided_init=True alpha_feasible=0.000000 alpha_init=0.000000 scales=[0.0, 0.0, 0.0, 0.0, 0.0, 0.0]","4","0.0","[MOS-Core] adaptive_guided_init=True alpha_feasible=0.000000 alpha_init=0.000000 scales=[0.0, 0.0, 0.0, 0.0, 0.0, 0.0]"
"239","10","MOS-Core","adaptive_guided_init=True alpha_feasible=0.000000 alpha_init=0.000000 scales=[0.0, 0.0, 0.0, 0.0, 0.0, 0.0]","5","0.0","[MOS-Core] adaptive_guided_init=True alpha_feasible=0.000000 alpha_init=0.000000 scales=[0.0, 0.0, 0.0, 0.0, 0.0, 0.0]"
"239","10","MOS-Core","adaptive_guided_init=True alpha_feasible=0.000000 alpha_init=0.000000 scales=[0.0, 0.0, 0.0, 0.0, 0.0, 0.0]","6","0.0","[MOS-Core] adaptive_guided_init=True alpha_feasible=0.000000 alpha_init=0.000000 scales=[0.0, 0.0, 0.0, 0.0, 0.0, 0.0]"
"239","10","MOS-Core","adaptive_guided_init=True alpha_feasible=0.000000 alpha_init=0.000000 scales=[0.0, 0.0, 0.0, 0.0, 0.0, 0.0]","7","0.0","[MOS-Core] adaptive_guided_init=True alpha_feasible=0.000000 alpha_init=0.000000 scales=[0.0, 0.0, 0.0, 0.0, 0.0, 0.0]"
"239","10","MOS-Core","adaptive_guided_init=True alpha_feasible=0.000000 alpha_init=0.000000 scales=[0.0, 0.0, 0.0, 0.0, 0.0, 0.0]","8","0.0","[MOS-Core] adaptive_guided_init=True alpha_feasible=0.000000 alpha_init=0.000000 scales=[0.0, 0.0, 0.0, 0.0, 0.0, 0.0]"
"240","10","MOS-Core","Generated 6 scale-based seeds: [0.0, 0.0, 0.0, 0.0, 0.0, 0.0]","1","6","[MOS-Core] Generated 6 scale-based seeds: [0.0, 0.0, 0.0, 0.0, 0.0, 0.0]"
"240","10","MOS-Core","Generated 6 scale-based seeds: [0.0, 0.0, 0.0, 0.0, 0.0, 0.0]","2","0.0","[MOS-Core] Generated 6 scale-based seeds: [0.0, 0.0, 0.0, 0.0, 0.0, 0.0]"
"240","10","MOS-Core","Generated 6 scale-based seeds: [0.0, 0.0, 0.0, 0.0, 0.0, 0.0]","3","0.0","[MOS-Core] Generated 6 scale-based seeds: [0.0, 0.0, 0.0, 0.0, 0.0, 0.0]"
"240","10","MOS-Core","Generated 6 scale-based seeds: [0.0, 0.0, 0.0, 0.0, 0.0, 0.0]","4","0.0","[MOS-Core] Generated 6 scale-based seeds: [0.0, 0.0, 0.0, 0.0, 0.0, 0.0]"
"240","10","MOS-Core","Generated 6 scale-based seeds: [0.0, 0.0, 0.0, 0.0, 0.0, 0.0]","5","0.0","[MOS-Core] Generated 6 scale-based seeds: [0.0, 0.0, 0.0, 0.0, 0.0, 0.0]"
"240","10","MOS-Core","Generated 6 scale-based seeds: [0.0, 0.0, 0.0, 0.0, 0.0, 0.0]","6","0.0","[MOS-Core] Generated 6 scale-based seeds: [0.0, 0.0, 0.0, 0.0, 0.0, 0.0]"
"240","10","MOS-Core","Generated 6 scale-based seeds: [0.0, 0.0, 0.0, 0.0, 0.0, 0.0]","7","0.0","[MOS-Core] Generated 6 scale-based seeds: [0.0, 0.0, 0.0, 0.0, 0.0, 0.0]"
"241","10","MOS-Core","Historical seed injected at position 3","1","3","[MOS-Core] Historical seed injected at position 3"
"242","10","MOS-Core","historical_raw_norm=808928434716672.000000","1","808928434716672.000000","[MOS-Core] historical_raw_norm=808928434716672.000000"
"243","10","MOS-Core","historical_direction_norm=1.000000","1","1.000000","[MOS-Core] historical_direction_norm=1.000000"
"244","10","MOS-Core","historical_seed_target_scale=690118096584704.000000","1","690118096584704.000000","[MOS-Core] historical_seed_target_scale=690118096584704.000000"
"245","10","MOS-Core","historical_seed_final_norm=690118163693568.000000","1","690118163693568.000000","[MOS-Core] historical_seed_final_norm=690118163693568.000000"
"246","10","MOS-Core","Generated 4 random candidates (noise_scale=0.1)","1","4","[MOS-Core] Generated 4 random candidates (noise_scale=0.1)"
"246","10","MOS-Core","Generated 4 random candidates (noise_scale=0.1)","2","0.1","[MOS-Core] Generated 4 random candidates (noise_scale=0.1)"
"247","10","MOS-Core","Initial population norms: min=0.0000, mean=310085632917504.0000, max=1183287246585856.0000","1","0.0000","[MOS-Core] Initial population norms: min=0.0000, mean=310085632917504.0000, max=1183287246585856.0000"
"247","10","MOS-Core","Initial population norms: min=0.0000, mean=310085632917504.0000, max=1183287246585856.0000","2","310085632917504.0000","[MOS-Core] Initial population norms: min=0.0000, mean=310085632917504.0000, max=1183287246585856.0000"
"247","10","MOS-Core","Initial population norms: min=0.0000, mean=310085632917504.0000, max=1183287246585856.0000","3","1183287246585856.0000","[MOS-Core] Initial population norms: min=0.0000, mean=310085632917504.0000, max=1183287246585856.0000"
"248","10","MOS-Core","Budget ratios: min=0.0000, mean=0.2247, max=0.8573","1","0.0000","[MOS-Core] Budget ratios: min=0.0000, mean=0.2247, max=0.8573"
"248","10","MOS-Core","Budget ratios: min=0.0000, mean=0.2247, max=0.8573","2","0.2247","[MOS-Core] Budget ratios: min=0.0000, mean=0.2247, max=0.8573"
"248","10","MOS-Core","Budget ratios: min=0.0000, mean=0.2247, max=0.8573","3","0.8573","[MOS-Core] Budget ratios: min=0.0000, mean=0.2247, max=0.8573"
"249","10","MOS-Core","Clipped ratio: 0.00%","1","0.00","[MOS-Core] Clipped ratio: 0.00%"
"250","10","MOS-Core","Historical seed used: True",,,"[MOS-Core] Historical seed used: True"
"251","10","MOS-Core","Starting NSGA-II evolution...",,,"[MOS-Core] Starting NSGA-II evolution..."
"252","10","MOS-Core","Generations: 100","1","100","[MOS-Core] Generations: 100"
"253","10","MOS-Core","Population size: 10","1","10","[MOS-Core] Population size: 10"
"254","10","MOS-Core","SBX eta: 15.0, crossover_prob: 0.9","1","15.0","[MOS-Core] SBX eta: 15.0, crossover_prob: 0.9"
"254","10","MOS-Core","SBX eta: 15.0, crossover_prob: 0.9","2","0.9","[MOS-Core] SBX eta: 15.0, crossover_prob: 0.9"
"255","10","MOS-Core","Mutation scale: 0.05","1","0.05","[MOS-Core] Mutation scale: 0.05"
"256","10","MOS-Core","Gen 1/100:","1","1","[MOS-Core] Gen 1/100:"
"256","10","MOS-Core","Gen 1/100:","2","100","[MOS-Core] Gen 1/100:"
"257","10","general","Stealth: mean=0.643, best=1.000","1","0.643","Stealth: mean=0.643, best=1.000"
"257","10","general","Stealth: mean=0.643, best=1.000","2","1.000","Stealth: mean=0.643, best=1.000"
"258","10","general","Destructiveness: mean=390822394593280.000, best=1179845904039936.000","1","390822394593280.000","Destructiveness: mean=390822394593280.000, best=1179845904039936.000"
"258","10","general","Destructiveness: mean=390822394593280.000, best=1179845904039936.000","2","1179845904039936.000","Destructiveness: mean=390822394593280.000, best=1179845904039936.000"
"259","10","general","CV: mean=1768256569344.0000, min=0.0000","1","1768256569344.0000","CV: mean=1768256569344.0000, min=0.0000"
"259","10","general","CV: mean=1768256569344.0000, min=0.0000","2","0.0000","CV: mean=1768256569344.0000, min=0.0000"
"260","10","general","Feasibility: count=3, ratio=30.00%","1","3","Feasibility: count=3, ratio=30.00%"
"260","10","general","Feasibility: count=3, ratio=30.00%","2","30.00","Feasibility: count=3, ratio=30.00%"
"261","10","general","Max feasible destruct: 0.092","1","0.092","Max feasible destruct: 0.092"
"262","10","general","Pareto front size: 10","1","10","Pareto front size: 10"
"263","10","general","Budget ratio: mean=0.294, max=0.859","1","0.294","Budget ratio: mean=0.294, max=0.859"
"263","10","general","Budget ratio: mean=0.294, max=0.859","2","0.859","Budget ratio: mean=0.294, max=0.859"
"264","10","general","Radial: mean_ratio=0.294, max_ratio=0.859, mean_score=0.815","1","0.294","Radial: mean_ratio=0.294, max_ratio=0.859, mean_score=0.815"
"264","10","general","Radial: mean_ratio=0.294, max_ratio=0.859, mean_score=0.815","2","0.859","Radial: mean_ratio=0.294, max_ratio=0.859, mean_score=0.815"
"264","10","general","Radial: mean_ratio=0.294, max_ratio=0.859, mean_score=0.815","3","0.815","Radial: mean_ratio=0.294, max_ratio=0.859, mean_score=0.815"
"265","10","general","Sign: mean_ratio=3536513138688.000, max_ratio=10614203219968.000, mean_score=0.299","1","3536513138688.000","Sign: mean_ratio=3536513138688.000, max_ratio=10614203219968.000, mean_score=0.299"
"265","10","general","Sign: mean_ratio=3536513138688.000, max_ratio=10614203219968.000, mean_score=0.299","2","10614203219968.000","Sign: mean_ratio=3536513138688.000, max_ratio=10614203219968.000, mean_score=0.299"
"265","10","general","Sign: mean_ratio=3536513138688.000, max_ratio=10614203219968.000, mean_score=0.299","3","0.299","Sign: mean_ratio=3536513138688.000, max_ratio=10614203219968.000, mean_score=0.299"
"266","10","MOS-Core","Gen 10/100:","1","10","[MOS-Core] Gen 10/100:"
"266","10","MOS-Core","Gen 10/100:","2","100","[MOS-Core] Gen 10/100:"
"267","10","general","Stealth: mean=0.577, best=1.000","1","0.577","Stealth: mean=0.577, best=1.000"
"267","10","general","Stealth: mean=0.577, best=1.000","2","1.000","Stealth: mean=0.577, best=1.000"
"268","10","general","Destructiveness: mean=489981680287744.000, best=1215741093216256.000","1","489981680287744.000","Destructiveness: mean=489981680287744.000, best=1215741093216256.000"
"268","10","general","Destructiveness: mean=489981680287744.000, best=1215741093216256.000","2","1215741093216256.000","Destructiveness: mean=489981680287744.000, best=1215741093216256.000"
"269","10","general","CV: mean=2192820928512.0000, min=0.0000","1","2192820928512.0000","CV: mean=2192820928512.0000, min=0.0000"
"269","10","general","CV: mean=2192820928512.0000, min=0.0000","2","0.0000","CV: mean=2192820928512.0000, min=0.0000"
"270","10","general","Feasibility: count=2, ratio=20.00%","1","2","Feasibility: count=2, ratio=20.00%"
"270","10","general","Feasibility: count=2, ratio=20.00%","2","20.00","Feasibility: count=2, ratio=20.00%"
"271","10","general","Max feasible destruct: 0.198","1","0.198","Max feasible destruct: 0.198"
"272","10","general","Pareto front size: 10","1","10","Pareto front size: 10"
"273","10","general","Budget ratio: mean=0.369, max=0.892","1","0.369","Budget ratio: mean=0.369, max=0.892"
"273","10","general","Budget ratio: mean=0.369, max=0.892","2","0.892","Budget ratio: mean=0.369, max=0.892"
"274","10","general","Radial: mean_ratio=0.369, max_ratio=0.892, mean_score=0.767","1","0.369","Radial: mean_ratio=0.369, max_ratio=0.892, mean_score=0.767"
"274","10","general","Radial: mean_ratio=0.369, max_ratio=0.892, mean_score=0.767","2","0.892","Radial: mean_ratio=0.369, max_ratio=0.892, mean_score=0.767"
"274","10","general","Radial: mean_ratio=0.369, max_ratio=0.892, mean_score=0.767","3","0.767","Radial: mean_ratio=0.369, max_ratio=0.892, mean_score=0.767"
"275","10","general","Sign: mean_ratio=4385641857024.000, max_ratio=10537072066560.000, mean_score=0.199","1","4385641857024.000","Sign: mean_ratio=4385641857024.000, max_ratio=10537072066560.000, mean_score=0.199"
"275","10","general","Sign: mean_ratio=4385641857024.000, max_ratio=10537072066560.000, mean_score=0.199","2","10537072066560.000","Sign: mean_ratio=4385641857024.000, max_ratio=10537072066560.000, mean_score=0.199"
"275","10","general","Sign: mean_ratio=4385641857024.000, max_ratio=10537072066560.000, mean_score=0.199","3","0.199","Sign: mean_ratio=4385641857024.000, max_ratio=10537072066560.000, mean_score=0.199"
"276","10","MOS-Core","Gen 20/100:","1","20","[MOS-Core] Gen 20/100:"
"276","10","MOS-Core","Gen 20/100:","2","100","[MOS-Core] Gen 20/100:"
"277","10","general","Stealth: mean=0.582, best=1.000","1","0.582","Stealth: mean=0.582, best=1.000"
"277","10","general","Stealth: mean=0.582, best=1.000","2","1.000","Stealth: mean=0.582, best=1.000"
"278","10","general","Destructiveness: mean=468367760687104.000, best=1243720791883776.000","1","468367760687104.000","Destructiveness: mean=468367760687104.000, best=1243720791883776.000"
"278","10","general","Destructiveness: mean=468367760687104.000, best=1243720791883776.000","2","1243720791883776.000","Destructiveness: mean=468367760687104.000, best=1243720791883776.000"
"279","10","general","CV: mean=2097730420736.0000, min=0.0000","1","2097730420736.0000","CV: mean=2097730420736.0000, min=0.0000"
"279","10","general","CV: mean=2097730420736.0000, min=0.0000","2","0.0000","CV: mean=2097730420736.0000, min=0.0000"
"280","10","general","Feasibility: count=2, ratio=20.00%","1","2","Feasibility: count=2, ratio=20.00%"
"280","10","general","Feasibility: count=2, ratio=20.00%","2","20.00","Feasibility: count=2, ratio=20.00%"
"281","10","general","Max feasible destruct: 0.218","1","0.218","Max feasible destruct: 0.218"
"282","10","general","Pareto front size: 10","1","10","Pareto front size: 10"
"283","10","general","Budget ratio: mean=0.359, max=0.918","1","0.359","Budget ratio: mean=0.359, max=0.918"
"283","10","general","Budget ratio: mean=0.359, max=0.918","2","0.918","Budget ratio: mean=0.359, max=0.918"
"284","10","general","Radial: mean_ratio=0.359, max_ratio=0.918, mean_score=0.774","1","0.359","Radial: mean_ratio=0.359, max_ratio=0.918, mean_score=0.774"
"284","10","general","Radial: mean_ratio=0.359, max_ratio=0.918, mean_score=0.774","2","0.918","Radial: mean_ratio=0.359, max_ratio=0.918, mean_score=0.774"
"284","10","general","Radial: mean_ratio=0.359, max_ratio=0.918, mean_score=0.774","3","0.774","Radial: mean_ratio=0.359, max_ratio=0.918, mean_score=0.774"
"285","10","general","Sign: mean_ratio=4195460841472.000, max_ratio=10741226668032.000, mean_score=0.199","1","4195460841472.000","Sign: mean_ratio=4195460841472.000, max_ratio=10741226668032.000, mean_score=0.199"
"285","10","general","Sign: mean_ratio=4195460841472.000, max_ratio=10741226668032.000, mean_score=0.199","2","10741226668032.000","Sign: mean_ratio=4195460841472.000, max_ratio=10741226668032.000, mean_score=0.199"
"285","10","general","Sign: mean_ratio=4195460841472.000, max_ratio=10741226668032.000, mean_score=0.199","3","0.199","Sign: mean_ratio=4195460841472.000, max_ratio=10741226668032.000, mean_score=0.199"
"286","10","MOS-Core","Gen 30/100:","1","30","[MOS-Core] Gen 30/100:"
"286","10","MOS-Core","Gen 30/100:","2","100","[MOS-Core] Gen 30/100:"
"287","10","general","Stealth: mean=0.593, best=1.000","1","0.593","Stealth: mean=0.593, best=1.000"
"287","10","general","Stealth: mean=0.593, best=1.000","2","1.000","Stealth: mean=0.593, best=1.000"
"288","10","general","Destructiveness: mean=427261534666752.000, best=1260189575544832.000","1","427261534666752.000","Destructiveness: mean=427261534666752.000, best=1260189575544832.000"
"288","10","general","Destructiveness: mean=427261534666752.000, best=1260189575544832.000","2","1260189575544832.000","Destructiveness: mean=427261534666752.000, best=1260189575544832.000"
"289","10","general","CV: mean=1922070478848.0000, min=0.0000","1","1922070478848.0000","CV: mean=1922070478848.0000, min=0.0000"
"289","10","general","CV: mean=1922070478848.0000, min=0.0000","2","0.0000","CV: mean=1922070478848.0000, min=0.0000"
"290","10","general","Feasibility: count=2, ratio=20.00%","1","2","Feasibility: count=2, ratio=20.00%"
"290","10","general","Feasibility: count=2, ratio=20.00%","2","20.00","Feasibility: count=2, ratio=20.00%"
"291","10","general","Max feasible destruct: 0.481","1","0.481","Max feasible destruct: 0.481"
"292","10","general","Pareto front size: 10","1","10","Pareto front size: 10"
"293","10","general","Budget ratio: mean=0.336, max=0.935","1","0.336","Budget ratio: mean=0.336, max=0.935"
"293","10","general","Budget ratio: mean=0.336, max=0.935","2","0.935","Budget ratio: mean=0.336, max=0.935"
"294","10","general","Radial: mean_ratio=0.336, max_ratio=0.935, mean_score=0.791","1","0.336","Radial: mean_ratio=0.336, max_ratio=0.935, mean_score=0.791"
"294","10","general","Radial: mean_ratio=0.336, max_ratio=0.935, mean_score=0.791","2","0.935","Radial: mean_ratio=0.336, max_ratio=0.935, mean_score=0.791"
"294","10","general","Radial: mean_ratio=0.336, max_ratio=0.935, mean_score=0.791","3","0.791","Radial: mean_ratio=0.336, max_ratio=0.935, mean_score=0.791"
"295","10","general","Sign: mean_ratio=3844140957696.000, max_ratio=10777522077696.000, mean_score=0.198","1","3844140957696.000","Sign: mean_ratio=3844140957696.000, max_ratio=10777522077696.000, mean_score=0.198"
"295","10","general","Sign: mean_ratio=3844140957696.000, max_ratio=10777522077696.000, mean_score=0.198","2","10777522077696.000","Sign: mean_ratio=3844140957696.000, max_ratio=10777522077696.000, mean_score=0.198"
"295","10","general","Sign: mean_ratio=3844140957696.000, max_ratio=10777522077696.000, mean_score=0.198","3","0.198","Sign: mean_ratio=3844140957696.000, max_ratio=10777522077696.000, mean_score=0.198"
"296","10","MOS-Core","Gen 40/100:","1","40","[MOS-Core] Gen 40/100:"
"296","10","MOS-Core","Gen 40/100:","2","100","[MOS-Core] Gen 40/100:"
"297","10","general","Stealth: mean=0.592, best=1.000","1","0.592","Stealth: mean=0.592, best=1.000"
"297","10","general","Stealth: mean=0.592, best=1.000","2","1.000","Stealth: mean=0.592, best=1.000"
"298","10","general","Destructiveness: mean=430695193247744.000, best=1300578105819136.000","1","430695193247744.000","Destructiveness: mean=430695193247744.000, best=1300578105819136.000"
"298","10","general","Destructiveness: mean=430695193247744.000, best=1300578105819136.000","2","1300578105819136.000","Destructiveness: mean=430695193247744.000, best=1300578105819136.000"
"299","10","general","CV: mean=1925530779648.0000, min=0.0000","1","1925530779648.0000","CV: mean=1925530779648.0000, min=0.0000"
"299","10","general","CV: mean=1925530779648.0000, min=0.0000","2","0.0000","CV: mean=1925530779648.0000, min=0.0000"
"300","10","general","Feasibility: count=2, ratio=20.00%","1","2","Feasibility: count=2, ratio=20.00%"
"300","10","general","Feasibility: count=2, ratio=20.00%","2","20.00","Feasibility: count=2, ratio=20.00%"
"301","10","general","Max feasible destruct: 0.481","1","0.481","Max feasible destruct: 0.481"
"302","10","general","Pareto front size: 10","1","10","Pareto front size: 10"
"303","10","general","Budget ratio: mean=0.341, max=0.972","1","0.341","Budget ratio: mean=0.341, max=0.972"
"303","10","general","Budget ratio: mean=0.341, max=0.972","2","0.972","Budget ratio: mean=0.341, max=0.972"
"304","10","general","Radial: mean_ratio=0.341, max_ratio=0.972, mean_score=0.789","1","0.341","Radial: mean_ratio=0.341, max_ratio=0.972, mean_score=0.789"
"304","10","general","Radial: mean_ratio=0.341, max_ratio=0.972, mean_score=0.789","2","0.972","Radial: mean_ratio=0.341, max_ratio=0.972, mean_score=0.789"
"304","10","general","Radial: mean_ratio=0.341, max_ratio=0.972, mean_score=0.789","3","0.789","Radial: mean_ratio=0.341, max_ratio=0.972, mean_score=0.789"
"305","10","general","Sign: mean_ratio=3851061559296.000, max_ratio=10814243209216.000, mean_score=0.198","1","3851061559296.000","Sign: mean_ratio=3851061559296.000, max_ratio=10814243209216.000, mean_score=0.198"
"305","10","general","Sign: mean_ratio=3851061559296.000, max_ratio=10814243209216.000, mean_score=0.198","2","10814243209216.000","Sign: mean_ratio=3851061559296.000, max_ratio=10814243209216.000, mean_score=0.198"
"305","10","general","Sign: mean_ratio=3851061559296.000, max_ratio=10814243209216.000, mean_score=0.198","3","0.198","Sign: mean_ratio=3851061559296.000, max_ratio=10814243209216.000, mean_score=0.198"
"306","10","MOS-Core","Gen 50/100:","1","50","[MOS-Core] Gen 50/100:"
"306","10","MOS-Core","Gen 50/100:","2","100","[MOS-Core] Gen 50/100:"
"307","10","general","Stealth: mean=0.590, best=1.000","1","0.590","Stealth: mean=0.590, best=1.000"
"307","10","general","Stealth: mean=0.590, best=1.000","2","1.000","Stealth: mean=0.590, best=1.000"
"308","10","general","Destructiveness: mean=433033198960640.000, best=1327790884388864.000","1","433033198960640.000","Destructiveness: mean=433033198960640.000, best=1327790884388864.000"
"308","10","general","Destructiveness: mean=433033198960640.000, best=1327790884388864.000","2","1327790884388864.000","Destructiveness: mean=433033198960640.000, best=1327790884388864.000"
"309","10","general","CV: mean=1939842138112.0000, min=0.0000","1","1939842138112.0000","CV: mean=1939842138112.0000, min=0.0000"
"309","10","general","CV: mean=1939842138112.0000, min=0.0000","2","0.0000","CV: mean=1939842138112.0000, min=0.0000"
"310","10","general","Feasibility: count=2, ratio=20.00%","1","2","Feasibility: count=2, ratio=20.00%"
"310","10","general","Feasibility: count=2, ratio=20.00%","2","20.00","Feasibility: count=2, ratio=20.00%"
"311","10","general","Max feasible destruct: 0.481","1","0.481","Max feasible destruct: 0.481"
"312","10","general","Pareto front size: 10","1","10","Pareto front size: 10"
"313","10","general","Budget ratio: mean=0.346, max=1.000","1","0.346","Budget ratio: mean=0.346, max=1.000"
"313","10","general","Budget ratio: mean=0.346, max=1.000","2","1.000","Budget ratio: mean=0.346, max=1.000"
"314","10","general","Radial: mean_ratio=0.346, max_ratio=1.000, mean_score=0.786","1","0.346","Radial: mean_ratio=0.346, max_ratio=1.000, mean_score=0.786"
"314","10","general","Radial: mean_ratio=0.346, max_ratio=1.000, mean_score=0.786","2","1.000","Radial: mean_ratio=0.346, max_ratio=1.000, mean_score=0.786"
"314","10","general","Radial: mean_ratio=0.346, max_ratio=1.000, mean_score=0.786","3","0.786","Radial: mean_ratio=0.346, max_ratio=1.000, mean_score=0.786"
"315","10","general","Sign: mean_ratio=3879684276224.000, max_ratio=10999766712320.000, mean_score=0.198","1","3879684276224.000","Sign: mean_ratio=3879684276224.000, max_ratio=10999766712320.000, mean_score=0.198"
"315","10","general","Sign: mean_ratio=3879684276224.000, max_ratio=10999766712320.000, mean_score=0.198","2","10999766712320.000","Sign: mean_ratio=3879684276224.000, max_ratio=10999766712320.000, mean_score=0.198"
"315","10","general","Sign: mean_ratio=3879684276224.000, max_ratio=10999766712320.000, mean_score=0.198","3","0.198","Sign: mean_ratio=3879684276224.000, max_ratio=10999766712320.000, mean_score=0.198"
"316","10","MOS-Core","Gen 60/100:","1","60","[MOS-Core] Gen 60/100:"
"316","10","MOS-Core","Gen 60/100:","2","100","[MOS-Core] Gen 60/100:"
"317","10","general","Stealth: mean=0.588, best=1.000","1","0.588","Stealth: mean=0.588, best=1.000"
"317","10","general","Stealth: mean=0.588, best=1.000","2","1.000","Stealth: mean=0.588, best=1.000"
"318","10","general","Destructiveness: mean=431863894114304.000, best=1327840947601408.000","1","431863894114304.000","Destructiveness: mean=431863894114304.000, best=1327840947601408.000"
"318","10","general","Destructiveness: mean=431863894114304.000, best=1327840947601408.000","2","1327840947601408.000","Destructiveness: mean=431863894114304.000, best=1327840947601408.000"
"319","10","general","CV: mean=1953731313664.0000, min=0.0000","1","1953731313664.0000","CV: mean=1953731313664.0000, min=0.0000"
"319","10","general","CV: mean=1953731313664.0000, min=0.0000","2","0.0000","CV: mean=1953731313664.0000, min=0.0000"
"320","10","general","Feasibility: count=2, ratio=20.00%","1","2","Feasibility: count=2, ratio=20.00%"
"320","10","general","Feasibility: count=2, ratio=20.00%","2","20.00","Feasibility: count=2, ratio=20.00%"
"321","10","general","Max feasible destruct: 0.489","1","0.489","Max feasible destruct: 0.489"
"322","10","general","Pareto front size: 10","1","10","Pareto front size: 10"
"323","10","general","Budget ratio: mean=0.349, max=0.999","1","0.349","Budget ratio: mean=0.349, max=0.999"
"323","10","general","Budget ratio: mean=0.349, max=0.999","2","0.999","Budget ratio: mean=0.349, max=0.999"
"324","10","general","Radial: mean_ratio=0.349, max_ratio=0.999, mean_score=0.784","1","0.349","Radial: mean_ratio=0.349, max_ratio=0.999, mean_score=0.784"
"324","10","general","Radial: mean_ratio=0.349, max_ratio=0.999, mean_score=0.784","2","0.999","Radial: mean_ratio=0.349, max_ratio=0.999, mean_score=0.784"
"324","10","general","Radial: mean_ratio=0.349, max_ratio=0.999, mean_score=0.784","3","0.784","Radial: mean_ratio=0.349, max_ratio=0.999, mean_score=0.784"
"325","10","general","Sign: mean_ratio=3907462627328.000, max_ratio=11103113314304.000, mean_score=0.198","1","3907462627328.000","Sign: mean_ratio=3907462627328.000, max_ratio=11103113314304.000, mean_score=0.198"
"325","10","general","Sign: mean_ratio=3907462627328.000, max_ratio=11103113314304.000, mean_score=0.198","2","11103113314304.000","Sign: mean_ratio=3907462627328.000, max_ratio=11103113314304.000, mean_score=0.198"
"325","10","general","Sign: mean_ratio=3907462627328.000, max_ratio=11103113314304.000, mean_score=0.198","3","0.198","Sign: mean_ratio=3907462627328.000, max_ratio=11103113314304.000, mean_score=0.198"
"326","10","MOS-Core","Gen 70/100:","1","70","[MOS-Core] Gen 70/100:"
"326","10","MOS-Core","Gen 70/100:","2","100","[MOS-Core] Gen 70/100:"
"327","10","general","Stealth: mean=0.588, best=1.000","1","0.588","Stealth: mean=0.588, best=1.000"
"327","10","general","Stealth: mean=0.588, best=1.000","2","1.000","Stealth: mean=0.588, best=1.000"
"328","10","general","Destructiveness: mean=431594653351936.000, best=1328914286772224.000","1","431594653351936.000","Destructiveness: mean=431594653351936.000, best=1328914286772224.000"
"328","10","general","Destructiveness: mean=431594653351936.000, best=1328914286772224.000","2","1328914286772224.000","Destructiveness: mean=431594653351936.000, best=1328914286772224.000"
"329","10","general","CV: mean=1953822539776.0000, min=0.0000","1","1953822539776.0000","CV: mean=1953822539776.0000, min=0.0000"
"329","10","general","CV: mean=1953822539776.0000, min=0.0000","2","0.0000","CV: mean=1953822539776.0000, min=0.0000"
"330","10","general","Feasibility: count=2, ratio=20.00%","1","2","Feasibility: count=2, ratio=20.00%"
"330","10","general","Feasibility: count=2, ratio=20.00%","2","20.00","Feasibility: count=2, ratio=20.00%"
"331","10","general","Max feasible destruct: 0.580","1","0.580","Max feasible destruct: 0.580"
"332","10","general","Pareto front size: 10","1","10","Pareto front size: 10"
"333","10","general","Budget ratio: mean=0.351, max=1.000","1","0.351","Budget ratio: mean=0.351, max=1.000"
"333","10","general","Budget ratio: mean=0.351, max=1.000","2","1.000","Budget ratio: mean=0.351, max=1.000"
"334","10","general","Radial: mean_ratio=0.351, max_ratio=1.000, mean_score=0.783","1","0.351","Radial: mean_ratio=0.351, max_ratio=1.000, mean_score=0.783"
"334","10","general","Radial: mean_ratio=0.351, max_ratio=1.000, mean_score=0.783","2","1.000","Radial: mean_ratio=0.351, max_ratio=1.000, mean_score=0.783"
"334","10","general","Radial: mean_ratio=0.351, max_ratio=1.000, mean_score=0.783","3","0.783","Radial: mean_ratio=0.351, max_ratio=1.000, mean_score=0.783"
"335","10","general","Sign: mean_ratio=3907645079552.000, max_ratio=11038778982400.000, mean_score=0.197","1","3907645079552.000","Sign: mean_ratio=3907645079552.000, max_ratio=11038778982400.000, mean_score=0.197"
"335","10","general","Sign: mean_ratio=3907645079552.000, max_ratio=11038778982400.000, mean_score=0.197","2","11038778982400.000","Sign: mean_ratio=3907645079552.000, max_ratio=11038778982400.000, mean_score=0.197"
"335","10","general","Sign: mean_ratio=3907645079552.000, max_ratio=11038778982400.000, mean_score=0.197","3","0.197","Sign: mean_ratio=3907645079552.000, max_ratio=11038778982400.000, mean_score=0.197"
"336","10","MOS-Core","Gen 80/100:","1","80","[MOS-Core] Gen 80/100:"
"336","10","MOS-Core","Gen 80/100:","2","100","[MOS-Core] Gen 80/100:"
"337","10","general","Stealth: mean=0.587, best=1.000","1","0.587","Stealth: mean=0.587, best=1.000"
"337","10","general","Stealth: mean=0.587, best=1.000","2","1.000","Stealth: mean=0.587, best=1.000"
"338","10","general","Destructiveness: mean=432530117361664.000, best=1329075213828096.000","1","432530117361664.000","Destructiveness: mean=432530117361664.000, best=1329075213828096.000"
"338","10","general","Destructiveness: mean=432530117361664.000, best=1329075213828096.000","2","1329075213828096.000","Destructiveness: mean=432530117361664.000, best=1329075213828096.000"
"339","10","general","CV: mean=1960108752896.0000, min=0.0000","1","1960108752896.0000","CV: mean=1960108752896.0000, min=0.0000"
"339","10","general","CV: mean=1960108752896.0000, min=0.0000","2","0.0000","CV: mean=1960108752896.0000, min=0.0000"
"340","10","general","Feasibility: count=2, ratio=20.00%","1","2","Feasibility: count=2, ratio=20.00%"
"340","10","general","Feasibility: count=2, ratio=20.00%","2","20.00","Feasibility: count=2, ratio=20.00%"
"341","10","general","Max feasible destruct: 0.788","1","0.788","Max feasible destruct: 0.788"
"342","10","general","Pareto front size: 10","1","10","Pareto front size: 10"
"343","10","general","Budget ratio: mean=0.353, max=1.000","1","0.353","Budget ratio: mean=0.353, max=1.000"
"343","10","general","Budget ratio: mean=0.353, max=1.000","2","1.000","Budget ratio: mean=0.353, max=1.000"
"344","10","general","Radial: mean_ratio=0.353, max_ratio=1.000, mean_score=0.782","1","0.353","Radial: mean_ratio=0.353, max_ratio=1.000, mean_score=0.782"
"344","10","general","Radial: mean_ratio=0.353, max_ratio=1.000, mean_score=0.782","2","1.000","Radial: mean_ratio=0.353, max_ratio=1.000, mean_score=0.782"
"344","10","general","Radial: mean_ratio=0.353, max_ratio=1.000, mean_score=0.782","3","0.782","Radial: mean_ratio=0.353, max_ratio=1.000, mean_score=0.782"
"345","10","general","Sign: mean_ratio=3920217505792.000, max_ratio=11071752503296.000, mean_score=0.197","1","3920217505792.000","Sign: mean_ratio=3920217505792.000, max_ratio=11071752503296.000, mean_score=0.197"
"345","10","general","Sign: mean_ratio=3920217505792.000, max_ratio=11071752503296.000, mean_score=0.197","2","11071752503296.000","Sign: mean_ratio=3920217505792.000, max_ratio=11071752503296.000, mean_score=0.197"
"345","10","general","Sign: mean_ratio=3920217505792.000, max_ratio=11071752503296.000, mean_score=0.197","3","0.197","Sign: mean_ratio=3920217505792.000, max_ratio=11071752503296.000, mean_score=0.197"
"346","10","MOS-Core","Gen 90/100:","1","90","[MOS-Core] Gen 90/100:"
"346","10","MOS-Core","Gen 90/100:","2","100","[MOS-Core] Gen 90/100:"
"347","10","general","Stealth: mean=0.585, best=1.000","1","0.585","Stealth: mean=0.585, best=1.000"
"347","10","general","Stealth: mean=0.585, best=1.000","2","1.000","Stealth: mean=0.585, best=1.000"
"348","10","general","Destructiveness: mean=430794279485440.000, best=1329075213828096.000","1","430794279485440.000","Destructiveness: mean=430794279485440.000, best=1329075213828096.000"
"348","10","general","Destructiveness: mean=430794279485440.000, best=1329075213828096.000","2","1329075213828096.000","Destructiveness: mean=430794279485440.000, best=1329075213828096.000"
"349","10","general","CV: mean=1960336293888.0000, min=0.0000","1","1960336293888.0000","CV: mean=1960336293888.0000, min=0.0000"
"349","10","general","CV: mean=1960336293888.0000, min=0.0000","2","0.0000","CV: mean=1960336293888.0000, min=0.0000"
"350","10","general","Feasibility: count=2, ratio=20.00%","1","2","Feasibility: count=2, ratio=20.00%"
"350","10","general","Feasibility: count=2, ratio=20.00%","2","20.00","Feasibility: count=2, ratio=20.00%"
"351","10","general","Max feasible destruct: 1.219","1","1.219","Max feasible destruct: 1.219"
"352","10","general","Pareto front size: 10","1","10","Pareto front size: 10"
"353","10","general","Budget ratio: mean=0.355, max=1.000","1","0.355","Budget ratio: mean=0.355, max=1.000"
"353","10","general","Budget ratio: mean=0.355, max=1.000","2","1.000","Budget ratio: mean=0.355, max=1.000"
"354","10","general","Radial: mean_ratio=0.355, max_ratio=1.000, mean_score=0.780","1","0.355","Radial: mean_ratio=0.355, max_ratio=1.000, mean_score=0.780"
"354","10","general","Radial: mean_ratio=0.355, max_ratio=1.000, mean_score=0.780","2","1.000","Radial: mean_ratio=0.355, max_ratio=1.000, mean_score=0.780"
"354","10","general","Radial: mean_ratio=0.355, max_ratio=1.000, mean_score=0.780","3","0.780","Radial: mean_ratio=0.355, max_ratio=1.000, mean_score=0.780"
"355","10","general","Sign: mean_ratio=3920672587776.000, max_ratio=11071752503296.000, mean_score=0.196","1","3920672587776.000","Sign: mean_ratio=3920672587776.000, max_ratio=11071752503296.000, mean_score=0.196"
"355","10","general","Sign: mean_ratio=3920672587776.000, max_ratio=11071752503296.000, mean_score=0.196","2","11071752503296.000","Sign: mean_ratio=3920672587776.000, max_ratio=11071752503296.000, mean_score=0.196"
"355","10","general","Sign: mean_ratio=3920672587776.000, max_ratio=11071752503296.000, mean_score=0.196","3","0.196","Sign: mean_ratio=3920672587776.000, max_ratio=11071752503296.000, mean_score=0.196"
"356","10","MOS-Core","Gen 100/100:","1","100","[MOS-Core] Gen 100/100:"
"356","10","MOS-Core","Gen 100/100:","2","100","[MOS-Core] Gen 100/100:"
"357","10","general","Stealth: mean=0.582, best=1.000","1","0.582","Stealth: mean=0.582, best=1.000"
"357","10","general","Stealth: mean=0.582, best=1.000","2","1.000","Stealth: mean=0.582, best=1.000"
"358","10","general","Destructiveness: mean=430515341492224.000, best=1330249350512640.000","1","430515341492224.000","Destructiveness: mean=430515341492224.000, best=1330249350512640.000"
"358","10","general","Destructiveness: mean=430515341492224.000, best=1330249350512640.000","2","1330249350512640.000","Destructiveness: mean=430515341492224.000, best=1330249350512640.000"
"359","10","general","CV: mean=1959854211072.0000, min=0.0000","1","1959854211072.0000","CV: mean=1959854211072.0000, min=0.0000"
"359","10","general","CV: mean=1959854211072.0000, min=0.0000","2","0.0000","CV: mean=1959854211072.0000, min=0.0000"
"360","10","general","Feasibility: count=2, ratio=20.00%","1","2","Feasibility: count=2, ratio=20.00%"
"360","10","general","Feasibility: count=2, ratio=20.00%","2","20.00","Feasibility: count=2, ratio=20.00%"
"361","10","general","Max feasible destruct: 1.663","1","1.663","Max feasible destruct: 1.663"
"362","10","general","Pareto front size: 10","1","10","Pareto front size: 10"
"363","10","general","Budget ratio: mean=0.360, max=1.000","1","0.360","Budget ratio: mean=0.360, max=1.000"
"363","10","general","Budget ratio: mean=0.360, max=1.000","2","1.000","Budget ratio: mean=0.360, max=1.000"
"364","10","general","Radial: mean_ratio=0.360, max_ratio=1.000, mean_score=0.776","1","0.360","Radial: mean_ratio=0.360, max_ratio=1.000, mean_score=0.776"
"364","10","general","Radial: mean_ratio=0.360, max_ratio=1.000, mean_score=0.776","2","1.000","Radial: mean_ratio=0.360, max_ratio=1.000, mean_score=0.776"
"364","10","general","Radial: mean_ratio=0.360, max_ratio=1.000, mean_score=0.776","3","0.776","Radial: mean_ratio=0.360, max_ratio=1.000, mean_score=0.776"
"365","10","general","Sign: mean_ratio=3919708422144.000, max_ratio=11084646842368.000, mean_score=0.194","1","3919708422144.000","Sign: mean_ratio=3919708422144.000, max_ratio=11084646842368.000, mean_score=0.194"
"365","10","general","Sign: mean_ratio=3919708422144.000, max_ratio=11084646842368.000, mean_score=0.194","2","11084646842368.000","Sign: mean_ratio=3919708422144.000, max_ratio=11084646842368.000, mean_score=0.194"
"365","10","general","Sign: mean_ratio=3919708422144.000, max_ratio=11084646842368.000, mean_score=0.194","3","0.194","Sign: mean_ratio=3919708422144.000, max_ratio=11084646842368.000, mean_score=0.194"
"366","10","MOS-Core","Selecting final solution...",,,"[MOS-Core] Selecting final solution..."
"367","10","MOS-Core","Selection parameters:",,,"[MOS-Core] Selection parameters:"
"368","10","general","Lambda_s (stealth weight): 0.50","1","0.50","Lambda_s (stealth weight): 0.50"
"369","10","general","Lambda_a (attack weight): 0.50","1","0.50","Lambda_a (attack weight): 0.50"
"370","10","general","Attack floor ratio: 133024935051264.0000","1","133024935051264.0000","Attack floor ratio: 133024935051264.0000"
"371","10","MOS-Core","Pareto front summary:",,,"[MOS-Core] Pareto front summary:"
"372","10","general","Front size: 10","1","10","Front size: 10"
"373","10","general","Stealth range: [0.333, 1.000]","1","0.333","Stealth range: [0.333, 1.000]"
"373","10","general","Stealth range: [0.333, 1.000]","2","1.000","Stealth range: [0.333, 1.000]"
"374","10","general","Destructiveness range: [0.000, 1330249350512640.000]","1","0.000","Destructiveness range: [0.000, 1330249350512640.000]"
"374","10","general","Destructiveness range: [0.000, 1330249350512640.000]","2","1330249350512640.000","Destructiveness range: [0.000, 1330249350512640.000]"
"375","10","general","Candidates after attack floor: 6","1","6","Candidates after attack floor: 6"
"376","10","MOS-Core","Selected solution (index=7):","1","7","[MOS-Core] Selected solution (index=7):"
"377","10","MOS-Core","Constraint pass score (R): 0.366","1","0.366","[MOS-Core]   Constraint pass score (R): 0.366"
"378","10","MOS-Core","Destructiveness (A): 1102621318316032.000","1","1102621318316032.000","[MOS-Core]   Destructiveness (A): 1102621318316032.000"
"379","10","MOS-Core","Total CV: 5483646156800.0000","1","5483646156800.0000","[MOS-Core]   Total CV: 5483646156800.0000"
"380","10","MOS-Core","Deviation norm: 1134105039208448.0000","1","1134105039208448.0000","[MOS-Core]   Deviation norm: 1134105039208448.0000"
"381","10","MOS-Core","Budget usage: 82.17%","1","82.17","[MOS-Core]   Budget usage: 82.17%"
"382","10","MOS-Core","selection_mode=balanced_knee",,,"[MOS-Core] selection_mode=balanced_knee"
"383","10","MOS-Core","selected_budget_ratio=0.821675","1","0.821675","[MOS-Core] selected_budget_ratio=0.821675"
"384","10","MOS-Core","selected_stealth=0.365964","1","0.365964","[MOS-Core] selected_stealth=0.365964"
"385","10","MOS-Core","selected_destructiveness=1102621318316032.000000","1","1102621318316032.000000","[MOS-Core] selected_destructiveness=1102621318316032.000000"
"386","10","MOS-Core","selected_R=0.365964","1","0.365964","[MOS-Core] selected_R=0.365964"
"387","10","MOS-Core","selected_A=1102621318316032.000000","1","1102621318316032.000000","[MOS-Core] selected_A=1102621318316032.000000"
"388","10","MOS-Core","selected_cv=5483646156800.000000","1","5483646156800.000000","[MOS-Core] selected_cv=5483646156800.000000"
"389","10","MOS-Core","selected_feasible=False",,,"[MOS-Core] selected_feasible=False"
"390","10","MOS-Core","selected_guidance_alignment=0.972245","1","0.972245","[MOS-Core] selected_guidance_alignment=0.972245"
"391","10","MOS-Core","Per-constraint details:",,,"[MOS-Core] Per-constraint details:"
"392","10","MOS-Core","Radial: score=0.549, ratio=0.822, loss=1134105001697056.0000, threshold=1380236193169408.0000","1","0.549","[MOS-Core]   Radial: score=0.549, ratio=0.822, loss=1134105001697056.0000, threshold=1380236193169408.0000"
"392","10","MOS-Core","Radial: score=0.549, ratio=0.822, loss=1134105001697056.0000, threshold=1380236193169408.0000","2","0.822","[MOS-Core]   Radial: score=0.549, ratio=0.822, loss=1134105001697056.0000, threshold=1380236193169408.0000"
"392","10","MOS-Core","Radial: score=0.549, ratio=0.822, loss=1134105001697056.0000, threshold=1380236193169408.0000","3","1134105001697056.0000","[MOS-Core]   Radial: score=0.549, ratio=0.822, loss=1134105001697056.0000, threshold=1380236193169408.0000"
"392","10","MOS-Core","Radial: score=0.549, ratio=0.822, loss=1134105001697056.0000, threshold=1380236193169408.0000","4","1380236193169408.0000","[MOS-Core]   Radial: score=0.549, ratio=0.822, loss=1134105001697056.0000, threshold=1380236193169408.0000"
"393","10","MOS-Core","Sign: score=0.000, ratio=10967292313600.000, loss=23330749965173.4688, threshold=2.1273","1","0.000","[MOS-Core]   Sign: score=0.000, ratio=10967292313600.000, loss=23330749965173.4688, threshold=2.1273"
"393","10","MOS-Core","Sign: score=0.000, ratio=10967292313600.000, loss=23330749965173.4688, threshold=2.1273","2","10967292313600.000","[MOS-Core]   Sign: score=0.000, ratio=10967292313600.000, loss=23330749965173.4688, threshold=2.1273"
"393","10","MOS-Core","Sign: score=0.000, ratio=10967292313600.000, loss=23330749965173.4688, threshold=2.1273","3","23330749965173.4688","[MOS-Core]   Sign: score=0.000, ratio=10967292313600.000, loss=23330749965173.4688, threshold=2.1273"
"393","10","MOS-Core","Sign: score=0.000, ratio=10967292313600.000, loss=23330749965173.4688, threshold=2.1273","4","2.1273","[MOS-Core]   Sign: score=0.000, ratio=10967292313600.000, loss=23330749965173.4688, threshold=2.1273"
"394","10","phase","attack",,,"attack"
"395","10","phase","defend",,,"defend"
"396","10","FiniteAudit","round=10 defense=multi_krum selected_count=3 selected_malicious_count=1 selected_updates_finite=True selected_indices=[17, 18, 1]","1","10","[FiniteAudit] round=10 defense=multi_krum selected_count=3 selected_malicious_count=1 selected_updates_finite=True selected_indices=[17, 18, 1]"
"396","10","FiniteAudit","round=10 defense=multi_krum selected_count=3 selected_malicious_count=1 selected_updates_finite=True selected_indices=[17, 18, 1]","2","3","[FiniteAudit] round=10 defense=multi_krum selected_count=3 selected_malicious_count=1 selected_updates_finite=True selected_indices=[17, 18, 1]"
"396","10","FiniteAudit","round=10 defense=multi_krum selected_count=3 selected_malicious_count=1 selected_updates_finite=True selected_indices=[17, 18, 1]","3","1","[FiniteAudit] round=10 defense=multi_krum selected_count=3 selected_malicious_count=1 selected_updates_finite=True selected_indices=[17, 18, 1]"
"396","10","FiniteAudit","round=10 defense=multi_krum selected_count=3 selected_malicious_count=1 selected_updates_finite=True selected_indices=[17, 18, 1]","4","17","[FiniteAudit] round=10 defense=multi_krum selected_count=3 selected_malicious_count=1 selected_updates_finite=True selected_indices=[17, 18, 1]"
"396","10","FiniteAudit","round=10 defense=multi_krum selected_count=3 selected_malicious_count=1 selected_updates_finite=True selected_indices=[17, 18, 1]","5","18","[FiniteAudit] round=10 defense=multi_krum selected_count=3 selected_malicious_count=1 selected_updates_finite=True selected_indices=[17, 18, 1]"
"396","10","FiniteAudit","round=10 defense=multi_krum selected_count=3 selected_malicious_count=1 selected_updates_finite=True selected_indices=[17, 18, 1]","6","1","[FiniteAudit] round=10 defense=multi_krum selected_count=3 selected_malicious_count=1 selected_updates_finite=True selected_indices=[17, 18, 1]"
"397","10","FiniteAudit","round=10 global_pre_finite=True benign_updates_finite=True malicious_updates_finite=True attack_budget_output_finite=True aggregate_input_finite=True aggregate_output_finite=True global_post_finite=True first_bad_stage=none rejected=False rollback=False","1","10","[FiniteAudit] round=10 global_pre_finite=True benign_updates_finite=True malicious_updates_finite=True attack_budget_output_finite=True aggregate_input_finite=True aggregate_output_finite=True global_post_finite=True first_bad_stage=none rejected=False rollback=False"
"398","10","training","t  10: train_loss = 34247.407, test_acc = 10.000","1","10","t  10: train_loss = 34247.407, test_acc = 10.000"
"398","10","training","t  10: train_loss = 34247.407, test_acc = 10.000","2","34247.407","t  10: train_loss = 34247.407, test_acc = 10.000"
"398","10","training","t  10: train_loss = 34247.407, test_acc = 10.000","3","10.000","t  10: train_loss = 34247.407, test_acc = 10.000"
"399","10","general","attack numbers = 6","1","6","attack numbers = 6"
"400","11","FiniteAudit","round=11 client_type=benign nonfinite_count=19","1","11","[FiniteAudit] round=11 client_type=benign nonfinite_count=19"
"400","11","FiniteAudit","round=11 client_type=benign nonfinite_count=19","2","19","[FiniteAudit] round=11 client_type=benign nonfinite_count=19"
"401","11","general","current iteration attack ratio: 0.24","1","0.24","current iteration attack ratio: 0.24"
"402","11","FiniteAudit","round=11 mos_skipped_due_to_nonfinite_benign=True","1","11","[FiniteAudit] round=11 mos_skipped_due_to_nonfinite_benign=True"
"403","11","FiniteAudit","round=11 client_type=malicious nonfinite_count=6","1","11","[FiniteAudit] round=11 client_type=malicious nonfinite_count=6"
"403","11","FiniteAudit","round=11 client_type=malicious nonfinite_count=6","2","6","[FiniteAudit] round=11 client_type=malicious nonfinite_count=6"
"404","11","FiniteAudit","round=11 global_pre_finite=True benign_updates_finite=False malicious_updates_finite=False attack_budget_output_finite=False aggregate_input_finite=False aggregate_output_finite=NA global_post_finite=NA first_bad_stage=benign_client_updates rejected=True rollback=True consecutive_rejected=1","1","11","[FiniteAudit] round=11 global_pre_finite=True benign_updates_finite=False malicious_updates_finite=False attack_budget_output_finite=False aggregate_input_finite=False aggregate_output_finite=NA global_post_finite=NA first_bad_stage=benign_client_updates rejected=True rollback=True consecutive_rejected=1"
"404","11","FiniteAudit","round=11 global_pre_finite=True benign_updates_finite=False malicious_updates_finite=False attack_budget_output_finite=False aggregate_input_finite=False aggregate_output_finite=NA global_post_finite=NA first_bad_stage=benign_client_updates rejected=True rollback=True consecutive_rejected=1","2","1","[FiniteAudit] round=11 global_pre_finite=True benign_updates_finite=False malicious_updates_finite=False attack_budget_output_finite=False aggregate_input_finite=False aggregate_output_finite=NA global_post_finite=NA first_bad_stage=benign_client_updates rejected=True rollback=True consecutive_rejected=1"
"405","11","training","t  11: train_loss = nan, test_acc = 9.910","1","11","t  11: train_loss = nan, test_acc = 9.910"
"405","11","training","t  11: train_loss = nan, test_acc = 9.910","2","nan","t  11: train_loss = nan, test_acc = 9.910"
"405","11","training","t  11: train_loss = nan, test_acc = 9.910","3","9.910","t  11: train_loss = nan, test_acc = 9.910"
"406","11","general","attack numbers = 3","1","3","attack numbers = 3"
"407","12","FiniteAudit","round=12 checkpoint_promoted_after_benign=True","1","12","[FiniteAudit] round=12 checkpoint_promoted_after_benign=True"
"408","12","general","current iteration attack ratio: 0.12","1","0.12","current iteration attack ratio: 0.12"
"409","12","MOS WARNING","CE logits contain NaN/Inf, using safe fallback","1","NaN","[MOS WARNING] CE logits contain NaN/Inf, using safe fallback"
"409","12","MOS WARNING","CE logits contain NaN/Inf, using safe fallback","2","Inf","[MOS WARNING] CE logits contain NaN/Inf, using safe fallback"
"410","12","MOS-Core","Total parameters: 11,183,582","1","11183582","[MOS-Core] Total parameters: 11,183,582"
"411","12","MOS-Core","Benign clients: 22","1","22","[MOS-Core] Benign clients: 22"
"412","12","MOS-Core","Malicious slots: 3","1","3","[MOS-Core] Malicious slots: 3"
"413","12","MOS-Core","Benign mean norm: 609096357117952.0000","1","609096357117952.0000","[MOS-Core] Benign mean norm: 609096357117952.0000"
"414","12","MOS-Core","Benign std (mean): 780612160.0000","1","780612160.0000","[MOS-Core] Benign std (mean): 780612160.0000"
"415","12","MOS-Core","ce_raw_norm=0.0","1","0.0","[MOS-Core] ce_raw_norm=0.0"
"416","12","MOS-Core","cw_raw_norm=0.0","1","0.0","[MOS-Core] cw_raw_norm=0.0"
"417","12","MOS-Core","ce_valid=False",,,"[MOS-Core] ce_valid=False"
"418","12","MOS-Core","cw_valid=False",,,"[MOS-Core] cw_valid=False"
"419","12","MOS-Core","ce_cw_cosine=nan","1","nan","[MOS-Core] ce_cw_cosine=nan"
"420","12","MOS-Core","combined_pre_norm=0.0","1","0.0","[MOS-Core] combined_pre_norm=0.0"
"421","12","MOS-Core","historical_direction_valid=True",,,"[MOS-Core] historical_direction_valid=True"
"422","12","MOS-Core","historical_direction_norm=1134105173426176.0","1","1134105173426176.0","[MOS-Core] historical_direction_norm=1134105173426176.0"
"423","12","MOS-Core","guidance_history_cosine=0.9722445011138916","1","0.9722445011138916","[MOS-Core] guidance_history_cosine=0.9722445011138916"
"424","12","MOS-Core","guidance_source=cached_last_valid",,,"[MOS-Core] guidance_source=cached_last_valid"
"425","12","MOS-Core","guidance_fallback_used=True",,,"[MOS-Core] guidance_fallback_used=True"
"426","12","MOS-Core","final_guidance_norm=1.000000","1","1.000000","[MOS-Core] final_guidance_norm=1.000000"
"427","12","MOS-Core","Base radial threshold (q=0.95): 1708674087124992.0000","1","0.95","[MOS-Core] Base radial threshold (q=0.95): 1708674087124992.0000"
"427","12","MOS-Core","Base radial threshold (q=0.95): 1708674087124992.0000","2","1708674087124992.0000","[MOS-Core] Base radial threshold (q=0.95): 1708674087124992.0000"
"428","12","MOS-Core","Attack budget ratio: 1.0","1","1.0","[MOS-Core] Attack budget ratio: 1.0"
"429","12","MOS-Core","current_budget=1708674087124992.000000","1","1708674087124992.000000","[MOS-Core] current_budget=1708674087124992.000000"
"430","12","MOS-Core","current_budget_valid=True",,,"[MOS-Core] current_budget_valid=True"
"431","12","MOS-Core","Initializing constraints...",,,"[MOS-Core] Initializing constraints..."
"432","12","MOS-Core","Enabled constraints: Radial, Sign",,,"[MOS-Core] Enabled constraints: Radial, Sign"
"433","12","MOS-Core","Radial weight: 1.0","1","1.0","[MOS-Core] Radial weight: 1.0"
"434","12","MOS-Core","Sign weight: 0.5, layer_reduce: quantile","1","0.5","[MOS-Core] Sign weight: 0.5, layer_reduce: quantile"
"435","12","MOS-Core","Radial threshold: 1708674087124992.0000","1","1708674087124992.0000","[MOS-Core]   Radial threshold: 1708674087124992.0000"
"436","12","MOS-Core","Sign threshold: 1.9966","1","1.9966","[MOS-Core]   Sign threshold: 1.9966"
"437","12","MOS-Core","Initializing population (size=10)...","1","10","[MOS-Core] Initializing population (size=10)..."
"438","12","MOS-Core","constraint_mode=soft_select",,,"[MOS-Core] constraint_mode=soft_select"
"439","12","MOS-Core","alpha_feasible=0.000000 boundary_width=7.62939e-06 refinements=13 zero_reason=确认无非零可行点","1","0.000000","[MOS-Core] alpha_feasible=0.000000 boundary_width=7.62939e-06 refinements=13 zero_reason=确认无非零可行点"
"439","12","MOS-Core","alpha_feasible=0.000000 boundary_width=7.62939e-06 refinements=13 zero_reason=确认无非零可行点","2","7.62939e-06","[MOS-Core] alpha_feasible=0.000000 boundary_width=7.62939e-06 refinements=13 zero_reason=确认无非零可行点"
"439","12","MOS-Core","alpha_feasible=0.000000 boundary_width=7.62939e-06 refinements=13 zero_reason=确认无非零可行点","3","13","[MOS-Core] alpha_feasible=0.000000 boundary_width=7.62939e-06 refinements=13 zero_reason=确认无非零可行点"
"440","12","MOS-Boundary","alpha_feasible=0.000000 alpha_infeasible=0.000008 limiting_constraint=sign left=radial=0=1=0|sign=0=1=0 right=radial=7.62939e-06=0.999992=0|sign=1.90078e+08=5.26099e-09=1.90078e+08","1","0.000000","[MOS-Boundary] alpha_feasible=0.000000 alpha_infeasible=0.000008 limiting_constraint=sign left=radial=0=1=0|sign=0=1=0 right=radial=7.62939e-06=0.999992=0|sign=1.90078e+08=5.26099e-09=1.90078e+08"
"440","12","MOS-Boundary","alpha_feasible=0.000000 alpha_infeasible=0.000008 limiting_constraint=sign left=radial=0=1=0|sign=0=1=0 right=radial=7.62939e-06=0.999992=0|sign=1.90078e+08=5.26099e-09=1.90078e+08","2","0.000008","[MOS-Boundary] alpha_feasible=0.000000 alpha_infeasible=0.000008 limiting_constraint=sign left=radial=0=1=0|sign=0=1=0 right=radial=7.62939e-06=0.999992=0|sign=1.90078e+08=5.26099e-09=1.90078e+08"
"440","12","MOS-Boundary","alpha_feasible=0.000000 alpha_infeasible=0.000008 limiting_constraint=sign left=radial=0=1=0|sign=0=1=0 right=radial=7.62939e-06=0.999992=0|sign=1.90078e+08=5.26099e-09=1.90078e+08","3","0","[MOS-Boundary] alpha_feasible=0.000000 alpha_infeasible=0.000008 limiting_constraint=sign left=radial=0=1=0|sign=0=1=0 right=radial=7.62939e-06=0.999992=0|sign=1.90078e+08=5.26099e-09=1.90078e+08"
"440","12","MOS-Boundary","alpha_feasible=0.000000 alpha_infeasible=0.000008 limiting_constraint=sign left=radial=0=1=0|sign=0=1=0 right=radial=7.62939e-06=0.999992=0|sign=1.90078e+08=5.26099e-09=1.90078e+08","4","1","[MOS-Boundary] alpha_feasible=0.000000 alpha_infeasible=0.000008 limiting_constraint=sign left=radial=0=1=0|sign=0=1=0 right=radial=7.62939e-06=0.999992=0|sign=1.90078e+08=5.26099e-09=1.90078e+08"
"440","12","MOS-Boundary","alpha_feasible=0.000000 alpha_infeasible=0.000008 limiting_constraint=sign left=radial=0=1=0|sign=0=1=0 right=radial=7.62939e-06=0.999992=0|sign=1.90078e+08=5.26099e-09=1.90078e+08","5","0","[MOS-Boundary] alpha_feasible=0.000000 alpha_infeasible=0.000008 limiting_constraint=sign left=radial=0=1=0|sign=0=1=0 right=radial=7.62939e-06=0.999992=0|sign=1.90078e+08=5.26099e-09=1.90078e+08"
"440","12","MOS-Boundary","alpha_feasible=0.000000 alpha_infeasible=0.000008 limiting_constraint=sign left=radial=0=1=0|sign=0=1=0 right=radial=7.62939e-06=0.999992=0|sign=1.90078e+08=5.26099e-09=1.90078e+08","6","0","[MOS-Boundary] alpha_feasible=0.000000 alpha_infeasible=0.000008 limiting_constraint=sign left=radial=0=1=0|sign=0=1=0 right=radial=7.62939e-06=0.999992=0|sign=1.90078e+08=5.26099e-09=1.90078e+08"
"440","12","MOS-Boundary","alpha_feasible=0.000000 alpha_infeasible=0.000008 limiting_constraint=sign left=radial=0=1=0|sign=0=1=0 right=radial=7.62939e-06=0.999992=0|sign=1.90078e+08=5.26099e-09=1.90078e+08","7","1","[MOS-Boundary] alpha_feasible=0.000000 alpha_infeasible=0.000008 limiting_constraint=sign left=radial=0=1=0|sign=0=1=0 right=radial=7.62939e-06=0.999992=0|sign=1.90078e+08=5.26099e-09=1.90078e+08"
"440","12","MOS-Boundary","alpha_feasible=0.000000 alpha_infeasible=0.000008 limiting_constraint=sign left=radial=0=1=0|sign=0=1=0 right=radial=7.62939e-06=0.999992=0|sign=1.90078e+08=5.26099e-09=1.90078e+08","8","0","[MOS-Boundary] alpha_feasible=0.000000 alpha_infeasible=0.000008 limiting_constraint=sign left=radial=0=1=0|sign=0=1=0 right=radial=7.62939e-06=0.999992=0|sign=1.90078e+08=5.26099e-09=1.90078e+08"
"440","12","MOS-Boundary","alpha_feasible=0.000000 alpha_infeasible=0.000008 limiting_constraint=sign left=radial=0=1=0|sign=0=1=0 right=radial=7.62939e-06=0.999992=0|sign=1.90078e+08=5.26099e-09=1.90078e+08","9","7.62939e-06","[MOS-Boundary] alpha_feasible=0.000000 alpha_infeasible=0.000008 limiting_constraint=sign left=radial=0=1=0|sign=0=1=0 right=radial=7.62939e-06=0.999992=0|sign=1.90078e+08=5.26099e-09=1.90078e+08"
"440","12","MOS-Boundary","alpha_feasible=0.000000 alpha_infeasible=0.000008 limiting_constraint=sign left=radial=0=1=0|sign=0=1=0 right=radial=7.62939e-06=0.999992=0|sign=1.90078e+08=5.26099e-09=1.90078e+08","10","0.999992","[MOS-Boundary] alpha_feasible=0.000000 alpha_infeasible=0.000008 limiting_constraint=sign left=radial=0=1=0|sign=0=1=0 right=radial=7.62939e-06=0.999992=0|sign=1.90078e+08=5.26099e-09=1.90078e+08"
"440","12","MOS-Boundary","alpha_feasible=0.000000 alpha_infeasible=0.000008 limiting_constraint=sign left=radial=0=1=0|sign=0=1=0 right=radial=7.62939e-06=0.999992=0|sign=1.90078e+08=5.26099e-09=1.90078e+08","11","0","[MOS-Boundary] alpha_feasible=0.000000 alpha_infeasible=0.000008 limiting_constraint=sign left=radial=0=1=0|sign=0=1=0 right=radial=7.62939e-06=0.999992=0|sign=1.90078e+08=5.26099e-09=1.90078e+08"
"440","12","MOS-Boundary","alpha_feasible=0.000000 alpha_infeasible=0.000008 limiting_constraint=sign left=radial=0=1=0|sign=0=1=0 right=radial=7.62939e-06=0.999992=0|sign=1.90078e+08=5.26099e-09=1.90078e+08","12","1.90078e+08","[MOS-Boundary] alpha_feasible=0.000000 alpha_infeasible=0.000008 limiting_constraint=sign left=radial=0=1=0|sign=0=1=0 right=radial=7.62939e-06=0.999992=0|sign=1.90078e+08=5.26099e-09=1.90078e+08"
"440","12","MOS-Boundary","alpha_feasible=0.000000 alpha_infeasible=0.000008 limiting_constraint=sign left=radial=0=1=0|sign=0=1=0 right=radial=7.62939e-06=0.999992=0|sign=1.90078e+08=5.26099e-09=1.90078e+08","13","5.26099e-09","[MOS-Boundary] alpha_feasible=0.000000 alpha_infeasible=0.000008 limiting_constraint=sign left=radial=0=1=0|sign=0=1=0 right=radial=7.62939e-06=0.999992=0|sign=1.90078e+08=5.26099e-09=1.90078e+08"
"440","12","MOS-Boundary","alpha_feasible=0.000000 alpha_infeasible=0.000008 limiting_constraint=sign left=radial=0=1=0|sign=0=1=0 right=radial=7.62939e-06=0.999992=0|sign=1.90078e+08=5.26099e-09=1.90078e+08","14","1.90078e+08","[MOS-Boundary] alpha_feasible=0.000000 alpha_infeasible=0.000008 limiting_constraint=sign left=radial=0=1=0|sign=0=1=0 right=radial=7.62939e-06=0.999992=0|sign=1.90078e+08=5.26099e-09=1.90078e+08"
"441","12","MOS-Core","adaptive_guided_init=True alpha_feasible=0.000000 alpha_init=0.000000 scales=[0.0, 0.0, 0.0, 0.0, 0.0, 0.0]","1","0.000000","[MOS-Core] adaptive_guided_init=True alpha_feasible=0.000000 alpha_init=0.000000 scales=[0.0, 0.0, 0.0, 0.0, 0.0, 0.0]"
"441","12","MOS-Core","adaptive_guided_init=True alpha_feasible=0.000000 alpha_init=0.000000 scales=[0.0, 0.0, 0.0, 0.0, 0.0, 0.0]","2","0.000000","[MOS-Core] adaptive_guided_init=True alpha_feasible=0.000000 alpha_init=0.000000 scales=[0.0, 0.0, 0.0, 0.0, 0.0, 0.0]"
"441","12","MOS-Core","adaptive_guided_init=True alpha_feasible=0.000000 alpha_init=0.000000 scales=[0.0, 0.0, 0.0, 0.0, 0.0, 0.0]","3","0.0","[MOS-Core] adaptive_guided_init=True alpha_feasible=0.000000 alpha_init=0.000000 scales=[0.0, 0.0, 0.0, 0.0, 0.0, 0.0]"
"441","12","MOS-Core","adaptive_guided_init=True alpha_feasible=0.000000 alpha_init=0.000000 scales=[0.0, 0.0, 0.0, 0.0, 0.0, 0.0]","4","0.0","[MOS-Core] adaptive_guided_init=True alpha_feasible=0.000000 alpha_init=0.000000 scales=[0.0, 0.0, 0.0, 0.0, 0.0, 0.0]"
"441","12","MOS-Core","adaptive_guided_init=True alpha_feasible=0.000000 alpha_init=0.000000 scales=[0.0, 0.0, 0.0, 0.0, 0.0, 0.0]","5","0.0","[MOS-Core] adaptive_guided_init=True alpha_feasible=0.000000 alpha_init=0.000000 scales=[0.0, 0.0, 0.0, 0.0, 0.0, 0.0]"
"441","12","MOS-Core","adaptive_guided_init=True alpha_feasible=0.000000 alpha_init=0.000000 scales=[0.0, 0.0, 0.0, 0.0, 0.0, 0.0]","6","0.0","[MOS-Core] adaptive_guided_init=True alpha_feasible=0.000000 alpha_init=0.000000 scales=[0.0, 0.0, 0.0, 0.0, 0.0, 0.0]"
"441","12","MOS-Core","adaptive_guided_init=True alpha_feasible=0.000000 alpha_init=0.000000 scales=[0.0, 0.0, 0.0, 0.0, 0.0, 0.0]","7","0.0","[MOS-Core] adaptive_guided_init=True alpha_feasible=0.000000 alpha_init=0.000000 scales=[0.0, 0.0, 0.0, 0.0, 0.0, 0.0]"
"441","12","MOS-Core","adaptive_guided_init=True alpha_feasible=0.000000 alpha_init=0.000000 scales=[0.0, 0.0, 0.0, 0.0, 0.0, 0.0]","8","0.0","[MOS-Core] adaptive_guided_init=True alpha_feasible=0.000000 alpha_init=0.000000 scales=[0.0, 0.0, 0.0, 0.0, 0.0, 0.0]"
"442","12","MOS-Core","Generated 6 scale-based seeds: [0.0, 0.0, 0.0, 0.0, 0.0, 0.0]","1","6","[MOS-Core] Generated 6 scale-based seeds: [0.0, 0.0, 0.0, 0.0, 0.0, 0.0]"
"442","12","MOS-Core","Generated 6 scale-based seeds: [0.0, 0.0, 0.0, 0.0, 0.0, 0.0]","2","0.0","[MOS-Core] Generated 6 scale-based seeds: [0.0, 0.0, 0.0, 0.0, 0.0, 0.0]"
"442","12","MOS-Core","Generated 6 scale-based seeds: [0.0, 0.0, 0.0, 0.0, 0.0, 0.0]","3","0.0","[MOS-Core] Generated 6 scale-based seeds: [0.0, 0.0, 0.0, 0.0, 0.0, 0.0]"
"442","12","MOS-Core","Generated 6 scale-based seeds: [0.0, 0.0, 0.0, 0.0, 0.0, 0.0]","4","0.0","[MOS-Core] Generated 6 scale-based seeds: [0.0, 0.0, 0.0, 0.0, 0.0, 0.0]"
"442","12","MOS-Core","Generated 6 scale-based seeds: [0.0, 0.0, 0.0, 0.0, 0.0, 0.0]","5","0.0","[MOS-Core] Generated 6 scale-based seeds: [0.0, 0.0, 0.0, 0.0, 0.0, 0.0]"
"442","12","MOS-Core","Generated 6 scale-based seeds: [0.0, 0.0, 0.0, 0.0, 0.0, 0.0]","6","0.0","[MOS-Core] Generated 6 scale-based seeds: [0.0, 0.0, 0.0, 0.0, 0.0, 0.0]"
"442","12","MOS-Core","Generated 6 scale-based seeds: [0.0, 0.0, 0.0, 0.0, 0.0, 0.0]","7","0.0","[MOS-Core] Generated 6 scale-based seeds: [0.0, 0.0, 0.0, 0.0, 0.0, 0.0]"
"443","12","MOS-Core","Historical seed injected at position 3","1","3","[MOS-Core] Historical seed injected at position 3"
"444","12","MOS-Core","historical_raw_norm=1134105173426176.000000","1","1134105173426176.000000","[MOS-Core] historical_raw_norm=1134105173426176.000000"
"445","12","MOS-Core","historical_direction_norm=1.000000","1","1.000000","[MOS-Core] historical_direction_norm=1.000000"
"446","12","MOS-Core","historical_seed_target_scale=854337043562496.000000","1","854337043562496.000000","[MOS-Core] historical_seed_target_scale=854337043562496.000000"
"447","12","MOS-Core","historical_seed_final_norm=854336976453632.000000","1","854336976453632.000000","[MOS-Core] historical_seed_final_norm=854336976453632.000000"
"448","12","MOS-Core","Generated 4 random candidates (noise_scale=0.1)","1","4","[MOS-Core] Generated 4 random candidates (noise_scale=0.1)"
"448","12","MOS-Core","Generated 4 random candidates (noise_scale=0.1)","2","0.1","[MOS-Core] Generated 4 random candidates (noise_scale=0.1)"
"449","12","MOS-Core","Initial population norms: min=0.0000, mean=531411639468032.0000, max=1404835349921792.0000","1","0.0000","[MOS-Core] Initial population norms: min=0.0000, mean=531411639468032.0000, max=1404835349921792.0000"
"449","12","MOS-Core","Initial population norms: min=0.0000, mean=531411639468032.0000, max=1404835349921792.0000","2","531411639468032.0000","[MOS-Core] Initial population norms: min=0.0000, mean=531411639468032.0000, max=1404835349921792.0000"
"449","12","MOS-Core","Initial population norms: min=0.0000, mean=531411639468032.0000, max=1404835349921792.0000","3","1404835349921792.0000","[MOS-Core] Initial population norms: min=0.0000, mean=531411639468032.0000, max=1404835349921792.0000"
"450","12","MOS-Core","Budget ratios: min=0.0000, mean=0.3110, max=0.8222","1","0.0000","[MOS-Core] Budget ratios: min=0.0000, mean=0.3110, max=0.8222"
"450","12","MOS-Core","Budget ratios: min=0.0000, mean=0.3110, max=0.8222","2","0.3110","[MOS-Core] Budget ratios: min=0.0000, mean=0.3110, max=0.8222"
"450","12","MOS-Core","Budget ratios: min=0.0000, mean=0.3110, max=0.8222","3","0.8222","[MOS-Core] Budget ratios: min=0.0000, mean=0.3110, max=0.8222"
"451","12","MOS-Core","Clipped ratio: 0.00%","1","0.00","[MOS-Core] Clipped ratio: 0.00%"
"452","12","MOS-Core","Historical seed used: True",,,"[MOS-Core] Historical seed used: True"
"453","12","MOS-Core","Starting NSGA-II evolution...",,,"[MOS-Core] Starting NSGA-II evolution..."
"454","12","MOS-Core","Generations: 100","1","100","[MOS-Core] Generations: 100"
"455","12","MOS-Core","Population size: 10","1","10","[MOS-Core] Population size: 10"
"456","12","MOS-Core","SBX eta: 15.0, crossover_prob: 0.9","1","15.0","[MOS-Core] SBX eta: 15.0, crossover_prob: 0.9"
"456","12","MOS-Core","SBX eta: 15.0, crossover_prob: 0.9","2","0.9","[MOS-Core] SBX eta: 15.0, crossover_prob: 0.9"
"457","12","MOS-Core","Mutation scale: 0.05","1","0.05","[MOS-Core] Mutation scale: 0.05"
"458","12","MOS-Core","Gen 1/100:","1","1","[MOS-Core] Gen 1/100:"
"458","12","MOS-Core","Gen 1/100:","2","100","[MOS-Core] Gen 1/100:"
"459","12","general","Stealth: mean=0.653, best=1.000","1","0.653","Stealth: mean=0.653, best=1.000"
"459","12","general","Stealth: mean=0.653, best=1.000","2","1.000","Stealth: mean=0.653, best=1.000"
"460","12","general","Destructiveness: mean=590471499874304.000, best=1402632165916672.000","1","590471499874304.000","Destructiveness: mean=590471499874304.000, best=1402632165916672.000"
"460","12","general","Destructiveness: mean=590471499874304.000, best=1402632165916672.000","2","1402632165916672.000","Destructiveness: mean=590471499874304.000, best=1402632165916672.000"
"461","12","general","CV: mean=4366689107968.0000, min=0.0000","1","4366689107968.0000","CV: mean=4366689107968.0000, min=0.0000"
"461","12","general","CV: mean=4366689107968.0000, min=0.0000","2","0.0000","CV: mean=4366689107968.0000, min=0.0000"
"462","12","general","Feasibility: count=4, ratio=40.00%","1","4","Feasibility: count=4, ratio=40.00%"
"462","12","general","Feasibility: count=4, ratio=40.00%","2","40.00","Feasibility: count=4, ratio=40.00%"
"463","12","general","Max feasible destruct: 0.216","1","0.216","Max feasible destruct: 0.216"
"464","12","general","Pareto front size: 10","1","10","Pareto front size: 10"
"465","12","general","Budget ratio: mean=0.354, max=0.823","1","0.354","Budget ratio: mean=0.354, max=0.823"
"465","12","general","Budget ratio: mean=0.354, max=0.823","2","0.823","Budget ratio: mean=0.354, max=0.823"
"466","12","general","Radial: mean_ratio=0.354, max_ratio=0.823, mean_score=0.780","1","0.354","Radial: mean_ratio=0.354, max_ratio=0.823, mean_score=0.780"
"466","12","general","Radial: mean_ratio=0.354, max_ratio=0.823, mean_score=0.780","2","0.823","Radial: mean_ratio=0.354, max_ratio=0.823, mean_score=0.780"
"466","12","general","Radial: mean_ratio=0.354, max_ratio=0.823, mean_score=0.780","3","0.780","Radial: mean_ratio=0.354, max_ratio=0.823, mean_score=0.780"
"467","12","general","Sign: mean_ratio=8733378215936.000, max_ratio=20516849057792.000, mean_score=0.399","1","8733378215936.000","Sign: mean_ratio=8733378215936.000, max_ratio=20516849057792.000, mean_score=0.399"
"467","12","general","Sign: mean_ratio=8733378215936.000, max_ratio=20516849057792.000, mean_score=0.399","2","20516849057792.000","Sign: mean_ratio=8733378215936.000, max_ratio=20516849057792.000, mean_score=0.399"
"467","12","general","Sign: mean_ratio=8733378215936.000, max_ratio=20516849057792.000, mean_score=0.399","3","0.399","Sign: mean_ratio=8733378215936.000, max_ratio=20516849057792.000, mean_score=0.399"
"468","12","MOS-Core","Gen 10/100:","1","10","[MOS-Core] Gen 10/100:"
"468","12","MOS-Core","Gen 10/100:","2","100","[MOS-Core] Gen 10/100:"
"469","12","general","Stealth: mean=0.578, best=1.000","1","0.578","Stealth: mean=0.578, best=1.000"
"469","12","general","Stealth: mean=0.578, best=1.000","2","1.000","Stealth: mean=0.578, best=1.000"
"470","12","general","Destructiveness: mean=593656754995200.000, best=1421279437520896.000","1","593656754995200.000","Destructiveness: mean=593656754995200.000, best=1421279437520896.000"
"470","12","general","Destructiveness: mean=593656754995200.000, best=1421279437520896.000","2","1421279437520896.000","Destructiveness: mean=593656754995200.000, best=1421279437520896.000"
"471","12","general","CV: mean=4468684881920.0000, min=0.0000","1","4468684881920.0000","CV: mean=4468684881920.0000, min=0.0000"
"471","12","general","CV: mean=4468684881920.0000, min=0.0000","2","0.0000","CV: mean=4468684881920.0000, min=0.0000"
"472","12","general","Feasibility: count=2, ratio=20.00%","1","2","Feasibility: count=2, ratio=20.00%"
"472","12","general","Feasibility: count=2, ratio=20.00%","2","20.00","Feasibility: count=2, ratio=20.00%"
"473","12","general","Max feasible destruct: 0.666","1","0.666","Max feasible destruct: 0.666"
"474","12","general","Pareto front size: 10","1","10","Pareto front size: 10"
"475","12","general","Budget ratio: mean=0.368, max=0.841","1","0.368","Budget ratio: mean=0.368, max=0.841"
"475","12","general","Budget ratio: mean=0.368, max=0.841","2","0.841","Budget ratio: mean=0.368, max=0.841"
"476","12","general","Radial: mean_ratio=0.368, max_ratio=0.841, mean_score=0.768","1","0.368","Radial: mean_ratio=0.368, max_ratio=0.841, mean_score=0.768"
"476","12","general","Radial: mean_ratio=0.368, max_ratio=0.841, mean_score=0.768","2","0.841","Radial: mean_ratio=0.368, max_ratio=0.841, mean_score=0.768"
"476","12","general","Radial: mean_ratio=0.368, max_ratio=0.841, mean_score=0.768","3","0.768","Radial: mean_ratio=0.368, max_ratio=0.841, mean_score=0.768"
"477","12","general","Sign: mean_ratio=8937369763840.000, max_ratio=20664593416192.000, mean_score=0.197","1","8937369763840.000","Sign: mean_ratio=8937369763840.000, max_ratio=20664593416192.000, mean_score=0.197"
"477","12","general","Sign: mean_ratio=8937369763840.000, max_ratio=20664593416192.000, mean_score=0.197","2","20664593416192.000","Sign: mean_ratio=8937369763840.000, max_ratio=20664593416192.000, mean_score=0.197"
"477","12","general","Sign: mean_ratio=8937369763840.000, max_ratio=20664593416192.000, mean_score=0.197","3","0.197","Sign: mean_ratio=8937369763840.000, max_ratio=20664593416192.000, mean_score=0.197"
"478","12","MOS-Core","Gen 20/100:","1","20","[MOS-Core] Gen 20/100:"
"478","12","MOS-Core","Gen 20/100:","2","100","[MOS-Core] Gen 20/100:"
"479","12","general","Stealth: mean=0.575, best=1.000","1","0.575","Stealth: mean=0.575, best=1.000"
"479","12","general","Stealth: mean=0.575, best=1.000","2","1.000","Stealth: mean=0.575, best=1.000"
"480","12","general","Destructiveness: mean=596992333971456.000, best=1428693356380160.000","1","596992333971456.000","Destructiveness: mean=596992333971456.000, best=1428693356380160.000"
"480","12","general","Destructiveness: mean=596992333971456.000, best=1428693356380160.000","2","1428693356380160.000","Destructiveness: mean=596992333971456.000, best=1428693356380160.000"
"481","12","general","CV: mean=4478871797760.0000, min=0.0000","1","4478871797760.0000","CV: mean=4478871797760.0000, min=0.0000"
"481","12","general","CV: mean=4478871797760.0000, min=0.0000","2","0.0000","CV: mean=4478871797760.0000, min=0.0000"
"482","12","general","Feasibility: count=2, ratio=20.00%","1","2","Feasibility: count=2, ratio=20.00%"
"482","12","general","Feasibility: count=2, ratio=20.00%","2","20.00","Feasibility: count=2, ratio=20.00%"
