/home3/zbh25lsb/data/LASA-master/utils/data_pre_process.py:300: UserWarning: To copy construct from a tensor, it is recommended to use sourceTensor.clone().detach() or sourceTensor.clone().detach().requires_grad_(True), rather than torch.tensor(sourceTensor).
  labels_sorted = torch.tensor(dataset.targets).sort()
############ Case 0 ############
--------------- data setup ---------------------------------
Files already downloaded and verified
Files already downloaded and verified
Creating validation dataset from testing dataset...
length of dataset:70000
num. of training data:50000
num. of testing data:10000
num. of validation data:10000
num. of users:100
average num. of samples per user:500
--------------- model setup --------------------------------
model dim: 11183582
--------------- training... --------------------------------
Fixed malicious clients: 20 out of 100 total users (20.0%)
attack numbers = 4
[FiniteAudit] round=0 checkpoint_promoted_after_benign=True
current iteration attack ratio: 0.16

============================================================
[MOS-Core] Starting MOS-Attack
============================================================
[MOS-Core] Total parameters: 11,183,582
[MOS-Core] Benign clients: 21
[MOS-Core] Malicious slots: 4
[MOS-Core] Benign mean norm: 1828.3033
[MOS-Core] Benign std (mean): 0.0191
[MOS-Core] ce_raw_norm=0.19625045359134674
[MOS-Core] cw_raw_norm=1.2068815231323242
[MOS-Core] ce_valid=True
[MOS-Core] cw_valid=True
[MOS-Core] ce_cw_cosine=-0.174740731716156
[MOS-Core] combined_pre_norm=0.6423625349998474
[MOS-Core] historical_direction_valid=False
[MOS-Core] historical_direction_norm=0.0
[MOS-Core] guidance_history_cosine=nan
[MOS-Core] guidance_source=ce_cw_combined
[MOS-Core] guidance_fallback_used=False
[MOS-Core] final_guidance_norm=1.000000
[MOS-Core] Base radial threshold (q=0.95): 9901.0586
[MOS-Core] Attack budget ratio: 1.0
[MOS-Core] current_budget=9901.058594
[MOS-Core] current_budget_valid=True

[MOS-Core] Initializing constraints...
[MOS-Core] Enabled constraints: Radial, Sign
[MOS-Core] Radial weight: 1.0
[MOS-Core] Sign weight: 0.5, layer_reduce: quantile
[MOS-Core]   Radial threshold: 9901.0586
[MOS-Core]   Sign threshold: 3.2645

[MOS-Core] Initializing population (size=10)...
[MOS-Core] constraint_mode=strict
[MOS-Core] objective_mode=dual
[MOS-Core] alpha_feasible=0.003067 boundary_width=7.62939e-06 refinements=13
[MOS-Boundary] alpha_feasible=0.003067 alpha_infeasible=0.003075 limiting_constraint=sign left=radial:ratio=0.00306702:score=0.996942:violation=0|sign:ratio=0.998623:score=0.500344:violation=0 right=radial:ratio=0.00307465:score=0.996935:violation=0|sign:ratio=1.00129:score=0.499677:violation=0.00129378
[MOS-Core] adaptive_guided_init=True alpha_feasible=0.003067 alpha_init=0.003067 scales=[0.0, 0.0006134033203125, 0.001226806640625, 0.0018402099609375, 0.00245361328125, 0.0030670166015625]
[MOS-Core] Generated 6 scale-based seeds: [0.0, 0.0006134033203125, 0.001226806640625, 0.0018402099609375, 0.00245361328125, 0.0030670166015625]
[MOS-Core] Generated 4 random candidates (noise_scale=0.1)
[MOS-Core] Initial population norms: min=0.0000, mean=2950.8652, max=8385.0254
[MOS-Core] Budget ratios: min=0.0000, mean=0.2980, max=0.8469
[MOS-Core] Clipped ratio: 0.00%
[MOS-Core] Historical seed used: False

[MOS-Core] Starting NSGA-II evolution...
[MOS-Core] Generations: 100
[MOS-Core] Population size: 10
[MOS-Core] SBX eta: 15.0, crossover_prob: 0.9
[MOS-Core] Mutation scale: 0.05
[MOS-Core] Gen 1/100:
  Stealth: mean=0.910, best=1.000
  Destructiveness: mean=13.372, best=30.367
  CV: mean=0.0000, min=0.0000
  Feasibility: count=10, ratio=100.00%
  Max feasible destruct: 30.367
  Pareto front size: 9
  Budget ratio: mean=0.011, max=0.029
  Radial: mean_ratio=0.011, max_ratio=0.029, mean_score=0.990
  Sign: mean_ratio=0.404, max_ratio=0.999, mean_score=0.751
[MOS-Core] Gen 10/100:
  Stealth: mean=0.906, best=1.000
  Destructiveness: mean=13.984, best=30.367
  CV: mean=0.0000, min=0.0000
  Feasibility: count=10, ratio=100.00%
  Max feasible destruct: 30.367
  Pareto front size: 10
  Budget ratio: mean=0.013, max=0.026
  Radial: mean_ratio=0.013, max_ratio=0.026, mean_score=0.988
  Sign: mean_ratio=0.427, max_ratio=0.999, mean_score=0.743
[MOS-Core] Gen 20/100:
  Stealth: mean=0.892, best=1.000
  Destructiveness: mean=14.686, best=30.430
  CV: mean=0.0000, min=0.0000
  Feasibility: count=10, ratio=100.00%
  Max feasible destruct: 30.430
  Pareto front size: 10
  Budget ratio: mean=0.026, max=0.054
  Radial: mean_ratio=0.026, max_ratio=0.054, mean_score=0.975
  Sign: mean_ratio=0.451, max_ratio=1.000, mean_score=0.726
[MOS-Core] Gen 30/100:
  Stealth: mean=0.902, best=1.000
  Destructiveness: mean=12.853, best=30.430
  CV: mean=0.0000, min=0.0000
  Feasibility: count=10, ratio=100.00%
  Max feasible destruct: 30.430
  Pareto front size: 10
  Budget ratio: mean=0.027, max=0.055
  Radial: mean_ratio=0.027, max_ratio=0.055, mean_score=0.974
  Sign: mean_ratio=0.386, max_ratio=1.000, mean_score=0.758
[MOS-Core] Gen 40/100:
  Stealth: mean=0.899, best=1.000
  Destructiveness: mean=12.972, best=30.430
  CV: mean=0.0000, min=0.0000
  Feasibility: count=10, ratio=100.00%
  Max feasible destruct: 30.430
  Pareto front size: 10
  Budget ratio: mean=0.032, max=0.061
  Radial: mean_ratio=0.032, max_ratio=0.061, mean_score=0.969
  Sign: mean_ratio=0.399, max_ratio=1.000, mean_score=0.759
[MOS-Core] Gen 50/100:
  Stealth: mean=0.891, best=1.000
  Destructiveness: mean=14.235, best=30.430
  CV: mean=0.0000, min=0.0000
  Feasibility: count=10, ratio=100.00%
  Max feasible destruct: 30.430
  Pareto front size: 10
  Budget ratio: mean=0.031, max=0.071
  Radial: mean_ratio=0.031, max_ratio=0.071, mean_score=0.970
  Sign: mean_ratio=0.445, max_ratio=1.000, mean_score=0.732
[MOS-Core] Gen 60/100:
  Stealth: mean=0.886, best=1.000
  Destructiveness: mean=14.276, best=30.430
  CV: mean=0.0000, min=0.0000
  Feasibility: count=10, ratio=100.00%
  Max feasible destruct: 30.430
  Pareto front size: 10
  Budget ratio: mean=0.034, max=0.081
  Radial: mean_ratio=0.034, max_ratio=0.081, mean_score=0.968
  Sign: mean_ratio=0.455, max_ratio=1.000, mean_score=0.723
[MOS-Core] Gen 70/100:
  Stealth: mean=0.896, best=1.000
  Destructiveness: mean=12.508, best=30.430
  CV: mean=0.0000, min=0.0000
  Feasibility: count=10, ratio=100.00%
  Max feasible destruct: 30.430
  Pareto front size: 10
  Budget ratio: mean=0.036, max=0.080
  Radial: mean_ratio=0.036, max_ratio=0.080, mean_score=0.966
  Sign: mean_ratio=0.402, max_ratio=1.000, mean_score=0.757
[MOS-Core] Gen 80/100:
  Stealth: mean=0.897, best=1.000
  Destructiveness: mean=12.428, best=30.430
  CV: mean=0.0000, min=0.0000
  Feasibility: count=10, ratio=100.00%
  Max feasible destruct: 30.430
  Pareto front size: 10
  Budget ratio: mean=0.034, max=0.081
  Radial: mean_ratio=0.034, max_ratio=0.081, mean_score=0.968
  Sign: mean_ratio=0.402, max_ratio=1.000, mean_score=0.756
[MOS-Core] Gen 90/100:
  Stealth: mean=0.895, best=1.000
  Destructiveness: mean=12.464, best=30.430
  CV: mean=0.0000, min=0.0000
  Feasibility: count=10, ratio=100.00%
  Max feasible destruct: 30.430
  Pareto front size: 10
  Budget ratio: mean=0.037, max=0.081
  Radial: mean_ratio=0.037, max_ratio=0.081, mean_score=0.965
  Sign: mean_ratio=0.402, max_ratio=1.000, mean_score=0.755
[MOS-Core] Gen 100/100:
  Stealth: mean=0.885, best=1.000
  Destructiveness: mean=13.683, best=30.430
  CV: mean=0.0000, min=0.0000
  Feasibility: count=10, ratio=100.00%
  Max feasible destruct: 30.430
  Pareto front size: 10
  Budget ratio: mean=0.042, max=0.080
  Radial: mean_ratio=0.042, max_ratio=0.080, mean_score=0.961
  Sign: mean_ratio=0.435, max_ratio=1.000, mean_score=0.732

[MOS-Core] Selecting final solution...
[MOS-Core] Selection parameters:
  Lambda_s (stealth weight): 0.50
  Lambda_a (attack weight): 0.50
  Attack floor ratio: 3.0430

[MOS-Core] Feasibility summary:
  Feasible solutions: 10
  Feasible ratio: 100.00%
  Selection mode: feasible
  Min CV in front: 0.0000

[MOS-Core] Pareto front summary:
  Front size: 10
  Stealth range: [0.808, 1.000]
  Destructiveness range: [0.000, 30.430]
  CV range: [0.0000, 0.0000]
  Candidates after attack floor: 7

[MOS-Core] Selected solution (index=2):
[MOS-Core]   Constraint pass score (R): 0.916
[MOS-Core]   Destructiveness (A): 12.147
[MOS-Core]   Total CV: 0.0000
[MOS-Core]   Deviation norm: 12.1467
[MOS-Core]   Budget usage: 0.12%
[MOS-Core] selection_mode=balanced_knee
[MOS-Core] selected_budget_ratio=0.001227
[MOS-Core] selected_stealth=0.915963
[MOS-Core] selected_destructiveness=12.146654
[MOS-Core] selected_R=0.915963
[MOS-Core] selected_A=12.146654
[MOS-Core] selected_cv=0.000000
[MOS-Core] selected_CV=0.000000
[MOS-Core] selected_feasible=True
[MOS-Core] selected_guidance_alignment=1.000000
[MOS-Core] Per-constraint details:
[MOS-Core]   Radial: score=0.999, ratio=0.001, violation=0.000, loss=12.1467, threshold=9901.0586
[MOS-Core]   Sign: score=0.750, ratio=0.333, violation=0.000, loss=1.0862, threshold=3.2645

[MOS-Core] Generating 4 malicious updates...
[MOS-Core] Template noise scale: 0.0001
[MOS-Core] Output norms: min=12.1545, mean=12.1570, max=12.1584
[MOS-Core] Attack completed successfully
============================================================

[MOS-Core] alpha_feasible=1.000000 boundary_width=0.000000 refinements=0
[MOS-Boundary] alpha_feasible=1.000000 alpha_infeasible=none limiting_constraint=none left=radial:ratio=1:score=0.5:violation=0 right=none
[MOS-Core] alpha_feasible=0.003067 boundary_width=7.62939e-06 refinements=13
[MOS-Boundary] alpha_feasible=0.003067 alpha_infeasible=0.003075 limiting_constraint=sign left=sign:ratio=0.998623:score=0.500344:violation=0 right=sign:ratio=1.00129:score=0.499677:violation=0.00129378
[MOS-Core] alpha_feasible=0.003067 boundary_width=7.62939e-06 refinements=13
[MOS-Boundary] alpha_feasible=0.003067 alpha_infeasible=0.003075 limiting_constraint=sign left=radial:ratio=0.00306702:score=0.996942:violation=0|sign:ratio=0.998623:score=0.500344:violation=0 right=radial:ratio=0.00307465:score=0.996935:violation=0|sign:ratio=1.00129:score=0.499677:violation=0.00129378
[MOS-Core] alpha_feasible=0.003067 boundary_width=7.62939e-06 refinements=13
[MOS-Boundary] alpha_feasible=0.003067 alpha_infeasible=0.003075 limiting_constraint=sign left=radial:ratio=0.00306702:score=0.996942:violation=0|sign:ratio=0.998623:score=0.500344:violation=0 right=radial:ratio=0.00307465:score=0.996935:violation=0|sign:ratio=1.00129:score=0.499677:violation=0.00129378

============================================================
[MOS-Core] Starting MOS-Attack
============================================================
[MOS-Core] Total parameters: 11,183,582
[MOS-Core] Benign clients: 21
[MOS-Core] Malicious slots: 4
[MOS-Core] Benign mean norm: 1828.3033
[MOS-Core] Benign std (mean): 0.0191
[MOS-Core] ce_raw_norm=0.19625045359134674
[MOS-Core] cw_raw_norm=1.2068815231323242
[MOS-Core] ce_valid=True
[MOS-Core] cw_valid=True
[MOS-Core] ce_cw_cosine=-0.174740731716156
[MOS-Core] combined_pre_norm=0.6423625349998474
[MOS-Core] historical_direction_valid=False
[MOS-Core] historical_direction_norm=0.0
[MOS-Core] guidance_history_cosine=nan
[MOS-Core] guidance_source=ce_cw_combined
[MOS-Core] guidance_fallback_used=False
[MOS-Core] final_guidance_norm=1.000000
[MOS-Core] Base radial threshold (q=0.95): 9901.0586
[MOS-Core] Attack budget ratio: 1.0
[MOS-Core] current_budget=9901.058594
[MOS-Core] current_budget_valid=True

[MOS-Core] Initializing constraints...
[MOS-Core] Enabled constraints: Radial, Sign
[MOS-Core] Radial weight: 1.0
[MOS-Core] Sign weight: 0.5, layer_reduce: quantile
[MOS-Core]   Radial threshold: 9901.0586
[MOS-Core]   Sign threshold: 3.2645

[MOS-Core] Initializing population (size=10)...
[MOS-Core] constraint_mode=strict
[MOS-Core] objective_mode=dual
[MOS-Core] alpha_feasible=0.003067 boundary_width=7.62939e-06 refinements=13
[MOS-Boundary] alpha_feasible=0.003067 alpha_infeasible=0.003075 limiting_constraint=sign left=radial:ratio=0.00306702:score=0.996942:violation=0|sign:ratio=0.998623:score=0.500344:violation=0 right=radial:ratio=0.00307465:score=0.996935:violation=0|sign:ratio=1.00129:score=0.499677:violation=0.00129378
[MOS-Core] adaptive_guided_init=True alpha_feasible=0.003067 alpha_init=0.003067 scales=[0.0, 0.0006134033203125, 0.001226806640625, 0.0018402099609375, 0.00245361328125, 0.0030670166015625]
[MOS-Core] Generated 6 scale-based seeds: [0.0, 0.0006134033203125, 0.001226806640625, 0.0018402099609375, 0.00245361328125, 0.0030670166015625]
[MOS-Core] Generated 4 random candidates (noise_scale=0.1)
[MOS-Core] Initial population norms: min=0.0000, mean=1785.7428, max=6518.4141
[MOS-Core] Budget ratios: min=0.0000, mean=0.1804, max=0.6584
[MOS-Core] Clipped ratio: 0.00%
[MOS-Core] Historical seed used: False

[MOS-Core] Starting NSGA-II evolution...
[MOS-Core] Generations: 100
[MOS-Core] Population size: 10
[MOS-Core] SBX eta: 15.0, crossover_prob: 0.9
[MOS-Core] Mutation scale: 0.05
[MOS-Core] Gen 1/100:
  Stealth: mean=0.906, best=1.000
  Destructiveness: mean=13.971, best=30.367
  CV: mean=0.0000, min=0.0000
  Feasibility: count=10, ratio=100.00%
  Max feasible destruct: 30.367
  Pareto front size: 8
  Budget ratio: mean=0.011, max=0.028
  Radial: mean_ratio=0.011, max_ratio=0.028, mean_score=0.989
  Sign: mean_ratio=0.414, max_ratio=0.999, mean_score=0.738
[MOS-Core] Gen 10/100:
  Stealth: mean=0.892, best=1.000
  Destructiveness: mean=16.431, best=30.415
  CV: mean=0.0000, min=0.0000
  Feasibility: count=10, ratio=100.00%
  Max feasible destruct: 30.415
  Pareto front size: 10
  Budget ratio: mean=0.014, max=0.035
  Radial: mean_ratio=0.014, max_ratio=0.035, mean_score=0.986
  Sign: mean_ratio=0.516, max_ratio=0.999, mean_score=0.703
[MOS-Core] Gen 20/100:
  Stealth: mean=0.895, best=1.000
  Destructiveness: mean=15.235, best=30.453
  CV: mean=0.0000, min=0.0000
  Feasibility: count=10, ratio=100.00%
  Max feasible destruct: 30.453
  Pareto front size: 10
  Budget ratio: mean=0.018, max=0.052
  Radial: mean_ratio=0.018, max_ratio=0.052, mean_score=0.982
  Sign: mean_ratio=0.459, max_ratio=0.999, mean_score=0.720
[MOS-Core] Gen 30/100:
  Stealth: mean=0.890, best=1.000
  Destructiveness: mean=14.721, best=30.459
  CV: mean=0.0000, min=0.0000
  Feasibility: count=10, ratio=100.00%
  Max feasible destruct: 30.459
  Pareto front size: 10
  Budget ratio: mean=0.028, max=0.067
  Radial: mean_ratio=0.028, max_ratio=0.067, mean_score=0.974
  Sign: mean_ratio=0.454, max_ratio=1.000, mean_score=0.724
[MOS-Core] Gen 40/100:
  Stealth: mean=0.887, best=1.000
  Destructiveness: mean=14.266, best=30.459
  CV: mean=0.0000, min=0.0000
  Feasibility: count=10, ratio=100.00%
  Max feasible destruct: 30.459
  Pareto front size: 10
  Budget ratio: mean=0.034, max=0.070
  Radial: mean_ratio=0.034, max_ratio=0.070, mean_score=0.968
  Sign: mean_ratio=0.452, max_ratio=1.000, mean_score=0.726
[MOS-Core] Gen 50/100:
  Stealth: mean=0.884, best=1.000
  Destructiveness: mean=14.255, best=30.459
  CV: mean=0.0000, min=0.0000
  Feasibility: count=10, ratio=100.00%
  Max feasible destruct: 30.459
  Pareto front size: 10
  Budget ratio: mean=0.040, max=0.084
  Radial: mean_ratio=0.040, max_ratio=0.084, mean_score=0.962
  Sign: mean_ratio=0.451, max_ratio=1.000, mean_score=0.728
[MOS-Core] Gen 60/100:
  Stealth: mean=0.889, best=1.000
  Destructiveness: mean=14.255, best=30.459
  CV: mean=0.0000, min=0.0000
  Feasibility: count=10, ratio=100.00%
  Max feasible destruct: 30.459
  Pareto front size: 10
  Budget ratio: mean=0.036, max=0.077
  Radial: mean_ratio=0.036, max_ratio=0.077, mean_score=0.966
  Sign: mean_ratio=0.442, max_ratio=1.000, mean_score=0.735
[MOS-Core] Gen 70/100:
  Stealth: mean=0.898, best=1.000
  Destructiveness: mean=11.951, best=30.459
  CV: mean=0.0000, min=0.0000
  Feasibility: count=10, ratio=100.00%
  Max feasible destruct: 30.459
  Pareto front size: 10
  Budget ratio: mean=0.041, max=0.081
  Radial: mean_ratio=0.041, max_ratio=0.081, mean_score=0.961
  Sign: mean_ratio=0.371, max_ratio=1.000, mean_score=0.770
[MOS-Core] Gen 80/100:
  Stealth: mean=0.899, best=1.000
  Destructiveness: mean=11.887, best=30.459
  CV: mean=0.0000, min=0.0000
  Feasibility: count=10, ratio=100.00%
  Max feasible destruct: 30.459
  Pareto front size: 10
  Budget ratio: mean=0.038, max=0.090
  Radial: mean_ratio=0.038, max_ratio=0.090, mean_score=0.964
  Sign: mean_ratio=0.374, max_ratio=1.000, mean_score=0.769
[MOS-Core] Gen 90/100:
  Stealth: mean=0.881, best=1.000
  Destructiveness: mean=14.362, best=30.459
  CV: mean=0.0000, min=0.0000
  Feasibility: count=10, ratio=100.00%
  Max feasible destruct: 30.459
  Pareto front size: 10
  Budget ratio: mean=0.043, max=0.090
  Radial: mean_ratio=0.043, max_ratio=0.090, mean_score=0.960
  Sign: mean_ratio=0.456, max_ratio=1.000, mean_score=0.724
[MOS-Core] Gen 100/100:
  Stealth: mean=0.900, best=1.000
  Destructiveness: mean=11.870, best=30.459
  CV: mean=0.0000, min=0.0000
  Feasibility: count=10, ratio=100.00%
  Max feasible destruct: 30.459
  Pareto front size: 10
  Budget ratio: mean=0.036, max=0.090
  Radial: mean_ratio=0.036, max_ratio=0.090, mean_score=0.966
  Sign: mean_ratio=0.376, max_ratio=1.000, mean_score=0.768

[MOS-Core] Selecting final solution...
[MOS-Core] Selection parameters:
  Lambda_s (stealth weight): 0.50
  Lambda_a (attack weight): 0.50
  Attack floor ratio: 3.0459

[MOS-Core] Feasibility summary:
  Feasible solutions: 10
  Feasible ratio: 100.00%
  Selection mode: feasible
  Min CV in front: 0.0000

[MOS-Core] Pareto front summary:
  Front size: 10
  Stealth range: [0.802, 1.000]
  Destructiveness range: [0.000, 30.459]
  CV range: [0.0000, 0.0000]
  Candidates after attack floor: 6

[MOS-Core] Selected solution (index=7):
[MOS-Core]   Constraint pass score (R): 0.878
[MOS-Core]   Destructiveness (A): 18.220
[MOS-Core]   Total CV: 0.0000
[MOS-Core]   Deviation norm: 18.2200
[MOS-Core]   Budget usage: 0.18%
[MOS-Core] selection_mode=balanced_knee
[MOS-Core] selected_budget_ratio=0.001840
[MOS-Core] selected_stealth=0.878452
[MOS-Core] selected_destructiveness=18.219982
[MOS-Core] selected_R=0.878452
[MOS-Core] selected_A=18.219982
[MOS-Core] selected_cv=0.000000
[MOS-Core] selected_CV=0.000000
[MOS-Core] selected_feasible=True
[MOS-Core] selected_guidance_alignment=1.000000
[MOS-Core] Per-constraint details:
[MOS-Core]   Radial: score=0.998, ratio=0.002, violation=0.000, loss=18.2200, threshold=9901.0586
[MOS-Core]   Sign: score=0.639, ratio=0.565, violation=0.000, loss=1.8440, threshold=3.2645

[MOS-Core] Generating 4 malicious updates...
[MOS-Core] Template noise scale: 0.0001
[MOS-Core] Output norms: min=18.2268, mean=18.2271, max=18.2278
[MOS-Core] Attack completed successfully
============================================================


============================================================
[MOS-Core] Starting MOS-Attack
============================================================
[MOS-Core] Total parameters: 11,183,582
[MOS-Core] Benign clients: 21
[MOS-Core] Malicious slots: 4
[MOS-Core] Benign mean norm: 1828.3033
[MOS-Core] Benign std (mean): 0.0191
[MOS-Core] ce_raw_norm=0.19625045359134674
[MOS-Core] cw_raw_norm=1.2068815231323242
[MOS-Core] ce_valid=True
[MOS-Core] cw_valid=True
[MOS-Core] ce_cw_cosine=-0.174740731716156
[MOS-Core] combined_pre_norm=0.6423625349998474
[MOS-Core] historical_direction_valid=False
[MOS-Core] historical_direction_norm=0.0
[MOS-Core] guidance_history_cosine=nan
[MOS-Core] guidance_source=ce_cw_combined
[MOS-Core] guidance_fallback_used=False
[MOS-Core] final_guidance_norm=1.000000
[MOS-Core] Base radial threshold (q=0.95): 9901.0586
[MOS-Core] Attack budget ratio: 1.0
[MOS-Core] current_budget=9901.058594
[MOS-Core] current_budget_valid=True

[MOS-Core] Initializing constraints...
[MOS-Core] Enabled constraints: Radial, Sign
[MOS-Core] Radial weight: 1.0
[MOS-Core] Sign weight: 0.5, layer_reduce: quantile
[MOS-Core]   Radial threshold: 9901.0586
[MOS-Core]   Sign threshold: 3.2645

[MOS-Core] Initializing population (size=10)...
[MOS-Core] constraint_mode=strict
[MOS-Core] objective_mode=a_only
[MOS-Core] alpha_feasible=0.003067 boundary_width=7.62939e-06 refinements=13
[MOS-Boundary] alpha_feasible=0.003067 alpha_infeasible=0.003075 limiting_constraint=sign left=radial:ratio=0.00306702:score=0.996942:violation=0|sign:ratio=0.998623:score=0.500344:violation=0 right=radial:ratio=0.00307465:score=0.996935:violation=0|sign:ratio=1.00129:score=0.499677:violation=0.00129378
[MOS-Core] adaptive_guided_init=True alpha_feasible=0.003067 alpha_init=0.003067 scales=[0.0, 0.0006134033203125, 0.001226806640625, 0.0018402099609375, 0.00245361328125, 0.0030670166015625]
[MOS-Core] Generated 6 scale-based seeds: [0.0, 0.0006134033203125, 0.001226806640625, 0.0018402099609375, 0.00245361328125, 0.0030670166015625]
[MOS-Core] Generated 4 random candidates (noise_scale=0.1)
[MOS-Core] Initial population norms: min=0.0000, mean=1785.7428, max=6518.4141
[MOS-Core] Budget ratios: min=0.0000, mean=0.1804, max=0.6584
[MOS-Core] Clipped ratio: 0.00%
[MOS-Core] Historical seed used: False

[MOS-Core] Starting NSGA-II evolution...
[MOS-Core] Generations: 100
[MOS-Core] Population size: 10
[MOS-Core] SBX eta: 15.0, crossover_prob: 0.9
[MOS-Core] Mutation scale: 0.05
[MOS-Core] Gen 1/100:
  Stealth: mean=0.892, best=0.965
  Destructiveness: mean=15.789, best=30.367
  CV: mean=0.0000, min=0.0000
  Feasibility: count=10, ratio=100.00%
  Max feasible destruct: 30.367
  Pareto front size: 1
  Budget ratio: mean=0.014, max=0.028
  Radial: mean_ratio=0.014, max_ratio=0.028, mean_score=0.987
  Sign: mean_ratio=0.471, max_ratio=0.999, mean_score=0.702
[MOS-Core] Gen 10/100:
  Stealth: mean=0.806, best=0.811
  Destructiveness: mean=30.416, best=30.424
  CV: mean=0.0000, min=0.0000
  Feasibility: count=10, ratio=100.00%
  Max feasible destruct: 30.424
  Pareto front size: 1
  Budget ratio: mean=0.043, max=0.060
  Radial: mean_ratio=0.043, max_ratio=0.060, mean_score=0.959
  Sign: mean_ratio=1.000, max_ratio=1.000, mean_score=0.500
[MOS-Core] Gen 20/100:
  Stealth: mean=0.797, best=0.803
  Destructiveness: mean=30.438, best=30.449
  CV: mean=0.0000, min=0.0000
  Feasibility: count=10, ratio=100.00%
  Max feasible destruct: 30.449
  Pareto front size: 1
  Budget ratio: mean=0.058, max=0.065
  Radial: mean_ratio=0.058, max_ratio=0.065, mean_score=0.946
  Sign: mean_ratio=1.000, max_ratio=1.000, mean_score=0.500
[MOS-Core] Gen 30/100:
  Stealth: mean=0.796, best=0.801
  Destructiveness: mean=30.455, best=30.458
  CV: mean=0.0000, min=0.0000
  Feasibility: count=10, ratio=100.00%
  Max feasible destruct: 30.458
  Pareto front size: 1
  Budget ratio: mean=0.059, max=0.065
  Radial: mean_ratio=0.059, max_ratio=0.065, mean_score=0.944
  Sign: mean_ratio=1.000, max_ratio=1.000, mean_score=0.500
[MOS-Core] Gen 40/100:
  Stealth: mean=0.792, best=0.796
  Destructiveness: mean=30.461, best=30.466
  CV: mean=0.0000, min=0.0000
  Feasibility: count=10, ratio=100.00%
  Max feasible destruct: 30.466
  Pareto front size: 1
  Budget ratio: mean=0.065, max=0.073
  Radial: mean_ratio=0.065, max_ratio=0.073, mean_score=0.939
  Sign: mean_ratio=1.000, max_ratio=1.000, mean_score=0.500
[MOS-Core] Gen 50/100:
  Stealth: mean=0.791, best=0.796
  Destructiveness: mean=30.472, best=30.481
  CV: mean=0.0000, min=0.0000
  Feasibility: count=10, ratio=100.00%
  Max feasible destruct: 30.481
  Pareto front size: 1
  Budget ratio: mean=0.068, max=0.074
  Radial: mean_ratio=0.068, max_ratio=0.074, mean_score=0.936
  Sign: mean_ratio=1.000, max_ratio=1.000, mean_score=0.500
[MOS-Core] Gen 60/100:
  Stealth: mean=0.785, best=0.790
  Destructiveness: mean=30.480, best=30.487
  CV: mean=0.0000, min=0.0000
  Feasibility: count=10, ratio=100.00%
  Max feasible destruct: 30.487
  Pareto front size: 1
  Budget ratio: mean=0.079, max=0.086
  Radial: mean_ratio=0.079, max_ratio=0.086, mean_score=0.927
  Sign: mean_ratio=1.000, max_ratio=1.000, mean_score=0.500
[MOS-Core] Gen 70/100:
  Stealth: mean=0.781, best=0.786
  Destructiveness: mean=30.486, best=30.493
  CV: mean=0.0000, min=0.0000
  Feasibility: count=10, ratio=100.00%
  Max feasible destruct: 30.493
  Pareto front size: 1
  Budget ratio: mean=0.085, max=0.095
  Radial: mean_ratio=0.085, max_ratio=0.095, mean_score=0.921
  Sign: mean_ratio=1.000, max_ratio=1.000, mean_score=0.500
[MOS-Core] Gen 80/100:
  Stealth: mean=0.778, best=0.783
  Destructiveness: mean=30.492, best=30.504
  CV: mean=0.0000, min=0.0000
  Feasibility: count=10, ratio=100.00%
  Max feasible destruct: 30.504
  Pareto front size: 1
  Budget ratio: mean=0.090, max=0.099
  Radial: mean_ratio=0.090, max_ratio=0.099, mean_score=0.917
  Sign: mean_ratio=1.000, max_ratio=1.000, mean_score=0.500
[MOS-Core] Gen 90/100:
  Stealth: mean=0.772, best=0.776
  Destructiveness: mean=30.507, best=30.519
  CV: mean=0.0000, min=0.0000
  Feasibility: count=10, ratio=100.00%
  Max feasible destruct: 30.519
  Pareto front size: 1
  Budget ratio: mean=0.102, max=0.111
  Radial: mean_ratio=0.102, max_ratio=0.111, mean_score=0.908
  Sign: mean_ratio=1.000, max_ratio=1.000, mean_score=0.500
[MOS-Core] Gen 100/100:
  Stealth: mean=0.770, best=0.773
  Destructiveness: mean=30.516, best=30.525
  CV: mean=0.0000, min=0.0000
  Feasibility: count=10, ratio=100.00%
  Max feasible destruct: 30.525
  Pareto front size: 1
  Budget ratio: mean=0.105, max=0.114
  Radial: mean_ratio=0.105, max_ratio=0.114, mean_score=0.905
  Sign: mean_ratio=1.000, max_ratio=1.000, mean_score=0.500

[MOS-Core] Selecting final solution...
[MOS-Core] Selection parameters:
  Lambda_s (stealth weight): 0.50
  Lambda_a (attack weight): 0.50
  Attack floor ratio: 0.0000

[MOS-Core] Feasibility summary:
  Feasible solutions: 10
  Feasible ratio: 100.00%
  Selection mode: feasible
  Min CV in front: 0.0000

[MOS-Core] Pareto front summary:
  Front size: 10
  Stealth range: [0.765, 0.773]
  Destructiveness range: [30.510, 30.525]
  CV range: [0.0000, 0.0000]
  Candidates after attack floor: 10

[MOS-Core] Selected solution (index=0):
[MOS-Core]   Constraint pass score (R): 0.768
[MOS-Core]   Destructiveness (A): 30.525
[MOS-Core]   Total CV: 0.0000
[MOS-Core]   Deviation norm: 1082.2367
[MOS-Core]   Budget usage: 10.93%
[MOS-Core] selection_mode=a_only
[MOS-Core] selected_budget_ratio=0.109305
[MOS-Core] selected_stealth=0.767647
[MOS-Core] selected_destructiveness=30.524824
[MOS-Core] selected_R=0.767647
[MOS-Core] selected_A=30.524824
[MOS-Core] selected_cv=0.000000
[MOS-Core] selected_CV=0.000000
[MOS-Core] selected_feasible=True
[MOS-Core] selected_guidance_alignment=0.028205
[MOS-Core] Per-constraint details:
[MOS-Core]   Radial: score=0.901, ratio=0.109, violation=0.000, loss=1082.2367, threshold=9901.0586
[MOS-Core]   Sign: score=0.500, ratio=1.000, violation=0.000, loss=3.2644, threshold=3.2645

[MOS-Core] Generating 4 malicious updates...
[MOS-Core] Template noise scale: 0.0001
[MOS-Core] Output norms: min=1082.1943, mean=1082.2318, max=1082.2838
[MOS-Core] Attack completed successfully
============================================================

[MOS-Diagnostics] round=0 proxy=10 sign=3 shadow=2
attack:mos_attack
defend:multi_krum
[FiniteAudit] round=0 defense=multi_krum selected_count=3 selected_malicious_count=1 selected_updates_finite=True selected_indices=[15, 1, 17]
[FiniteAudit] round=0 global_pre_finite=True benign_updates_finite=True malicious_updates_finite=True attack_budget_output_finite=True aggregate_input_finite=True aggregate_output_finite=True global_post_finite=True first_bad_stage=none rejected=False rollback=False
t   0: train_loss = 4.326, test_acc = 10.000
attack numbers = 7
[FiniteAudit] round=1 checkpoint_promoted_after_benign=True
current iteration attack ratio: 0.28

============================================================
[MOS-Core] Starting MOS-Attack
============================================================
[MOS-Core] Total parameters: 11,183,582
[MOS-Core] Benign clients: 18
[MOS-Core] Malicious slots: 7
[MOS-Core] Benign mean norm: 818.5194
[MOS-Core] Benign std (mean): 0.0020
[MOS-Core] ce_raw_norm=1.4148573875427246
[MOS-Core] cw_raw_norm=2.715465545654297
[MOS-Core] ce_valid=True
[MOS-Core] cw_valid=True
[MOS-Core] ce_cw_cosine=0.8532047867774963
[MOS-Core] combined_pre_norm=0.962601900100708
[MOS-Core] historical_direction_valid=True
[MOS-Core] historical_direction_norm=12.146683692932129
[MOS-Core] guidance_history_cosine=0.31130364537239075
[MOS-Core] guidance_source=ce_cw_combined
[MOS-Core] guidance_fallback_used=False
[MOS-Core] final_guidance_norm=1.000000
[MOS-Core] Base radial threshold (q=0.95): 794.9679
[MOS-Core] Attack budget ratio: 1.0
[MOS-Core] current_budget=794.967896
[MOS-Core] current_budget_valid=True

[MOS-Core] Initializing constraints...
[MOS-Core] Enabled constraints: Radial, Sign
[MOS-Core] Radial weight: 1.0
[MOS-Core] Sign weight: 0.5, layer_reduce: quantile
[MOS-Core]   Radial threshold: 794.9679
[MOS-Core]   Sign threshold: 0.6665

[MOS-Core] Initializing population (size=10)...
[MOS-Core] constraint_mode=strict
[MOS-Core] objective_mode=dual
[MOS-Core] alpha_feasible=0.006050 boundary_width=7.62939e-06 refinements=13
[MOS-Boundary] alpha_feasible=0.006050 alpha_infeasible=0.006058 limiting_constraint=sign left=radial:ratio=0.00605011:score=0.993986:violation=0|sign:ratio=0.998786:score=0.500304:violation=0 right=radial:ratio=0.00605774:score=0.993979:violation=0|sign:ratio=1.00048:score=0.49988:violation=0.000481725
[MOS-Core] adaptive_guided_init=True alpha_feasible=0.006050 alpha_init=0.006050 scales=[0.0, 0.0012100219726562502, 0.0024200439453125003, 0.0036300659179687497, 0.004840087890625001, 0.00605010986328125]
[MOS-Core] Generated 6 scale-based seeds: [0.0, 0.0012100219726562502, 0.0024200439453125003, 0.0036300659179687497, 0.004840087890625001, 0.00605010986328125]
[MOS-Core] Historical seed injected at position 3
[MOS-Core] historical_raw_norm=12.146684
[MOS-Core] historical_direction_norm=1.000000
[MOS-Core] historical_seed_target_scale=397.483948
[MOS-Core] historical_seed_final_norm=397.484009
[MOS-Core] Generated 4 random candidates (noise_scale=0.1)
[MOS-Core] Initial population norms: min=0.0000, mean=183.9133, max=524.1056
[MOS-Core] Budget ratios: min=0.0000, mean=0.2313, max=0.6593
[MOS-Core] Clipped ratio: 0.00%
[MOS-Core] Historical seed used: True

[MOS-Core] Starting NSGA-II evolution...
[MOS-Core] Generations: 100
[MOS-Core] Population size: 10
[MOS-Core] SBX eta: 15.0, crossover_prob: 0.9
[MOS-Core] Mutation scale: 0.05
[MOS-Core] Gen 1/100:
  Stealth: mean=0.868, best=1.000
  Destructiveness: mean=2.518, best=5.175
  CV: mean=0.1870, min=0.0000
  Feasibility: count=7, ratio=70.00%
  Max feasible destruct: 4.810
  Pareto front size: 8
  Budget ratio: mean=0.019, max=0.038
  Radial: mean_ratio=0.019, max_ratio=0.038, mean_score=0.982
  Sign: mean_ratio=0.923, max_ratio=2.751, mean_score=0.639
[MOS-Core] Gen 10/100:
  Stealth: mean=0.900, best=1.000
  Destructiveness: mean=2.319, best=4.847
  CV: mean=0.0000, min=0.0000
  Feasibility: count=10, ratio=100.00%
  Max feasible destruct: 4.847
  Pareto front size: 10
  Budget ratio: mean=0.028, max=0.075
  Radial: mean_ratio=0.028, max_ratio=0.075, mean_score=0.974
  Sign: mean_ratio=0.419, max_ratio=0.999, mean_score=0.754
[MOS-Core] Gen 20/100:
  Stealth: mean=0.899, best=1.000
  Destructiveness: mean=2.327, best=4.912
  CV: mean=0.0000, min=0.0000
  Feasibility: count=10, ratio=100.00%
  Max feasible destruct: 4.912
  Pareto front size: 10
  Budget ratio: mean=0.029, max=0.109
  Radial: mean_ratio=0.029, max_ratio=0.109, mean_score=0.973
  Sign: mean_ratio=0.422, max_ratio=0.999, mean_score=0.753
[MOS-Core] Gen 30/100:
  Stealth: mean=0.893, best=1.000
  Destructiveness: mean=2.431, best=4.976
  CV: mean=0.0000, min=0.0000
  Feasibility: count=10, ratio=100.00%
  Max feasible destruct: 4.976
  Pareto front size: 10
  Budget ratio: mean=0.036, max=0.130
  Radial: mean_ratio=0.036, max_ratio=0.130, mean_score=0.967
  Sign: mean_ratio=0.448, max_ratio=0.999, mean_score=0.745
[MOS-Core] Gen 40/100:
  Stealth: mean=0.861, best=1.000
  Destructiveness: mean=3.134, best=5.021
  CV: mean=0.0000, min=0.0000
  Feasibility: count=10, ratio=100.00%
  Max feasible destruct: 5.021
  Pareto front size: 10
  Budget ratio: mean=0.051, max=0.148
  Radial: mean_ratio=0.051, max_ratio=0.148, mean_score=0.954
  Sign: mean_ratio=0.593, max_ratio=1.000, mean_score=0.674
[MOS-Core] Gen 50/100:
  Stealth: mean=0.862, best=1.000
  Destructiveness: mean=2.886, best=5.212
  CV: mean=0.0000, min=0.0000
  Feasibility: count=10, ratio=100.00%
  Max feasible destruct: 5.212
  Pareto front size: 10
  Budget ratio: mean=0.065, max=0.162
  Radial: mean_ratio=0.065, max_ratio=0.162, mean_score=0.942
  Sign: mean_ratio=0.518, max_ratio=0.990, mean_score=0.702
[MOS-Core] Gen 60/100:
  Stealth: mean=0.856, best=1.000
  Destructiveness: mean=2.998, best=5.328
  CV: mean=0.0000, min=0.0000
  Feasibility: count=10, ratio=100.00%
  Max feasible destruct: 5.328
  Pareto front size: 10
  Budget ratio: mean=0.070, max=0.211
  Radial: mean_ratio=0.070, max_ratio=0.211, mean_score=0.938
  Sign: mean_ratio=0.547, max_ratio=0.997, mean_score=0.692
[MOS-Core] Gen 70/100:
  Stealth: mean=0.860, best=1.000
  Destructiveness: mean=2.909, best=5.345
  CV: mean=0.0000, min=0.0000
  Feasibility: count=10, ratio=100.00%
  Max feasible destruct: 5.345
  Pareto front size: 10
  Budget ratio: mean=0.069, max=0.224
  Radial: mean_ratio=0.069, max_ratio=0.224, mean_score=0.940
  Sign: mean_ratio=0.519, max_ratio=0.990, mean_score=0.700
[MOS-Core] Gen 80/100:
  Stealth: mean=0.867, best=1.000
  Destructiveness: mean=2.574, best=5.553
  CV: mean=0.0000, min=0.0000
  Feasibility: count=10, ratio=100.00%
  Max feasible destruct: 5.553
  Pareto front size: 10
  Budget ratio: mean=0.080, max=0.247
  Radial: mean_ratio=0.080, max_ratio=0.247, mean_score=0.932
  Sign: mean_ratio=0.455, max_ratio=0.997, mean_score=0.739
[MOS-Core] Gen 90/100:
  Stealth: mean=0.840, best=1.000
  Destructiveness: mean=3.274, best=5.672
  CV: mean=0.0000, min=0.0000
  Feasibility: count=10, ratio=100.00%
  Max feasible destruct: 5.672
  Pareto front size: 10
  Budget ratio: mean=0.088, max=0.271
  Radial: mean_ratio=0.088, max_ratio=0.271, mean_score=0.925
  Sign: mean_ratio=0.591, max_ratio=0.978, mean_score=0.671
[MOS-Core] Gen 100/100:
  Stealth: mean=0.845, best=1.000
  Destructiveness: mean=3.295, best=5.796
  CV: mean=0.0000, min=0.0000
  Feasibility: count=10, ratio=100.00%
  Max feasible destruct: 5.796
  Pareto front size: 10
  Budget ratio: mean=0.082, max=0.265
  Radial: mean_ratio=0.082, max_ratio=0.265, mean_score=0.929
  Sign: mean_ratio=0.587, max_ratio=0.979, mean_score=0.675

[MOS-Core] Selecting final solution...
[MOS-Core] Selection parameters:
  Lambda_s (stealth weight): 0.50
  Lambda_a (attack weight): 0.50
  Attack floor ratio: 0.5796

[MOS-Core] Feasibility summary:
  Feasible solutions: 10
  Feasible ratio: 100.00%
  Selection mode: feasible
  Min CV in front: 0.0000

[MOS-Core] Pareto front summary:
  Front size: 10
  Stealth range: [0.697, 1.000]
  Destructiveness range: [0.000, 5.796]
  CV range: [0.0000, 0.0000]
  Candidates after attack floor: 8

[MOS-Core] Selected solution (index=8):
[MOS-Core]   Constraint pass score (R): 0.856
[MOS-Core]   Destructiveness (A): 3.848
[MOS-Core]   Total CV: 0.0000
[MOS-Core]   Deviation norm: 3.8477
[MOS-Core]   Budget usage: 0.48%
[MOS-Core] selection_mode=balanced_knee
[MOS-Core] selected_budget_ratio=0.004840
[MOS-Core] selected_stealth=0.855714
[MOS-Core] selected_destructiveness=3.847711
[MOS-Core] selected_R=0.855714
[MOS-Core] selected_A=3.847711
[MOS-Core] selected_cv=0.000000
[MOS-Core] selected_CV=0.000000
[MOS-Core] selected_feasible=True
[MOS-Core] selected_guidance_alignment=1.000000
[MOS-Core] Per-constraint details:
[MOS-Core]   Radial: score=0.995, ratio=0.005, violation=0.000, loss=3.8477, threshold=794.9679
[MOS-Core]   Sign: score=0.577, ratio=0.734, violation=0.000, loss=0.4891, threshold=0.6665

[MOS-Core] Generating 7 malicious updates...
[MOS-Core] Template noise scale: 0.0001
[MOS-Core] Output norms: min=3.8479, mean=3.8481, max=3.8482
[MOS-Core] Attack completed successfully
============================================================

attack:mos_attack
defend:multi_krum
[FiniteAudit] round=1 defense=multi_krum selected_count=3 selected_malicious_count=3 selected_updates_finite=True selected_indices=[6, 3, 0]
[FiniteAudit] round=1 global_pre_finite=True benign_updates_finite=True malicious_updates_finite=True attack_budget_output_finite=True aggregate_input_finite=True aggregate_output_finite=True global_post_finite=True first_bad_stage=none rejected=False rollback=False
t   1: train_loss = 2.488, test_acc = 10.000
attack numbers = 5
[FiniteAudit] round=2 checkpoint_promoted_after_benign=True
current iteration attack ratio: 0.2

============================================================
[MOS-Core] Starting MOS-Attack
============================================================
[MOS-Core] Total parameters: 11,183,582
[MOS-Core] Benign clients: 20
[MOS-Core] Malicious slots: 5
[MOS-Core] Benign mean norm: 342.7399
[MOS-Core] Benign std (mean): 0.0009
[MOS-Core] ce_raw_norm=29.42705726623535
[MOS-Core] cw_raw_norm=25.653573989868164
[MOS-Core] ce_valid=True
[MOS-Core] cw_valid=True
[MOS-Core] ce_cw_cosine=0.9957918524742126
[MOS-Core] combined_pre_norm=0.9989474415779114
[MOS-Core] historical_direction_valid=True
[MOS-Core] historical_direction_norm=3.847714424133301
[MOS-Core] guidance_history_cosine=0.2220141440629959
[MOS-Core] guidance_source=ce_cw_combined
[MOS-Core] guidance_fallback_used=False
[MOS-Core] final_guidance_norm=1.000000
[MOS-Core] Base radial threshold (q=0.95): 252.9643
[MOS-Core] Attack budget ratio: 1.0
[MOS-Core] current_budget=252.964325
[MOS-Core] current_budget_valid=True

[MOS-Core] Initializing constraints...
[MOS-Core] Enabled constraints: Radial, Sign
[MOS-Core] Radial weight: 1.0
[MOS-Core] Sign weight: 0.5, layer_reduce: quantile
[MOS-Core]   Radial threshold: 252.9643
[MOS-Core]   Sign threshold: 0.5996

[MOS-Core] Initializing population (size=10)...
[MOS-Core] constraint_mode=strict
[MOS-Core] objective_mode=dual
[MOS-Core] alpha_feasible=0.012161 boundary_width=7.62939e-06 refinements=13
[MOS-Boundary] alpha_feasible=0.012161 alpha_infeasible=0.012169 limiting_constraint=sign left=radial:ratio=0.0121613:score=0.987985:violation=0|sign:ratio=0.999545:score=0.500114:violation=0 right=radial:ratio=0.0121689:score=0.987977:violation=0|sign:ratio=1.00046:score=0.499885:violation=0.000460982
[MOS-Core] adaptive_guided_init=True alpha_feasible=0.012161 alpha_init=0.012161 scales=[0.0, 0.0024322509765625, 0.004864501953125, 0.0072967529296875, 0.00972900390625, 0.0121612548828125]
[MOS-Core] Generated 6 scale-based seeds: [0.0, 0.0024322509765625, 0.004864501953125, 0.0072967529296875, 0.00972900390625, 0.0121612548828125]
[MOS-Core] Historical seed injected at position 3
[MOS-Core] historical_raw_norm=3.847714
[MOS-Core] historical_direction_norm=1.000000
[MOS-Core] historical_seed_target_scale=126.482162
[MOS-Core] historical_seed_final_norm=126.482162
[MOS-Core] Generated 4 random candidates (noise_scale=0.1)
[MOS-Core] Initial population norms: min=0.0000, mean=39.5489, max=161.5540
[MOS-Core] Budget ratios: min=0.0000, mean=0.1563, max=0.6386
[MOS-Core] Clipped ratio: 0.00%
[MOS-Core] Historical seed used: True

[MOS-Core] Starting NSGA-II evolution...
[MOS-Core] Generations: 100
[MOS-Core] Population size: 10
[MOS-Core] SBX eta: 15.0, crossover_prob: 0.9
[MOS-Core] Mutation scale: 0.05
[MOS-Core] Gen 1/100:
  Stealth: mean=0.907, best=1.000
  Destructiveness: mean=1.413, best=3.076
  CV: mean=0.0000, min=0.0000
  Feasibility: count=10, ratio=100.00%
  Max feasible destruct: 3.076
  Pareto front size: 6
  Budget ratio: mean=0.021, max=0.039
  Radial: mean_ratio=0.021, max_ratio=0.039, mean_score=0.980
  Sign: mean_ratio=0.390, max_ratio=1.000, mean_score=0.762
[MOS-Core] Gen 10/100:
  Stealth: mean=0.896, best=1.000
  Destructiveness: mean=1.604, best=3.104
  CV: mean=0.0000, min=0.0000
  Feasibility: count=10, ratio=100.00%
  Max feasible destruct: 3.104
  Pareto front size: 10
  Budget ratio: mean=0.034, max=0.093
  Radial: mean_ratio=0.034, max_ratio=0.093, mean_score=0.968
  Sign: mean_ratio=0.415, max_ratio=1.000, mean_score=0.751
[MOS-Core] Gen 20/100:
  Stealth: mean=0.878, best=1.000
  Destructiveness: mean=1.678, best=3.148
  CV: mean=0.0000, min=0.0000
  Feasibility: count=10, ratio=100.00%
  Max feasible destruct: 3.148
  Pareto front size: 10
  Budget ratio: mean=0.059, max=0.128
  Radial: mean_ratio=0.059, max_ratio=0.128, mean_score=0.946
  Sign: mean_ratio=0.442, max_ratio=0.974, mean_score=0.742
[MOS-Core] Gen 30/100:
  Stealth: mean=0.868, best=1.000
  Destructiveness: mean=1.870, best=3.191
  CV: mean=0.0000, min=0.0000
  Feasibility: count=10, ratio=100.00%
  Max feasible destruct: 3.191
  Pareto front size: 10
  Budget ratio: mean=0.059, max=0.156
  Radial: mean_ratio=0.059, max_ratio=0.156, mean_score=0.947
  Sign: mean_ratio=0.506, max_ratio=0.999, mean_score=0.708
[MOS-Core] Gen 40/100:
  Stealth: mean=0.874, best=1.000
  Destructiveness: mean=1.803, best=3.209
  CV: mean=0.0000, min=0.0000
  Feasibility: count=10, ratio=100.00%
  Max feasible destruct: 3.209
  Pareto front size: 10
  Budget ratio: mean=0.055, max=0.184
  Radial: mean_ratio=0.055, max_ratio=0.184, mean_score=0.951
  Sign: mean_ratio=0.489, max_ratio=0.996, mean_score=0.720
[MOS-Core] Gen 50/100:
  Stealth: mean=0.860, best=1.000
  Destructiveness: mean=1.821, best=3.232
  CV: mean=0.0000, min=0.0000
  Feasibility: count=10, ratio=100.00%
  Max feasible destruct: 3.232
  Pareto front size: 10
  Budget ratio: mean=0.080, max=0.221
  Radial: mean_ratio=0.080, max_ratio=0.221, mean_score=0.931
  Sign: mean_ratio=0.495, max_ratio=1.000, mean_score=0.718
[MOS-Core] Gen 60/100:
  Stealth: mean=0.862, best=1.000
  Destructiveness: mean=1.874, best=3.242
  CV: mean=0.0000, min=0.0000
  Feasibility: count=10, ratio=100.00%
  Max feasible destruct: 3.242
  Pareto front size: 10
  Budget ratio: mean=0.070, max=0.228
  Radial: mean_ratio=0.070, max_ratio=0.228, mean_score=0.938
  Sign: mean_ratio=0.501, max_ratio=0.999, mean_score=0.709
[MOS-Core] Gen 70/100:
  Stealth: mean=0.863, best=1.000
  Destructiveness: mean=1.816, best=3.253
  CV: mean=0.0000, min=0.0000
  Feasibility: count=10, ratio=100.00%
  Max feasible destruct: 3.253
  Pareto front size: 10
  Budget ratio: mean=0.077, max=0.262
  Radial: mean_ratio=0.077, max_ratio=0.262, mean_score=0.933
  Sign: mean_ratio=0.482, max_ratio=0.998, mean_score=0.721
[MOS-Core] Gen 80/100:
  Stealth: mean=0.851, best=1.000
  Destructiveness: mean=1.832, best=3.264
  CV: mean=0.0000, min=0.0000
  Feasibility: count=10, ratio=100.00%
  Max feasible destruct: 3.264
  Pareto front size: 10
  Budget ratio: mean=0.097, max=0.280
  Radial: mean_ratio=0.097, max_ratio=0.280, mean_score=0.919
  Sign: mean_ratio=0.499, max_ratio=0.999, mean_score=0.716
[MOS-Core] Gen 90/100:
  Stealth: mean=0.851, best=1.000
  Destructiveness: mean=1.835, best=3.286
  CV: mean=0.0000, min=0.0000
  Feasibility: count=10, ratio=100.00%
  Max feasible destruct: 3.286
  Pareto front size: 10
  Budget ratio: mean=0.100, max=0.294
  Radial: mean_ratio=0.100, max_ratio=0.294, mean_score=0.917
  Sign: mean_ratio=0.497, max_ratio=0.998, mean_score=0.717
[MOS-Core] Gen 100/100:
  Stealth: mean=0.847, best=1.000
  Destructiveness: mean=1.845, best=3.303
  CV: mean=0.0000, min=0.0000
  Feasibility: count=10, ratio=100.00%
  Max feasible destruct: 3.303
  Pareto front size: 10
  Budget ratio: mean=0.108, max=0.313
  Radial: mean_ratio=0.108, max_ratio=0.313, mean_score=0.912
  Sign: mean_ratio=0.499, max_ratio=0.999, mean_score=0.717

[MOS-Core] Selecting final solution...
[MOS-Core] Selection parameters:
  Lambda_s (stealth weight): 0.50
  Lambda_a (attack weight): 0.50
  Attack floor ratio: 0.3303

[MOS-Core] Feasibility summary:
  Feasible solutions: 10
  Feasible ratio: 100.00%
  Selection mode: feasible
  Min CV in front: 0.0000

[MOS-Core] Pareto front summary:
  Front size: 10
  Stealth range: [0.675, 1.000]
  Destructiveness range: [0.000, 3.303]
  CV range: [0.0000, 0.0000]
  Candidates after attack floor: 9

[MOS-Core] Selected solution (index=2):
[MOS-Core]   Constraint pass score (R): 0.855
[MOS-Core]   Destructiveness (A): 2.461
[MOS-Core]   Total CV: 0.0000
[MOS-Core]   Deviation norm: 2.4611
[MOS-Core]   Budget usage: 0.97%
[MOS-Core] selection_mode=balanced_knee
[MOS-Core] selected_budget_ratio=0.009729
[MOS-Core] selected_stealth=0.855052
[MOS-Core] selected_destructiveness=2.461085
[MOS-Core] selected_R=0.855052
[MOS-Core] selected_A=2.461085
[MOS-Core] selected_cv=0.000000
[MOS-Core] selected_CV=0.000000
[MOS-Core] selected_feasible=True
[MOS-Core] selected_guidance_alignment=1.000000
[MOS-Core] Per-constraint details:
[MOS-Core]   Radial: score=0.990, ratio=0.010, violation=0.000, loss=2.4611, threshold=252.9643
[MOS-Core]   Sign: score=0.584, ratio=0.711, violation=0.000, loss=0.4263, threshold=0.5996

[MOS-Core] Generating 5 malicious updates...
[MOS-Core] Template noise scale: 0.0001
[MOS-Core] Output norms: min=2.4611, mean=2.4612, max=2.4612
[MOS-Core] Attack completed successfully
============================================================

attack:mos_attack
defend:multi_krum
[FiniteAudit] round=2 defense=multi_krum selected_count=3 selected_malicious_count=3 selected_updates_finite=True selected_indices=[3, 0, 2]
[FiniteAudit] round=2 global_pre_finite=True benign_updates_finite=True malicious_updates_finite=True attack_budget_output_finite=True aggregate_input_finite=True aggregate_output_finite=True global_post_finite=True first_bad_stage=none rejected=False rollback=False
t   2: train_loss = 2.206, test_acc = 10.000
attack numbers = 5
[FiniteAudit] round=3 checkpoint_promoted_after_benign=True
current iteration attack ratio: 0.2

============================================================
[MOS-Core] Starting MOS-Attack
============================================================
[MOS-Core] Total parameters: 11,183,582
[MOS-Core] Benign clients: 20
[MOS-Core] Malicious slots: 5
[MOS-Core] Benign mean norm: 332.9080
[MOS-Core] Benign std (mean): 0.0007
[MOS-Core] ce_raw_norm=29.914213180541992
[MOS-Core] cw_raw_norm=28.495973587036133
[MOS-Core] ce_valid=True
[MOS-Core] cw_valid=True
[MOS-Core] ce_cw_cosine=0.9992785453796387
[MOS-Core] combined_pre_norm=0.9998196363449097
[MOS-Core] historical_direction_valid=True
[MOS-Core] historical_direction_norm=2.4610908031463623
[MOS-Core] guidance_history_cosine=0.3213588297367096
[MOS-Core] guidance_source=ce_cw_combined
[MOS-Core] guidance_fallback_used=False
[MOS-Core] final_guidance_norm=1.000000
[MOS-Core] Base radial threshold (q=0.95): 140.0113
[MOS-Core] Attack budget ratio: 1.0
[MOS-Core] current_budget=140.011322
[MOS-Core] current_budget_valid=True

[MOS-Core] Initializing constraints...
[MOS-Core] Enabled constraints: Radial, Sign
[MOS-Core] Radial weight: 1.0
[MOS-Core] Sign weight: 0.5, layer_reduce: quantile
[MOS-Core]   Radial threshold: 140.0113
[MOS-Core]   Sign threshold: 1.6410

[MOS-Core] Initializing population (size=10)...
[MOS-Core] constraint_mode=strict
[MOS-Core] objective_mode=dual
[MOS-Core] alpha_feasible=0.013084 boundary_width=7.62939e-06 refinements=13
[MOS-Boundary] alpha_feasible=0.013084 alpha_infeasible=0.013092 limiting_constraint=sign left=radial:ratio=0.0130844:score=0.987085:violation=0|sign:ratio=0.999341:score=0.500165:violation=0 right=radial:ratio=0.013092:score=0.987077:violation=0|sign:ratio=1.00001:score=0.499998:violation=7.15256e-06
[MOS-Core] adaptive_guided_init=True alpha_feasible=0.013084 alpha_init=0.013084 scales=[0.0, 0.00261688232421875, 0.0052337646484375, 0.00785064697265625, 0.010467529296875, 0.01308441162109375]
[MOS-Core] Generated 6 scale-based seeds: [0.0, 0.00261688232421875, 0.0052337646484375, 0.00785064697265625, 0.010467529296875, 0.01308441162109375]
[MOS-Core] Historical seed injected at position 3
[MOS-Core] historical_raw_norm=2.461091
[MOS-Core] historical_direction_norm=1.000000
[MOS-Core] historical_seed_target_scale=70.005661
[MOS-Core] historical_seed_final_norm=70.005653
[MOS-Core] Generated 4 random candidates (noise_scale=0.1)
[MOS-Core] Initial population norms: min=0.0000, mean=28.0628, max=70.0057
[MOS-Core] Budget ratios: min=0.0000, mean=0.2004, max=0.5000
[MOS-Core] Clipped ratio: 0.00%
[MOS-Core] Historical seed used: True

[MOS-Core] Starting NSGA-II evolution...
[MOS-Core] Generations: 100
[MOS-Core] Population size: 10
[MOS-Core] SBX eta: 15.0, crossover_prob: 0.9
[MOS-Core] Mutation scale: 0.05
[MOS-Core] Gen 1/100:
  Stealth: mean=0.903, best=1.000
  Destructiveness: mean=0.806, best=1.832
  CV: mean=0.0000, min=0.0000
  Feasibility: count=10, ratio=100.00%
  Max feasible destruct: 1.832
  Pareto front size: 7
  Budget ratio: mean=0.023, max=0.044
  Radial: mean_ratio=0.023, max_ratio=0.044, mean_score=0.978
  Sign: mean_ratio=0.408, max_ratio=0.999, mean_score=0.754
[MOS-Core] Gen 10/100:
  Stealth: mean=0.889, best=1.000
  Destructiveness: mean=0.881, best=1.837
  CV: mean=0.0000, min=0.0000
  Feasibility: count=10, ratio=100.00%
  Max feasible destruct: 1.837
  Pareto front size: 10
  Budget ratio: mean=0.036, max=0.106
  Radial: mean_ratio=0.036, max_ratio=0.106, mean_score=0.967
  Sign: mean_ratio=0.453, max_ratio=0.999, mean_score=0.735
[MOS-Core] Gen 20/100:
  Stealth: mean=0.881, best=1.000
  Destructiveness: mean=0.920, best=1.850
  CV: mean=0.0000, min=0.0000
  Feasibility: count=10, ratio=100.00%
  Max feasible destruct: 1.850
  Pareto front size: 10
  Budget ratio: mean=0.046, max=0.112
  Radial: mean_ratio=0.046, max_ratio=0.112, mean_score=0.958
  Sign: mean_ratio=0.476, max_ratio=0.999, mean_score=0.728
[MOS-Core] Gen 30/100:
  Stealth: mean=0.868, best=1.000
  Destructiveness: mean=1.032, best=1.859
  CV: mean=0.0000, min=0.0000
  Feasibility: count=10, ratio=100.00%
  Max feasible destruct: 1.859
  Pareto front size: 10
  Budget ratio: mean=0.053, max=0.180
  Radial: mean_ratio=0.053, max_ratio=0.180, mean_score=0.953
  Sign: mean_ratio=0.538, max_ratio=0.999, mean_score=0.698
[MOS-Core] Gen 40/100:
  Stealth: mean=0.862, best=1.000
  Destructiveness: mean=1.033, best=1.868
  CV: mean=0.0000, min=0.0000
  Feasibility: count=10, ratio=100.00%
  Max feasible destruct: 1.868
  Pareto front size: 10
  Budget ratio: mean=0.062, max=0.196
  Radial: mean_ratio=0.062, max_ratio=0.196, mean_score=0.945
  Sign: mean_ratio=0.539, max_ratio=0.998, mean_score=0.698
[MOS-Core] Gen 50/100:
  Stealth: mean=0.864, best=1.000
  Destructiveness: mean=1.032, best=1.883
  CV: mean=0.0000, min=0.0000
  Feasibility: count=10, ratio=100.00%
  Max feasible destruct: 1.883
  Pareto front size: 10
  Budget ratio: mean=0.058, max=0.215
  Radial: mean_ratio=0.058, max_ratio=0.215, mean_score=0.948
  Sign: mean_ratio=0.538, max_ratio=1.000, mean_score=0.697
[MOS-Core] Gen 60/100:
  Stealth: mean=0.853, best=1.000
  Destructiveness: mean=1.041, best=1.898
  CV: mean=0.0000, min=0.0000
  Feasibility: count=10, ratio=100.00%
  Max feasible destruct: 1.898
  Pareto front size: 10
  Budget ratio: mean=0.080, max=0.216
  Radial: mean_ratio=0.080, max_ratio=0.216, mean_score=0.930
  Sign: mean_ratio=0.537, max_ratio=0.996, mean_score=0.698
[MOS-Core] Gen 70/100:
  Stealth: mean=0.855, best=1.000
  Destructiveness: mean=1.037, best=1.908
  CV: mean=0.0000, min=0.0000
  Feasibility: count=10, ratio=100.00%
  Max feasible destruct: 1.908
  Pareto front size: 10
  Budget ratio: mean=0.075, max=0.261
  Radial: mean_ratio=0.075, max_ratio=0.261, mean_score=0.934
  Sign: mean_ratio=0.537, max_ratio=0.999, mean_score=0.698
[MOS-Core] Gen 80/100:
  Stealth: mean=0.846, best=1.000
  Destructiveness: mean=1.045, best=1.914
  CV: mean=0.0000, min=0.0000
  Feasibility: count=10, ratio=100.00%
  Max feasible destruct: 1.914
  Pareto front size: 10
  Budget ratio: mean=0.093, max=0.270
  Radial: mean_ratio=0.093, max_ratio=0.270, mean_score=0.920
  Sign: mean_ratio=0.537, max_ratio=0.995, mean_score=0.698
[MOS-Core] Gen 90/100:
  Stealth: mean=0.842, best=1.000
  Destructiveness: mean=1.047, best=1.932
  CV: mean=0.0000, min=0.0000
  Feasibility: count=10, ratio=100.00%
  Max feasible destruct: 1.932
  Pareto front size: 10
  Budget ratio: mean=0.101, max=0.310
  Radial: mean_ratio=0.101, max_ratio=0.310, mean_score=0.914
  Sign: mean_ratio=0.538, max_ratio=0.990, mean_score=0.697
[MOS-Core] Gen 100/100:
  Stealth: mean=0.840, best=1.000
  Destructiveness: mean=1.050, best=1.948
  CV: mean=0.0000, min=0.0000
  Feasibility: count=10, ratio=100.00%
  Max feasible destruct: 1.948
  Pareto front size: 10
  Budget ratio: mean=0.106, max=0.341
  Radial: mean_ratio=0.106, max_ratio=0.341, mean_score=0.912
  Sign: mean_ratio=0.537, max_ratio=0.990, mean_score=0.697

[MOS-Core] Selecting final solution...
[MOS-Core] Selection parameters:
  Lambda_s (stealth weight): 0.50
  Lambda_a (attack weight): 0.50
  Attack floor ratio: 0.1948

[MOS-Core] Feasibility summary:
  Feasible solutions: 10
  Feasible ratio: 100.00%
  Selection mode: feasible
  Min CV in front: 0.0000

[MOS-Core] Pareto front summary:
  Front size: 10
  Stealth range: [0.665, 1.000]
  Destructiveness range: [0.000, 1.948]
  CV range: [0.0000, 0.0000]
  Candidates after attack floor: 8

[MOS-Core] Selected solution (index=5):
[MOS-Core]   Constraint pass score (R): 0.848
[MOS-Core]   Destructiveness (A): 1.466
[MOS-Core]   Total CV: 0.0000
[MOS-Core]   Deviation norm: 1.4656
[MOS-Core]   Budget usage: 1.05%
[MOS-Core] selection_mode=balanced_knee
[MOS-Core] selected_budget_ratio=0.010468
[MOS-Core] selected_stealth=0.847917
[MOS-Core] selected_destructiveness=1.465563
[MOS-Core] selected_R=0.847917
[MOS-Core] selected_A=1.465563
[MOS-Core] selected_cv=0.000000
[MOS-Core] selected_CV=0.000000
[MOS-Core] selected_feasible=True
[MOS-Core] selected_guidance_alignment=1.000000
[MOS-Core] Per-constraint details:
[MOS-Core]   Radial: score=0.990, ratio=0.010, violation=0.000, loss=1.4656, threshold=140.0113
[MOS-Core]   Sign: score=0.564, ratio=0.772, violation=0.000, loss=1.2661, threshold=1.6410

[MOS-Core] Generating 5 malicious updates...
[MOS-Core] Template noise scale: 0.0001
[MOS-Core] Output norms: min=1.4656, mean=1.4656, max=1.4656
[MOS-Core] Attack completed successfully
============================================================

attack:mos_attack
defend:multi_krum
[FiniteAudit] round=3 defense=multi_krum selected_count=3 selected_malicious_count=3 selected_updates_finite=True selected_indices=[2, 1, 4]
[FiniteAudit] round=3 global_pre_finite=True benign_updates_finite=True malicious_updates_finite=True attack_budget_output_finite=True aggregate_input_finite=True aggregate_output_finite=True global_post_finite=True first_bad_stage=none rejected=False rollback=False
t   3: train_loss = 2.073, test_acc = 11.020
attack numbers = 7
[FiniteAudit] round=4 checkpoint_promoted_after_benign=True
current iteration attack ratio: 0.28

============================================================
[MOS-Core] Starting MOS-Attack
============================================================
[MOS-Core] Total parameters: 11,183,582
[MOS-Core] Benign clients: 18
[MOS-Core] Malicious slots: 7
[MOS-Core] Benign mean norm: 212.3919
[MOS-Core] Benign std (mean): 0.0006
[MOS-Core] ce_raw_norm=160.8455047607422
[MOS-Core] cw_raw_norm=159.20541381835938
[MOS-Core] ce_valid=True
[MOS-Core] cw_valid=True
[MOS-Core] ce_cw_cosine=0.9999327659606934
[MOS-Core] combined_pre_norm=0.9999831914901733
[MOS-Core] historical_direction_valid=True
[MOS-Core] historical_direction_norm=1.4655725955963135
[MOS-Core] guidance_history_cosine=0.44910261034965515
[MOS-Core] guidance_source=ce_cw_combined
[MOS-Core] guidance_fallback_used=False
[MOS-Core] final_guidance_norm=1.000000
[MOS-Core] Base radial threshold (q=0.95): 104.7533
[MOS-Core] Attack budget ratio: 1.0
[MOS-Core] current_budget=104.753311
[MOS-Core] current_budget_valid=True

[MOS-Core] Initializing constraints...
[MOS-Core] Enabled constraints: Radial, Sign
[MOS-Core] Radial weight: 1.0
[MOS-Core] Sign weight: 0.5, layer_reduce: quantile
[MOS-Core]   Radial threshold: 104.7533
[MOS-Core]   Sign threshold: 0.7706

[MOS-Core] Initializing population (size=10)...
[MOS-Core] constraint_mode=strict
[MOS-Core] objective_mode=dual
[MOS-Core] alpha_feasible=0.016090 boundary_width=7.62939e-06 refinements=13
[MOS-Boundary] alpha_feasible=0.016090 alpha_infeasible=0.016098 limiting_constraint=sign left=radial:ratio=0.0160904:score=0.984164:violation=0|sign:ratio=0.999987:score=0.500003:violation=0 right=radial:ratio=0.016098:score=0.984157:violation=0|sign:ratio=1.00089:score=0.499778:violation=0.000889778
[MOS-Core] adaptive_guided_init=True alpha_feasible=0.016090 alpha_init=0.016090 scales=[0.0, 0.00321807861328125, 0.0064361572265625, 0.009654235839843749, 0.012872314453125, 0.01609039306640625]
[MOS-Core] Generated 6 scale-based seeds: [0.0, 0.00321807861328125, 0.0064361572265625, 0.009654235839843749, 0.012872314453125, 0.01609039306640625]
[MOS-Core] Historical seed injected at position 3
[MOS-Core] historical_raw_norm=1.465573
[MOS-Core] historical_direction_norm=1.000000
[MOS-Core] historical_seed_target_scale=52.376656
[MOS-Core] historical_seed_final_norm=52.376656
[MOS-Core] Generated 4 random candidates (noise_scale=0.1)
[MOS-Core] Initial population norms: min=0.0000, mean=24.7050, max=67.9656
[MOS-Core] Budget ratios: min=0.0000, mean=0.2358, max=0.6488
[MOS-Core] Clipped ratio: 0.00%
[MOS-Core] Historical seed used: True

[MOS-Core] Starting NSGA-II evolution...
[MOS-Core] Generations: 100
[MOS-Core] Population size: 10
[MOS-Core] SBX eta: 15.0, crossover_prob: 0.9
[MOS-Core] Mutation scale: 0.05
[MOS-Core] Gen 1/100:
  Stealth: mean=0.902, best=1.000
  Destructiveness: mean=0.843, best=1.686
  CV: mean=0.0000, min=0.0000
  Feasibility: count=10, ratio=100.00%
  Max feasible destruct: 1.686
  Pareto front size: 7
  Budget ratio: mean=0.024, max=0.042
  Radial: mean_ratio=0.024, max_ratio=0.042, mean_score=0.977
  Sign: mean_ratio=0.418, max_ratio=1.000, mean_score=0.752
[MOS-Core] Gen 10/100:
  Stealth: mean=0.895, best=1.000
  Destructiveness: mean=0.846, best=1.703
  CV: mean=0.0000, min=0.0000
  Feasibility: count=10, ratio=100.00%
  Max feasible destruct: 1.703
  Pareto front size: 10
  Budget ratio: mean=0.037, max=0.100
  Radial: mean_ratio=0.037, max_ratio=0.100, mean_score=0.965
  Sign: mean_ratio=0.412, max_ratio=1.000, mean_score=0.753
[MOS-Core] Gen 20/100:
  Stealth: mean=0.887, best=1.000
  Destructiveness: mean=0.848, best=1.723
  CV: mean=0.0000, min=0.0000
  Feasibility: count=10, ratio=100.00%
  Max feasible destruct: 1.723
  Pareto front size: 10
  Budget ratio: mean=0.048, max=0.157
  Radial: mean_ratio=0.048, max_ratio=0.157, mean_score=0.956
  Sign: mean_ratio=0.421, max_ratio=0.999, mean_score=0.750
[MOS-Core] Gen 30/100:
  Stealth: mean=0.884, best=1.000
  Destructiveness: mean=0.849, best=1.734
  CV: mean=0.0000, min=0.0000
  Feasibility: count=10, ratio=100.00%
  Max feasible destruct: 1.734
  Pareto front size: 10
  Budget ratio: mean=0.054, max=0.171
  Radial: mean_ratio=0.054, max_ratio=0.171, mean_score=0.951
  Sign: mean_ratio=0.420, max_ratio=0.986, mean_score=0.749
[MOS-Core] Gen 40/100:
  Stealth: mean=0.880, best=1.000
  Destructiveness: mean=0.817, best=1.738
  CV: mean=0.0000, min=0.0000
  Feasibility: count=10, ratio=100.00%
  Max feasible destruct: 1.738
  Pareto front size: 10
  Budget ratio: mean=0.066, max=0.189
  Radial: mean_ratio=0.066, max_ratio=0.189, mean_score=0.940
  Sign: mean_ratio=0.408, max_ratio=0.997, mean_score=0.760
[MOS-Core] Gen 50/100:
  Stealth: mean=0.853, best=1.000
  Destructiveness: mean=0.958, best=1.742
  CV: mean=0.0000, min=0.0000
  Feasibility: count=10, ratio=100.00%
  Max feasible destruct: 1.742
  Pareto front size: 10
  Budget ratio: mean=0.089, max=0.210
  Radial: mean_ratio=0.089, max_ratio=0.210, mean_score=0.921
  Sign: mean_ratio=0.500, max_ratio=1.000, mean_score=0.717
[MOS-Core] Gen 60/100:
  Stealth: mean=0.855, best=1.000
  Destructiveness: mean=0.958, best=1.749
  CV: mean=0.0000, min=0.0000
  Feasibility: count=10, ratio=100.00%
  Max feasible destruct: 1.749
  Pareto front size: 10
  Budget ratio: mean=0.087, max=0.218
  Radial: mean_ratio=0.087, max_ratio=0.218, mean_score=0.923
  Sign: mean_ratio=0.496, max_ratio=1.000, mean_score=0.718
[MOS-Core] Gen 70/100:
  Stealth: mean=0.853, best=1.000
  Destructiveness: mean=0.959, best=1.749
  CV: mean=0.0000, min=0.0000
  Feasibility: count=10, ratio=100.00%
  Max feasible destruct: 1.749
  Pareto front size: 10
  Budget ratio: mean=0.090, max=0.220
  Radial: mean_ratio=0.090, max_ratio=0.220, mean_score=0.921
  Sign: mean_ratio=0.498, max_ratio=1.000, mean_score=0.717
[MOS-Core] Gen 80/100:
  Stealth: mean=0.866, best=1.000
  Destructiveness: mean=0.824, best=1.749
  CV: mean=0.0000, min=0.0000
  Feasibility: count=10, ratio=100.00%
  Max feasible destruct: 1.749
  Pareto front size: 10
  Budget ratio: mean=0.092, max=0.220
  Radial: mean_ratio=0.092, max_ratio=0.220, mean_score=0.920
  Sign: mean_ratio=0.411, max_ratio=1.000, mean_score=0.758
[MOS-Core] Gen 90/100:
  Stealth: mean=0.855, best=1.000
  Destructiveness: mean=0.926, best=1.749
  CV: mean=0.0000, min=0.0000
  Feasibility: count=10, ratio=100.00%
  Max feasible destruct: 1.749
  Pareto front size: 10
  Budget ratio: mean=0.093, max=0.220
  Radial: mean_ratio=0.093, max_ratio=0.220, mean_score=0.919
  Sign: mean_ratio=0.472, max_ratio=1.000, mean_score=0.726
[MOS-Core] Gen 100/100:
  Stealth: mean=0.834, best=1.000
  Destructiveness: mean=1.033, best=1.749
  CV: mean=0.0000, min=0.0000
  Feasibility: count=10, ratio=100.00%
  Max feasible destruct: 1.749
  Pareto front size: 10
  Budget ratio: mean=0.110, max=0.220
  Radial: mean_ratio=0.110, max_ratio=0.220, mean_score=0.906
  Sign: mean_ratio=0.542, max_ratio=1.000, mean_score=0.690

[MOS-Core] Selecting final solution...
[MOS-Core] Selection parameters:
  Lambda_s (stealth weight): 0.50
  Lambda_a (attack weight): 0.50
  Attack floor ratio: 0.1749

[MOS-Core] Feasibility summary:
  Feasible solutions: 10
  Feasible ratio: 100.00%
  Selection mode: feasible
  Min CV in front: 0.0000

[MOS-Core] Pareto front summary:
  Front size: 10
  Stealth range: [0.713, 1.000]
  Destructiveness range: [0.000, 1.749]
  CV range: [0.0000, 0.0000]
  Candidates after attack floor: 8

[MOS-Core] Selected solution (index=4):
[MOS-Core]   Constraint pass score (R): 0.856
[MOS-Core]   Destructiveness (A): 1.348
[MOS-Core]   Total CV: 0.0000
[MOS-Core]   Deviation norm: 1.3484
[MOS-Core]   Budget usage: 1.29%
[MOS-Core] selection_mode=balanced_knee
[MOS-Core] selected_budget_ratio=0.012872
[MOS-Core] selected_stealth=0.855583
[MOS-Core] selected_destructiveness=1.348411
[MOS-Core] selected_R=0.855583
[MOS-Core] selected_A=1.348411
[MOS-Core] selected_cv=0.000000
[MOS-Core] selected_CV=0.000000
[MOS-Core] selected_feasible=True
[MOS-Core] selected_guidance_alignment=1.000000
[MOS-Core] Per-constraint details:
[MOS-Core]   Radial: score=0.987, ratio=0.013, violation=0.000, loss=1.3484, threshold=104.7533
[MOS-Core]   Sign: score=0.592, ratio=0.689, violation=0.000, loss=0.5307, threshold=0.7706

[MOS-Core] Generating 7 malicious updates...
[MOS-Core] Template noise scale: 0.0001
[MOS-Core] Output norms: min=1.3484, mean=1.3484, max=1.3484
[MOS-Core] Attack completed successfully
============================================================

attack:mos_attack
defend:multi_krum
[FiniteAudit] round=4 defense=multi_krum selected_count=3 selected_malicious_count=3 selected_updates_finite=True selected_indices=[3, 6, 0]
[FiniteAudit] round=4 global_pre_finite=True benign_updates_finite=True malicious_updates_finite=True attack_budget_output_finite=True aggregate_input_finite=True aggregate_output_finite=True global_post_finite=True first_bad_stage=none rejected=False rollback=False
t   4: train_loss = 2.004, test_acc = 10.240
attack numbers = 5
[FiniteAudit] round=5 checkpoint_promoted_after_benign=True
current iteration attack ratio: 0.2

============================================================
[MOS-Core] Starting MOS-Attack
============================================================
[MOS-Core] Total parameters: 11,183,582
[MOS-Core] Benign clients: 20
[MOS-Core] Malicious slots: 5
[MOS-Core] Benign mean norm: 196.2922
[MOS-Core] Benign std (mean): 0.0006
[MOS-Core] ce_raw_norm=38.75201416015625
[MOS-Core] cw_raw_norm=40.847511291503906
[MOS-Core] ce_valid=True
[MOS-Core] cw_valid=True
[MOS-Core] ce_cw_cosine=0.9978066086769104
[MOS-Core] combined_pre_norm=0.9994515180587769
[MOS-Core] historical_direction_valid=True
[MOS-Core] historical_direction_norm=1.3484175205230713
[MOS-Core] guidance_history_cosine=0.31663164496421814
[MOS-Core] guidance_source=ce_cw_combined
[MOS-Core] guidance_fallback_used=False
[MOS-Core] final_guidance_norm=1.000000
[MOS-Core] Base radial threshold (q=0.95): 118.3762
[MOS-Core] Attack budget ratio: 1.0
[MOS-Core] current_budget=118.376160
[MOS-Core] current_budget_valid=True

[MOS-Core] Initializing constraints...
[MOS-Core] Enabled constraints: Radial, Sign
[MOS-Core] Radial weight: 1.0
[MOS-Core] Sign weight: 0.5, layer_reduce: quantile
[MOS-Core]   Radial threshold: 118.3762
[MOS-Core]   Sign threshold: 1.0159

[MOS-Core] Initializing population (size=10)...
[MOS-Core] constraint_mode=strict
[MOS-Core] objective_mode=dual
[MOS-Core] alpha_feasible=0.005409 boundary_width=7.62939e-06 refinements=13
[MOS-Boundary] alpha_feasible=0.005409 alpha_infeasible=0.005417 limiting_constraint=sign left=radial:ratio=0.00540924:score=0.99462:violation=0|sign:ratio=0.999279:score=0.50018:violation=0 right=radial:ratio=0.00541687:score=0.994612:violation=0|sign:ratio=1.00105:score=0.499739:violation=0.00104558
[MOS-Core] adaptive_guided_init=True alpha_feasible=0.005409 alpha_init=0.005409 scales=[0.0, 0.00108184814453125, 0.0021636962890625, 0.00324554443359375, 0.004327392578125, 0.00540924072265625]
[MOS-Core] Generated 6 scale-based seeds: [0.0, 0.00108184814453125, 0.0021636962890625, 0.00324554443359375, 0.004327392578125, 0.00540924072265625]
[MOS-Core] Historical seed injected at position 3
[MOS-Core] historical_raw_norm=1.348418
[MOS-Core] historical_direction_norm=1.000000
[MOS-Core] historical_seed_target_scale=59.188080
[MOS-Core] historical_seed_final_norm=59.188080
[MOS-Core] Generated 4 random candidates (noise_scale=0.1)
[MOS-Core] Initial population norms: min=0.0000, mean=24.3812, max=100.0410
[MOS-Core] Budget ratios: min=0.0000, mean=0.2060, max=0.8451
[MOS-Core] Clipped ratio: 0.00%
[MOS-Core] Historical seed used: True

[MOS-Core] Starting NSGA-II evolution...
[MOS-Core] Generations: 100
[MOS-Core] Population size: 10
[MOS-Core] SBX eta: 15.0, crossover_prob: 0.9
[MOS-Core] Mutation scale: 0.05
[MOS-Core] Gen 1/100:
  Stealth: mean=0.897, best=1.000
  Destructiveness: mean=0.346, best=0.641
  CV: mean=0.0000, min=0.0000
  Feasibility: count=10, ratio=100.00%
  Max feasible destruct: 0.641
  Pareto front size: 6
  Budget ratio: mean=0.017, max=0.033
  Radial: mean_ratio=0.017, max_ratio=0.033, mean_score=0.983
  Sign: mean_ratio=0.494, max_ratio=0.999, mean_score=0.725
[MOS-Core] Gen 10/100:
  Stealth: mean=0.899, best=1.000
  Destructiveness: mean=0.309, best=0.648
  CV: mean=0.0000, min=0.0000
  Feasibility: count=10, ratio=100.00%
  Max feasible destruct: 0.648
  Pareto front size: 10
  Budget ratio: mean=0.029, max=0.083
  Radial: mean_ratio=0.029, max_ratio=0.083, mean_score=0.972
  Sign: mean_ratio=0.426, max_ratio=0.999, mean_score=0.751
[MOS-Core] Gen 20/100:
  Stealth: mean=0.878, best=1.000
  Destructiveness: mean=0.350, best=0.654
  CV: mean=0.0000, min=0.0000
  Feasibility: count=10, ratio=100.00%
  Max feasible destruct: 0.654
  Pareto front size: 10
  Budget ratio: mean=0.047, max=0.106
  Radial: mean_ratio=0.047, max_ratio=0.106, mean_score=0.957
  Sign: mean_ratio=0.480, max_ratio=0.999, mean_score=0.721
[MOS-Core] Gen 30/100:
  Stealth: mean=0.886, best=1.000
  Destructiveness: mean=0.312, best=0.661
  CV: mean=0.0000, min=0.0000
  Feasibility: count=10, ratio=100.00%
  Max feasible destruct: 0.661
  Pareto front size: 10
  Budget ratio: mean=0.052, max=0.122
  Radial: mean_ratio=0.052, max_ratio=0.122, mean_score=0.952
  Sign: mean_ratio=0.413, max_ratio=0.917, mean_score=0.754
[MOS-Core] Gen 40/100:
  Stealth: mean=0.881, best=1.000
  Destructiveness: mean=0.313, best=0.667
  CV: mean=0.0000, min=0.0000
  Feasibility: count=10, ratio=100.00%
  Max feasible destruct: 0.667
  Pareto front size: 10
  Budget ratio: mean=0.061, max=0.152
  Radial: mean_ratio=0.061, max_ratio=0.152, mean_score=0.945
  Sign: mean_ratio=0.415, max_ratio=0.913, mean_score=0.753
[MOS-Core] Gen 50/100:
  Stealth: mean=0.881, best=1.000
  Destructiveness: mean=0.314, best=0.672
  CV: mean=0.0000, min=0.0000
  Feasibility: count=10, ratio=100.00%
  Max feasible destruct: 0.672
  Pareto front size: 10
  Budget ratio: mean=0.062, max=0.172
  Radial: mean_ratio=0.062, max_ratio=0.172, mean_score=0.945
  Sign: mean_ratio=0.410, max_ratio=0.913, mean_score=0.755
[MOS-Core] Gen 60/100:
  Stealth: mean=0.854, best=1.000
  Destructiveness: mean=0.370, best=0.681
  CV: mean=0.0000, min=0.0000
  Feasibility: count=10, ratio=100.00%
  Max feasible destruct: 0.681
  Pareto front size: 10
  Budget ratio: mean=0.085, max=0.195
  Radial: mean_ratio=0.085, max_ratio=0.195, mean_score=0.926
  Sign: mean_ratio=0.490, max_ratio=0.978, mean_score=0.711
[MOS-Core] Gen 70/100:
  Stealth: mean=0.859, best=1.000
  Destructiveness: mean=0.369, best=0.686
  CV: mean=0.0000, min=0.0000
  Feasibility: count=10, ratio=100.00%
  Max feasible destruct: 0.686
  Pareto front size: 10
  Budget ratio: mean=0.077, max=0.214
  Radial: mean_ratio=0.077, max_ratio=0.214, mean_score=0.934
  Sign: mean_ratio=0.494, max_ratio=0.959, mean_score=0.710
[MOS-Core] Gen 80/100:
  Stealth: mean=0.854, best=1.000
  Destructiveness: mean=0.371, best=0.695
  CV: mean=0.0000, min=0.0000
  Feasibility: count=10, ratio=100.00%
  Max feasible destruct: 0.695
  Pareto front size: 10
  Budget ratio: mean=0.087, max=0.236
  Radial: mean_ratio=0.087, max_ratio=0.236, mean_score=0.925
  Sign: mean_ratio=0.494, max_ratio=0.971, mean_score=0.710
[MOS-Core] Gen 90/100:
  Stealth: mean=0.850, best=1.000
  Destructiveness: mean=0.361, best=0.702
  CV: mean=0.0000, min=0.0000
  Feasibility: count=10, ratio=100.00%
  Max feasible destruct: 0.702
  Pareto front size: 10
  Budget ratio: mean=0.100, max=0.261
  Radial: mean_ratio=0.100, max_ratio=0.261, mean_score=0.916
  Sign: mean_ratio=0.488, max_ratio=0.970, mean_score=0.718
[MOS-Core] Gen 100/100:
  Stealth: mean=0.828, best=1.000
  Destructiveness: mean=0.416, best=0.707
  CV: mean=0.0000, min=0.0000
  Feasibility: count=10, ratio=100.00%
  Max feasible destruct: 0.707
  Pareto front size: 10
  Budget ratio: mean=0.117, max=0.270
  Radial: mean_ratio=0.117, max_ratio=0.270, mean_score=0.903
  Sign: mean_ratio=0.555, max_ratio=0.992, mean_score=0.679

[MOS-Core] Selecting final solution...
[MOS-Core] Selection parameters:
  Lambda_s (stealth weight): 0.50
  Lambda_a (attack weight): 0.50
  Attack floor ratio: 0.0707

[MOS-Core] Feasibility summary:
  Feasible solutions: 10
  Feasible ratio: 100.00%
  Selection mode: feasible
  Min CV in front: 0.0000

[MOS-Core] Pareto front summary:
  Front size: 10
  Stealth range: [0.692, 1.000]
  Destructiveness range: [0.000, 0.707]
  CV range: [0.0000, 0.0000]
  Candidates after attack floor: 9

[MOS-Core] Selected solution (index=5):
[MOS-Core]   Constraint pass score (R): 0.854
[MOS-Core]   Destructiveness (A): 0.512
[MOS-Core]   Total CV: 0.0000
[MOS-Core]   Deviation norm: 0.5123
[MOS-Core]   Budget usage: 0.43%
[MOS-Core] selection_mode=balanced_knee
[MOS-Core] selected_budget_ratio=0.004327
[MOS-Core] selected_stealth=0.854137
[MOS-Core] selected_destructiveness=0.512256
[MOS-Core] selected_R=0.854137
[MOS-Core] selected_A=0.512256
[MOS-Core] selected_cv=0.000000
[MOS-Core] selected_CV=0.000000
[MOS-Core] selected_feasible=True
[MOS-Core] selected_guidance_alignment=1.000000
[MOS-Core] Per-constraint details:
[MOS-Core]   Radial: score=0.996, ratio=0.004, violation=0.000, loss=0.5123, threshold=118.3762
[MOS-Core]   Sign: score=0.571, ratio=0.751, violation=0.000, loss=0.7632, threshold=1.0159

[MOS-Core] Generating 5 malicious updates...
[MOS-Core] Template noise scale: 0.0001
[MOS-Core] Output norms: min=0.5123, mean=0.5123, max=0.5123
[MOS-Core] Attack completed successfully
============================================================

attack:mos_attack
defend:multi_krum
[FiniteAudit] round=5 defense=multi_krum selected_count=3 selected_malicious_count=3 selected_updates_finite=True selected_indices=[4, 2, 3]
[FiniteAudit] round=5 global_pre_finite=True benign_updates_finite=True malicious_updates_finite=True attack_budget_output_finite=True aggregate_input_finite=True aggregate_output_finite=True global_post_finite=True first_bad_stage=none rejected=False rollback=False
t   5: train_loss = 1.918, test_acc = 11.210
attack numbers = 6
[FiniteAudit] round=6 checkpoint_promoted_after_benign=True
current iteration attack ratio: 0.24

============================================================
[MOS-Core] Starting MOS-Attack
============================================================
[MOS-Core] Total parameters: 11,183,582
[MOS-Core] Benign clients: 19
[MOS-Core] Malicious slots: 6
[MOS-Core] Benign mean norm: 120.1188
[MOS-Core] Benign std (mean): 0.0006
[MOS-Core] ce_raw_norm=121.89115905761719
[MOS-Core] cw_raw_norm=119.8506851196289
[MOS-Core] ce_valid=True
[MOS-Core] cw_valid=True
[MOS-Core] ce_cw_cosine=0.9994411468505859
[MOS-Core] combined_pre_norm=0.9998602867126465
[MOS-Core] historical_direction_valid=True
[MOS-Core] historical_direction_norm=0.5122601389884949
[MOS-Core] guidance_history_cosine=0.6658726930618286
[MOS-Core] guidance_source=ce_cw_combined
[MOS-Core] guidance_fallback_used=False
[MOS-Core] final_guidance_norm=1.000000
[MOS-Core] Base radial threshold (q=0.95): 76.4775
[MOS-Core] Attack budget ratio: 1.0
[MOS-Core] current_budget=76.477478
[MOS-Core] current_budget_valid=True

[MOS-Core] Initializing constraints...
[MOS-Core] Enabled constraints: Radial, Sign
[MOS-Core] Radial weight: 1.0
[MOS-Core] Sign weight: 0.5, layer_reduce: quantile
[MOS-Core]   Radial threshold: 76.4775
[MOS-Core]   Sign threshold: 1.0264

[MOS-Core] Initializing population (size=10)...
[MOS-Core] constraint_mode=strict
[MOS-Core] objective_mode=dual
[MOS-Core] alpha_feasible=0.013618 boundary_width=7.62939e-06 refinements=13
[MOS-Boundary] alpha_feasible=0.013618 alpha_infeasible=0.013626 limiting_constraint=sign left=radial:ratio=0.0136185:score=0.986565:violation=0|sign:ratio=0.999639:score=0.50009:violation=0 right=radial:ratio=0.0136261:score=0.986557:violation=0|sign:ratio=1.0004:score=0.499899:violation=0.000403643
[MOS-Core] adaptive_guided_init=True alpha_feasible=0.013618 alpha_init=0.013618 scales=[0.0, 0.00272369384765625, 0.0054473876953125, 0.00817108154296875, 0.010894775390625, 0.01361846923828125]
[MOS-Core] Generated 6 scale-based seeds: [0.0, 0.00272369384765625, 0.0054473876953125, 0.00817108154296875, 0.010894775390625, 0.01361846923828125]
[MOS-Core] Historical seed injected at position 3
[MOS-Core] historical_raw_norm=0.512260
[MOS-Core] historical_direction_norm=1.000000
[MOS-Core] historical_seed_target_scale=38.238739
[MOS-Core] historical_seed_final_norm=38.238743
[MOS-Core] Generated 4 random candidates (noise_scale=0.1)
[MOS-Core] Initial population norms: min=0.0000, mean=24.5630, max=69.7187
[MOS-Core] Budget ratios: min=0.0000, mean=0.3212, max=0.9116
[MOS-Core] Clipped ratio: 0.00%
[MOS-Core] Historical seed used: True

[MOS-Core] Starting NSGA-II evolution...
[MOS-Core] Generations: 100
[MOS-Core] Population size: 10
[MOS-Core] SBX eta: 15.0, crossover_prob: 0.9
[MOS-Core] Mutation scale: 0.05
[MOS-Core] Gen 1/100:
  Stealth: mean=0.861, best=1.000
  Destructiveness: mean=0.615, best=1.042
  CV: mean=0.0115, min=0.0000
  Feasibility: count=8, ratio=80.00%
  Max feasible destruct: 1.042
  Pareto front size: 5
  Budget ratio: mean=0.023, max=0.040
  Radial: mean_ratio=0.023, max_ratio=0.040, mean_score=0.978
  Sign: mean_ratio=0.710, max_ratio=1.229, mean_score=0.628
[MOS-Core] Gen 10/100:
  Stealth: mean=0.900, best=1.000
  Destructiveness: mean=0.501, best=1.050
  CV: mean=0.0000, min=0.0000
  Feasibility: count=10, ratio=100.00%
  Max feasible destruct: 1.050
  Pareto front size: 10
  Budget ratio: mean=0.028, max=0.086
  Radial: mean_ratio=0.028, max_ratio=0.086, mean_score=0.974
  Sign: mean_ratio=0.422, max_ratio=1.000, mean_score=0.753
[MOS-Core] Gen 20/100:
  Stealth: mean=0.893, best=1.000
  Destructiveness: mean=0.503, best=1.060
  CV: mean=0.0000, min=0.0000
  Feasibility: count=10, ratio=100.00%
  Max feasible destruct: 1.060
  Pareto front size: 10
  Budget ratio: mean=0.040, max=0.132
  Radial: mean_ratio=0.040, max_ratio=0.132, mean_score=0.963
  Sign: mean_ratio=0.421, max_ratio=1.000, mean_score=0.753
[MOS-Core] Gen 30/100:
  Stealth: mean=0.876, best=1.000
  Destructiveness: mean=0.587, best=1.067
  CV: mean=0.0000, min=0.0000
  Feasibility: count=10, ratio=100.00%
  Max feasible destruct: 1.067
  Pareto front size: 10
  Budget ratio: mean=0.045, max=0.157
  Radial: mean_ratio=0.045, max_ratio=0.157, mean_score=0.959
  Sign: mean_ratio=0.514, max_ratio=1.000, mean_score=0.711
[MOS-Core] Gen 40/100:
  Stealth: mean=0.887, best=1.000
  Destructiveness: mean=0.504, best=1.067
  CV: mean=0.0000, min=0.0000
  Feasibility: count=10, ratio=100.00%
  Max feasible destruct: 1.067
  Pareto front size: 10
  Budget ratio: mean=0.050, max=0.157
  Radial: mean_ratio=0.050, max_ratio=0.157, mean_score=0.954
  Sign: mean_ratio=0.424, max_ratio=1.000, mean_score=0.751
[MOS-Core] Gen 50/100:
  Stealth: mean=0.880, best=1.000
  Destructiveness: mean=0.545, best=1.067
  CV: mean=0.0000, min=0.0000
  Feasibility: count=10, ratio=100.00%
  Max feasible destruct: 1.067
  Pareto front size: 10
  Budget ratio: mean=0.050, max=0.157
  Radial: mean_ratio=0.050, max_ratio=0.157, mean_score=0.955
  Sign: mean_ratio=0.469, max_ratio=1.000, mean_score=0.730
[MOS-Core] Gen 60/100:
  Stealth: mean=0.882, best=1.000
  Destructiveness: mean=0.524, best=1.067
  CV: mean=0.0000, min=0.0000
  Feasibility: count=10, ratio=100.00%
  Max feasible destruct: 1.067
  Pareto front size: 10
  Budget ratio: mean=0.050, max=0.165
  Radial: mean_ratio=0.050, max_ratio=0.165, mean_score=0.954
  Sign: mean_ratio=0.444, max_ratio=1.000, mean_score=0.737
[MOS-Core] Gen 70/100:
  Stealth: mean=0.867, best=1.000
  Destructiveness: mean=0.608, best=1.067
  CV: mean=0.0000, min=0.0000
  Feasibility: count=10, ratio=100.00%
  Max feasible destruct: 1.067
  Pareto front size: 10
  Budget ratio: mean=0.052, max=0.165
  Radial: mean_ratio=0.052, max_ratio=0.165, mean_score=0.953
  Sign: mean_ratio=0.533, max_ratio=1.000, mean_score=0.696
[MOS-Core] Gen 80/100:
  Stealth: mean=0.855, best=1.000
  Destructiveness: mean=0.671, best=1.067
  CV: mean=0.0000, min=0.0000
  Feasibility: count=10, ratio=100.00%
  Max feasible destruct: 1.067
  Pareto front size: 10
  Budget ratio: mean=0.056, max=0.165
  Radial: mean_ratio=0.056, max_ratio=0.165, mean_score=0.949
  Sign: mean_ratio=0.605, max_ratio=1.000, mean_score=0.668
[MOS-Core] Gen 90/100:
  Stealth: mean=0.867, best=1.000
  Destructiveness: mean=0.608, best=1.067
  CV: mean=0.0000, min=0.0000
  Feasibility: count=10, ratio=100.00%
  Max feasible destruct: 1.067
  Pareto front size: 10
  Budget ratio: mean=0.053, max=0.165
  Radial: mean_ratio=0.053, max_ratio=0.165, mean_score=0.952
  Sign: mean_ratio=0.532, max_ratio=1.000, mean_score=0.696
[MOS-Core] Gen 100/100:
  Stealth: mean=0.872, best=1.000
  Destructiveness: mean=0.567, best=1.068
  CV: mean=0.0000, min=0.0000
  Feasibility: count=10, ratio=100.00%
  Max feasible destruct: 1.068
  Pareto front size: 10
  Budget ratio: mean=0.056, max=0.166
  Radial: mean_ratio=0.056, max_ratio=0.166, mean_score=0.949
  Sign: mean_ratio=0.503, max_ratio=1.000, mean_score=0.718

[MOS-Core] Selecting final solution...
[MOS-Core] Selection parameters:
  Lambda_s (stealth weight): 0.50
  Lambda_a (attack weight): 0.50
  Attack floor ratio: 0.1068

[MOS-Core] Feasibility summary:
  Feasible solutions: 10
  Feasible ratio: 100.00%
  Selection mode: feasible
  Min CV in front: 0.0000

[MOS-Core] Pareto front summary:
  Front size: 10
  Stealth range: [0.739, 1.000]
  Destructiveness range: [0.000, 1.068]
  CV range: [0.0000, 0.0000]
  Candidates after attack floor: 7

[MOS-Core] Selected solution (index=5):
[MOS-Core]   Constraint pass score (R): 0.853
[MOS-Core]   Destructiveness (A): 0.833
[MOS-Core]   Total CV: 0.0000
[MOS-Core]   Deviation norm: 0.8332
[MOS-Core]   Budget usage: 1.09%
[MOS-Core] selection_mode=balanced_knee
[MOS-Core] selected_budget_ratio=0.010895
[MOS-Core] selected_stealth=0.853271
[MOS-Core] selected_destructiveness=0.833200
[MOS-Core] selected_R=0.853271
[MOS-Core] selected_A=0.833200
[MOS-Core] selected_cv=0.000000
[MOS-Core] selected_CV=0.000000
[MOS-Core] selected_feasible=True
[MOS-Core] selected_guidance_alignment=1.000000
[MOS-Core] Per-constraint details:
[MOS-Core]   Radial: score=0.989, ratio=0.011, violation=0.000, loss=0.8332, threshold=76.4775
[MOS-Core]   Sign: score=0.581, ratio=0.720, violation=0.000, loss=0.7391, threshold=1.0264

[MOS-Core] Generating 6 malicious updates...
[MOS-Core] Template noise scale: 0.0001
[MOS-Core] Output norms: min=0.8332, mean=0.8332, max=0.8332
[MOS-Core] Attack completed successfully
============================================================

attack:mos_attack
defend:multi_krum
[FiniteAudit] round=6 defense=multi_krum selected_count=3 selected_malicious_count=3 selected_updates_finite=True selected_indices=[3, 5, 4]
[FiniteAudit] round=6 global_pre_finite=True benign_updates_finite=True malicious_updates_finite=True attack_budget_output_finite=True aggregate_input_finite=True aggregate_output_finite=True global_post_finite=True first_bad_stage=none rejected=False rollback=False
t   6: train_loss = 1.863, test_acc = 10.050
attack numbers = 3
[FiniteAudit] round=7 checkpoint_promoted_after_benign=True
current iteration attack ratio: 0.12

============================================================
[MOS-Core] Starting MOS-Attack
============================================================
[MOS-Core] Total parameters: 11,183,582
[MOS-Core] Benign clients: 22
[MOS-Core] Malicious slots: 3
[MOS-Core] Benign mean norm: 127.8325
[MOS-Core] Benign std (mean): 0.0006
[MOS-Core] ce_raw_norm=176.02565002441406
[MOS-Core] cw_raw_norm=168.1309051513672
[MOS-Core] ce_valid=True
[MOS-Core] cw_valid=True
[MOS-Core] ce_cw_cosine=0.9980272054672241
[MOS-Core] combined_pre_norm=0.9995067119598389
[MOS-Core] historical_direction_valid=True
[MOS-Core] historical_direction_norm=0.8332049250602722
[MOS-Core] guidance_history_cosine=0.7010948657989502
[MOS-Core] guidance_source=ce_cw_combined
[MOS-Core] guidance_fallback_used=False
[MOS-Core] final_guidance_norm=1.000000
[MOS-Core] Base radial threshold (q=0.95): 89.0980
[MOS-Core] Attack budget ratio: 1.0
[MOS-Core] current_budget=89.098045
[MOS-Core] current_budget_valid=True

[MOS-Core] Initializing constraints...
[MOS-Core] Enabled constraints: Radial, Sign
[MOS-Core] Radial weight: 1.0
[MOS-Core] Sign weight: 0.5, layer_reduce: quantile
[MOS-Core]   Radial threshold: 89.0980
[MOS-Core]   Sign threshold: 1.1080

[MOS-Core] Initializing population (size=10)...
[MOS-Core] constraint_mode=strict
[MOS-Core] objective_mode=dual
[MOS-Core] alpha_feasible=0.013496 boundary_width=7.62939e-06 refinements=13
[MOS-Boundary] alpha_feasible=0.013496 alpha_infeasible=0.013504 limiting_constraint=sign left=radial:ratio=0.0134964:score=0.986683:violation=0|sign:ratio=0.99938:score=0.500155:violation=0 right=radial:ratio=0.013504:score=0.986676:violation=0|sign:ratio=1.00011:score=0.499974:violation=0.000105619
[MOS-Core] adaptive_guided_init=True alpha_feasible=0.013496 alpha_init=0.013496 scales=[0.0, 0.00269927978515625, 0.0053985595703125, 0.008097839355468749, 0.010797119140625, 0.01349639892578125]
[MOS-Core] Generated 6 scale-based seeds: [0.0, 0.00269927978515625, 0.0053985595703125, 0.008097839355468749, 0.010797119140625, 0.01349639892578125]
[MOS-Core] Historical seed injected at position 3
[MOS-Core] historical_raw_norm=0.833205
[MOS-Core] historical_direction_norm=1.000000
[MOS-Core] historical_seed_target_scale=44.549023
[MOS-Core] historical_seed_final_norm=44.549023
[MOS-Core] Generated 4 random candidates (noise_scale=0.1)
[MOS-Core] Initial population norms: min=0.0000, mean=26.4634, max=84.7644
[MOS-Core] Budget ratios: min=0.0000, mean=0.2970, max=0.9514
[MOS-Core] Clipped ratio: 0.00%
[MOS-Core] Historical seed used: True

[MOS-Core] Starting NSGA-II evolution...
[MOS-Core] Generations: 100
[MOS-Core] Population size: 10
[MOS-Core] SBX eta: 15.0, crossover_prob: 0.9
[MOS-Core] Mutation scale: 0.05
[MOS-Core] Gen 1/100:
  Stealth: mean=0.919, best=1.000
  Destructiveness: mean=0.481, best=1.202
  CV: mean=0.0000, min=0.0000
  Feasibility: count=10, ratio=100.00%
  Max feasible destruct: 1.202
  Pareto front size: 6
  Budget ratio: mean=0.022, max=0.042
  Radial: mean_ratio=0.022, max_ratio=0.042, mean_score=0.979
  Sign: mean_ratio=0.325, max_ratio=0.999, mean_score=0.799
[MOS-Core] Gen 10/100:
  Stealth: mean=0.894, best=1.000
  Destructiveness: mean=0.626, best=1.203
  CV: mean=0.0000, min=0.0000
  Feasibility: count=10, ratio=100.00%
  Max feasible destruct: 1.203
  Pareto front size: 10
  Budget ratio: mean=0.031, max=0.086
  Radial: mean_ratio=0.031, max_ratio=0.086, mean_score=0.971
  Sign: mean_ratio=0.434, max_ratio=1.000, mean_score=0.742
[MOS-Core] Gen 20/100:
  Stealth: mean=0.889, best=1.000
  Destructiveness: mean=0.627, best=1.205
  CV: mean=0.0000, min=0.0000
  Feasibility: count=10, ratio=100.00%
  Max feasible destruct: 1.205
  Pareto front size: 10
  Budget ratio: mean=0.040, max=0.115
  Radial: mean_ratio=0.040, max_ratio=0.115, mean_score=0.963
  Sign: mean_ratio=0.435, max_ratio=1.000, mean_score=0.742
[MOS-Core] Gen 30/100:
  Stealth: mean=0.888, best=1.000
  Destructiveness: mean=0.627, best=1.205
  CV: mean=0.0000, min=0.0000
  Feasibility: count=10, ratio=100.00%
  Max feasible destruct: 1.205
  Pareto front size: 10
  Budget ratio: mean=0.042, max=0.127
  Radial: mean_ratio=0.042, max_ratio=0.127, mean_score=0.961
  Sign: mean_ratio=0.436, max_ratio=1.000, mean_score=0.741
[MOS-Core] Gen 40/100:
  Stealth: mean=0.903, best=1.000
  Destructiveness: mean=0.507, best=1.205
  CV: mean=0.0000, min=0.0000
  Feasibility: count=10, ratio=100.00%
  Max feasible destruct: 1.205
  Pareto front size: 10
  Budget ratio: mean=0.043, max=0.133
  Radial: mean_ratio=0.043, max_ratio=0.133, mean_score=0.960
  Sign: mean_ratio=0.338, max_ratio=1.000, mean_score=0.790
[MOS-Core] Gen 50/100:
  Stealth: mean=0.881, best=1.000
  Destructiveness: mean=0.628, best=1.206
  CV: mean=0.0000, min=0.0000
  Feasibility: count=10, ratio=100.00%
  Max feasible destruct: 1.206
  Pareto front size: 10
  Budget ratio: mean=0.053, max=0.132
  Radial: mean_ratio=0.053, max_ratio=0.132, mean_score=0.952
  Sign: mean_ratio=0.438, max_ratio=1.000, mean_score=0.741
[MOS-Core] Gen 60/100:
  Stealth: mean=0.872, best=1.000
  Destructiveness: mean=0.677, best=1.206
  CV: mean=0.0000, min=0.0000
  Feasibility: count=10, ratio=100.00%
  Max feasible destruct: 1.206
  Pareto front size: 10
  Budget ratio: mean=0.055, max=0.132
  Radial: mean_ratio=0.055, max_ratio=0.132, mean_score=0.950
  Sign: mean_ratio=0.489, max_ratio=1.000, mean_score=0.718
[MOS-Core] Gen 70/100:
  Stealth: mean=0.882, best=1.000
  Destructiveness: mean=0.605, best=1.208
  CV: mean=0.0000, min=0.0000
  Feasibility: count=10, ratio=100.00%
  Max feasible destruct: 1.208
  Pareto front size: 10
  Budget ratio: mean=0.056, max=0.132
  Radial: mean_ratio=0.056, max_ratio=0.132, mean_score=0.949
  Sign: mean_ratio=0.413, max_ratio=1.000, mean_score=0.748
[MOS-Core] Gen 80/100:
  Stealth: mean=0.881, best=1.000
  Destructiveness: mean=0.605, best=1.208
  CV: mean=0.0000, min=0.0000
  Feasibility: count=10, ratio=100.00%
  Max feasible destruct: 1.208
  Pareto front size: 10
  Budget ratio: mean=0.058, max=0.144
  Radial: mean_ratio=0.058, max_ratio=0.144, mean_score=0.947
  Sign: mean_ratio=0.413, max_ratio=1.000, mean_score=0.748
[MOS-Core] Gen 90/100:
  Stealth: mean=0.879, best=1.000
  Destructiveness: mean=0.605, best=1.208
  CV: mean=0.0000, min=0.0000
  Feasibility: count=10, ratio=100.00%
  Max feasible destruct: 1.208
  Pareto front size: 10
  Budget ratio: mean=0.060, max=0.146
  Radial: mean_ratio=0.060, max_ratio=0.146, mean_score=0.946
  Sign: mean_ratio=0.417, max_ratio=1.000, mean_score=0.747
[MOS-Core] Gen 100/100:
  Stealth: mean=0.879, best=1.000
  Destructiveness: mean=0.605, best=1.208
  CV: mean=0.0000, min=0.0000
  Feasibility: count=10, ratio=100.00%
  Max feasible destruct: 1.208
  Pareto front size: 10
  Budget ratio: mean=0.061, max=0.146
  Radial: mean_ratio=0.061, max_ratio=0.146, mean_score=0.945
  Sign: mean_ratio=0.412, max_ratio=1.000, mean_score=0.749

[MOS-Core] Selecting final solution...
[MOS-Core] Selection parameters:
  Lambda_s (stealth weight): 0.50
  Lambda_a (attack weight): 0.50
  Attack floor ratio: 0.1208

[MOS-Core] Feasibility summary:
  Feasible solutions: 10
  Feasible ratio: 100.00%
  Selection mode: feasible
  Min CV in front: 0.0000

[MOS-Core] Pareto front summary:
  Front size: 10
  Stealth range: [0.767, 1.000]
  Destructiveness range: [0.000, 1.208]
  CV range: [0.0000, 0.0000]
  Candidates after attack floor: 9

[MOS-Core] Selected solution (index=3):
[MOS-Core]   Constraint pass score (R): 0.853
[MOS-Core]   Destructiveness (A): 0.962
[MOS-Core]   Total CV: 0.0000
[MOS-Core]   Deviation norm: 0.9620
[MOS-Core]   Budget usage: 1.08%
[MOS-Core] selection_mode=balanced_knee
[MOS-Core] selected_budget_ratio=0.010797
[MOS-Core] selected_stealth=0.853500
[MOS-Core] selected_destructiveness=0.961995
[MOS-Core] selected_R=0.853500
[MOS-Core] selected_A=0.961995
[MOS-Core] selected_cv=0.000000
[MOS-Core] selected_CV=0.000000
[MOS-Core] selected_feasible=True
[MOS-Core] selected_guidance_alignment=1.000000
[MOS-Core] Per-constraint details:
[MOS-Core]   Radial: score=0.989, ratio=0.011, violation=0.000, loss=0.9620, threshold=89.0980
[MOS-Core]   Sign: score=0.582, ratio=0.719, violation=0.000, loss=0.7962, threshold=1.1080

[MOS-Core] Generating 3 malicious updates...
[MOS-Core] Template noise scale: 0.0001
[MOS-Core] Output norms: min=0.9620, mean=0.9620, max=0.9620
[MOS-Core] Attack completed successfully
============================================================

attack:mos_attack
defend:multi_krum
[FiniteAudit] round=7 defense=multi_krum selected_count=3 selected_malicious_count=3 selected_updates_finite=True selected_indices=[2, 1, 0]
[FiniteAudit] round=7 global_pre_finite=True benign_updates_finite=True malicious_updates_finite=True attack_budget_output_finite=True aggregate_input_finite=True aggregate_output_finite=True global_post_finite=True first_bad_stage=none rejected=False rollback=False
t   7: train_loss = 1.816, test_acc = 10.000
attack numbers = 8
[FiniteAudit] round=8 checkpoint_promoted_after_benign=True
current iteration attack ratio: 0.32

============================================================
[MOS-Core] Starting MOS-Attack
============================================================
[MOS-Core] Total parameters: 11,183,582
[MOS-Core] Benign clients: 17
[MOS-Core] Malicious slots: 8
[MOS-Core] Benign mean norm: 178.6894
[MOS-Core] Benign std (mean): 0.0007
[MOS-Core] ce_raw_norm=506.68115234375
[MOS-Core] cw_raw_norm=506.68115234375
[MOS-Core] ce_valid=True
[MOS-Core] cw_valid=True
[MOS-Core] ce_cw_cosine=1.0
[MOS-Core] combined_pre_norm=1.0
[MOS-Core] historical_direction_valid=True
[MOS-Core] historical_direction_norm=0.962002158164978
[MOS-Core] guidance_history_cosine=0.8002447485923767
[MOS-Core] guidance_source=ce_cw_combined
[MOS-Core] guidance_fallback_used=False
[MOS-Core] final_guidance_norm=1.000000
[MOS-Core] Base radial threshold (q=0.95): 96.7283
[MOS-Core] Attack budget ratio: 1.0
[MOS-Core] current_budget=96.728256
[MOS-Core] current_budget_valid=True

[MOS-Core] Initializing constraints...
[MOS-Core] Enabled constraints: Radial, Sign
[MOS-Core] Radial weight: 1.0
[MOS-Core] Sign weight: 0.5, layer_reduce: quantile
[MOS-Core]   Radial threshold: 96.7283
[MOS-Core]   Sign threshold: 1.0958

[MOS-Core] Initializing population (size=10)...
[MOS-Core] constraint_mode=strict
[MOS-Core] objective_mode=dual
[MOS-Core] alpha_feasible=0.012947 boundary_width=7.62939e-06 refinements=13
[MOS-Boundary] alpha_feasible=0.012947 alpha_infeasible=0.012955 limiting_constraint=sign left=radial:ratio=0.0129471:score=0.987218:violation=0|sign:ratio=0.999691:score=0.500077:violation=0 right=radial:ratio=0.0129547:score=0.987211:violation=0|sign:ratio=1.00049:score=0.499877:violation=0.000490069
[MOS-Core] adaptive_guided_init=True alpha_feasible=0.012947 alpha_init=0.012947 scales=[0.0, 0.0025894165039062503, 0.0051788330078125005, 0.0077682495117187495, 0.010357666015625001, 0.01294708251953125]
[MOS-Core] Generated 6 scale-based seeds: [0.0, 0.0025894165039062503, 0.0051788330078125005, 0.0077682495117187495, 0.010357666015625001, 0.01294708251953125]
[MOS-Core] Historical seed injected at position 3
[MOS-Core] historical_raw_norm=0.962002
[MOS-Core] historical_direction_norm=1.000000
[MOS-Core] historical_seed_target_scale=48.364128
[MOS-Core] historical_seed_final_norm=48.364128
[MOS-Core] Generated 4 random candidates (noise_scale=0.1)
[MOS-Core] Initial population norms: min=0.0000, mean=21.3624, max=87.3465
[MOS-Core] Budget ratios: min=0.0000, mean=0.2208, max=0.9030
[MOS-Core] Clipped ratio: 0.00%
[MOS-Core] Historical seed used: True

[MOS-Core] Starting NSGA-II evolution...
[MOS-Core] Generations: 100
[MOS-Core] Population size: 10
[MOS-Core] SBX eta: 15.0, crossover_prob: 0.9
[MOS-Core] Mutation scale: 0.05
[MOS-Core] Gen 1/100:
  Stealth: mean=0.913, best=1.000
  Destructiveness: mean=0.551, best=1.252
  CV: mean=0.0000, min=0.0000
  Feasibility: count=10, ratio=100.00%
  Max feasible destruct: 1.252
  Pareto front size: 7
  Budget ratio: mean=0.022, max=0.040
  Radial: mean_ratio=0.022, max_ratio=0.040, mean_score=0.979
  Sign: mean_ratio=0.347, max_ratio=1.000, mean_score=0.782
[MOS-Core] Gen 10/100:
  Stealth: mean=0.891, best=1.000
  Destructiveness: mean=0.652, best=1.256
  CV: mean=0.0000, min=0.0000
  Feasibility: count=10, ratio=100.00%
  Max feasible destruct: 1.256
  Pareto front size: 10
  Budget ratio: mean=0.033, max=0.095
  Radial: mean_ratio=0.033, max_ratio=0.095, mean_score=0.969
  Sign: mean_ratio=0.444, max_ratio=1.000, mean_score=0.736
[MOS-Core] Gen 20/100:
  Stealth: mean=0.889, best=1.000
  Destructiveness: mean=0.653, best=1.259
  CV: mean=0.0000, min=0.0000
  Feasibility: count=10, ratio=100.00%
  Max feasible destruct: 1.259
  Pareto front size: 10
  Budget ratio: mean=0.037, max=0.113
  Radial: mean_ratio=0.037, max_ratio=0.113, mean_score=0.965
  Sign: mean_ratio=0.445, max_ratio=1.000, mean_score=0.736
[MOS-Core] Gen 30/100:
  Stealth: mean=0.887, best=1.000
  Destructiveness: mean=0.654, best=1.264
  CV: mean=0.0000, min=0.0000
  Feasibility: count=10, ratio=100.00%
  Max feasible destruct: 1.264
  Pareto front size: 10
  Budget ratio: mean=0.041, max=0.117
  Radial: mean_ratio=0.041, max_ratio=0.117, mean_score=0.962
  Sign: mean_ratio=0.446, max_ratio=1.000, mean_score=0.735
[MOS-Core] Gen 40/100:
  Stealth: mean=0.902, best=1.000
  Destructiveness: mean=0.553, best=1.264
  CV: mean=0.0000, min=0.0000
  Feasibility: count=10, ratio=100.00%
  Max feasible destruct: 1.264
  Pareto front size: 10
  Budget ratio: mean=0.039, max=0.117
  Radial: mean_ratio=0.039, max_ratio=0.117, mean_score=0.964
  Sign: mean_ratio=0.370, max_ratio=1.000, mean_score=0.779
[MOS-Core] Gen 50/100:
  Stealth: mean=0.887, best=1.000
  Destructiveness: mean=0.654, best=1.264
  CV: mean=0.0000, min=0.0000
  Feasibility: count=10, ratio=100.00%
  Max feasible destruct: 1.264
  Pareto front size: 10
  Budget ratio: mean=0.041, max=0.117
  Radial: mean_ratio=0.041, max_ratio=0.117, mean_score=0.962
  Sign: mean_ratio=0.444, max_ratio=1.000, mean_score=0.736
[MOS-Core] Gen 60/100:
  Stealth: mean=0.886, best=1.000
  Destructiveness: mean=0.654, best=1.264
  CV: mean=0.0000, min=0.0000
  Feasibility: count=10, ratio=100.00%
  Max feasible destruct: 1.264
  Pareto front size: 10
  Budget ratio: mean=0.043, max=0.117
  Radial: mean_ratio=0.043, max_ratio=0.117, mean_score=0.961
  Sign: mean_ratio=0.445, max_ratio=1.000, mean_score=0.735
[MOS-Core] Gen 70/100:
  Stealth: mean=0.887, best=1.000
  Destructiveness: mean=0.654, best=1.264
  CV: mean=0.0000, min=0.0000
  Feasibility: count=10, ratio=100.00%
  Max feasible destruct: 1.264
  Pareto front size: 10
  Budget ratio: mean=0.041, max=0.117
  Radial: mean_ratio=0.041, max_ratio=0.117, mean_score=0.962
  Sign: mean_ratio=0.443, max_ratio=1.000, mean_score=0.737
[MOS-Core] Gen 80/100:
  Stealth: mean=0.886, best=1.000
  Destructiveness: mean=0.654, best=1.264
  CV: mean=0.0000, min=0.0000
  Feasibility: count=10, ratio=100.00%
  Max feasible destruct: 1.264
  Pareto front size: 10
  Budget ratio: mean=0.042, max=0.117
  Radial: mean_ratio=0.042, max_ratio=0.117, mean_score=0.961
  Sign: mean_ratio=0.445, max_ratio=1.000, mean_score=0.736
[MOS-Core] Gen 90/100:
  Stealth: mean=0.887, best=1.000
  Destructiveness: mean=0.654, best=1.264
  CV: mean=0.0000, min=0.0000
  Feasibility: count=10, ratio=100.00%
  Max feasible destruct: 1.264
  Pareto front size: 10
  Budget ratio: mean=0.040, max=0.117
  Radial: mean_ratio=0.040, max_ratio=0.117, mean_score=0.963
  Sign: mean_ratio=0.444, max_ratio=1.000, mean_score=0.736
[MOS-Core] Gen 100/100:
  Stealth: mean=0.887, best=1.000
  Destructiveness: mean=0.654, best=1.264
  CV: mean=0.0000, min=0.0000
  Feasibility: count=10, ratio=100.00%
  Max feasible destruct: 1.264
  Pareto front size: 10
  Budget ratio: mean=0.040, max=0.117
  Radial: mean_ratio=0.040, max_ratio=0.117, mean_score=0.963
  Sign: mean_ratio=0.445, max_ratio=1.000, mean_score=0.735

[MOS-Core] Selecting final solution...
[MOS-Core] Selection parameters:
  Lambda_s (stealth weight): 0.50
  Lambda_a (attack weight): 0.50
  Attack floor ratio: 0.1264

[MOS-Core] Feasibility summary:
  Feasible solutions: 10
  Feasible ratio: 100.00%
  Selection mode: feasible
  Min CV in front: 0.0000

[MOS-Core] Pareto front summary:
  Front size: 10
  Stealth range: [0.770, 1.000]
  Destructiveness range: [0.000, 1.264]
  CV range: [0.0000, 0.0000]
  Candidates after attack floor: 9

[MOS-Core] Selected solution (index=3):
[MOS-Core]   Constraint pass score (R): 0.853
[MOS-Core]   Destructiveness (A): 1.002
[MOS-Core]   Total CV: 0.0000
[MOS-Core]   Deviation norm: 1.0019
[MOS-Core]   Budget usage: 1.04%
[MOS-Core] selection_mode=balanced_knee
[MOS-Core] selected_budget_ratio=0.010358
[MOS-Core] selected_stealth=0.852895
[MOS-Core] selected_destructiveness=1.001873
[MOS-Core] selected_R=0.852895
[MOS-Core] selected_A=1.001873
[MOS-Core] selected_cv=0.000000
[MOS-Core] selected_CV=0.000000
[MOS-Core] selected_feasible=True
[MOS-Core] selected_guidance_alignment=1.000000
[MOS-Core] Per-constraint details:
[MOS-Core]   Radial: score=0.990, ratio=0.010, violation=0.000, loss=1.0019, threshold=96.7283
[MOS-Core]   Sign: score=0.579, ratio=0.727, violation=0.000, loss=0.7961, threshold=1.0958

[MOS-Core] Generating 8 malicious updates...
[MOS-Core] Template noise scale: 0.0001
[MOS-Core] Output norms: min=1.0019, mean=1.0019, max=1.0019
[MOS-Core] Attack completed successfully
============================================================

attack:mos_attack
defend:multi_krum
[FiniteAudit] round=8 defense=multi_krum selected_count=3 selected_malicious_count=3 selected_updates_finite=True selected_indices=[2, 1, 0]
[FiniteAudit] round=8 global_pre_finite=True benign_updates_finite=True malicious_updates_finite=True attack_budget_output_finite=True aggregate_input_finite=True aggregate_output_finite=True global_post_finite=True first_bad_stage=none rejected=False rollback=False
t   8: train_loss = 1.802, test_acc = 10.000
attack numbers = 8
[FiniteAudit] round=9 checkpoint_promoted_after_benign=True
current iteration attack ratio: 0.32

============================================================
[MOS-Core] Starting MOS-Attack
============================================================
[MOS-Core] Total parameters: 11,183,582
[MOS-Core] Benign clients: 17
[MOS-Core] Malicious slots: 8
[MOS-Core] Benign mean norm: 130.6255
[MOS-Core] Benign std (mean): 0.0006
[MOS-Core] ce_raw_norm=377.7154541015625
[MOS-Core] cw_raw_norm=374.32757568359375
[MOS-Core] ce_valid=True
[MOS-Core] cw_valid=True
[MOS-Core] ce_cw_cosine=0.9998934268951416
[MOS-Core] combined_pre_norm=0.9999733567237854
[MOS-Core] historical_direction_valid=True
[MOS-Core] historical_direction_norm=1.0018789768218994
[MOS-Core] guidance_history_cosine=0.7689961194992065
[MOS-Core] guidance_source=ce_cw_combined
[MOS-Core] guidance_fallback_used=False
[MOS-Core] final_guidance_norm=1.000000
[MOS-Core] Base radial threshold (q=0.95): 87.1418
[MOS-Core] Attack budget ratio: 1.0
[MOS-Core] current_budget=87.141777
[MOS-Core] current_budget_valid=True

[MOS-Core] Initializing constraints...
[MOS-Core] Enabled constraints: Radial, Sign
[MOS-Core] Radial weight: 1.0
[MOS-Core] Sign weight: 0.5, layer_reduce: quantile
[MOS-Core]   Radial threshold: 87.1418
[MOS-Core]   Sign threshold: 1.1311

[MOS-Core] Initializing population (size=10)...
[MOS-Core] constraint_mode=strict
[MOS-Core] objective_mode=dual
[MOS-Core] alpha_feasible=0.012299 boundary_width=7.62939e-06 refinements=13
[MOS-Boundary] alpha_feasible=0.012299 alpha_infeasible=0.012306 limiting_constraint=sign left=radial:ratio=0.0122986:score=0.987851:violation=0|sign:ratio=0.999174:score=0.500207:violation=0 right=radial:ratio=0.0123062:score=0.987843:violation=0|sign:ratio=1.00013:score=0.499967:violation=0.000130296
[MOS-Core] adaptive_guided_init=True alpha_feasible=0.012299 alpha_init=0.012299 scales=[0.0, 0.0024597167968750003, 0.0049194335937500005, 0.0073791503906249995, 0.009838867187500001, 0.012298583984375]
[MOS-Core] Generated 6 scale-based seeds: [0.0, 0.0024597167968750003, 0.0049194335937500005, 0.0073791503906249995, 0.009838867187500001, 0.012298583984375]
[MOS-Core] Historical seed injected at position 3
[MOS-Core] historical_raw_norm=1.001879
[MOS-Core] historical_direction_norm=1.000000
[MOS-Core] historical_seed_target_scale=43.570889
[MOS-Core] historical_seed_final_norm=43.570889
[MOS-Core] Generated 4 random candidates (noise_scale=0.1)
[MOS-Core] Initial population norms: min=0.0000, mean=19.9270, max=74.7857
[MOS-Core] Budget ratios: min=0.0000, mean=0.2287, max=0.8582
[MOS-Core] Clipped ratio: 0.00%
[MOS-Core] Historical seed used: True

[MOS-Core] Starting NSGA-II evolution...
[MOS-Core] Generations: 100
[MOS-Core] Population size: 10
[MOS-Core] SBX eta: 15.0, crossover_prob: 0.9
[MOS-Core] Mutation scale: 0.05
[MOS-Core] Gen 1/100:
  Stealth: mean=0.924, best=1.000
  Destructiveness: mean=0.386, best=1.072
  CV: mean=0.0000, min=0.0000
  Feasibility: count=10, ratio=100.00%
  Max feasible destruct: 1.072
  Pareto front size: 7
  Budget ratio: mean=0.021, max=0.039
  Radial: mean_ratio=0.021, max_ratio=0.039, mean_score=0.980
  Sign: mean_ratio=0.290, max_ratio=0.999, mean_score=0.814
[MOS-Core] Gen 10/100:
  Stealth: mean=0.891, best=1.000
  Destructiveness: mean=0.559, best=1.081
  CV: mean=0.0000, min=0.0000
  Feasibility: count=10, ratio=100.00%
  Max feasible destruct: 1.081
  Pareto front size: 10
  Budget ratio: mean=0.033, max=0.102
  Radial: mean_ratio=0.033, max_ratio=0.102, mean_score=0.969
  Sign: mean_ratio=0.442, max_ratio=0.999, mean_score=0.737
[MOS-Core] Gen 20/100:
  Stealth: mean=0.889, best=1.000
  Destructiveness: mean=0.538, best=1.087
  CV: mean=0.0000, min=0.0000
  Feasibility: count=10, ratio=100.00%
  Max feasible destruct: 1.087
  Pareto front size: 10
  Budget ratio: mean=0.041, max=0.121
  Radial: mean_ratio=0.041, max_ratio=0.121, mean_score=0.962
  Sign: mean_ratio=0.436, max_ratio=0.999, mean_score=0.743
[MOS-Core] Gen 30/100:
  Stealth: mean=0.869, best=1.000
  Destructiveness: mean=0.606, best=1.095
  CV: mean=0.0000, min=0.0000
  Feasibility: count=10, ratio=100.00%
  Max feasible destruct: 1.095
  Pareto front size: 10
  Budget ratio: mean=0.059, max=0.164
  Radial: mean_ratio=0.059, max_ratio=0.164, mean_score=0.948
  Sign: mean_ratio=0.511, max_ratio=1.000, mean_score=0.713
[MOS-Core] Gen 40/100:
  Stealth: mean=0.864, best=1.000
  Destructiveness: mean=0.607, best=1.101
  CV: mean=0.0000, min=0.0000
  Feasibility: count=10, ratio=100.00%
  Max feasible destruct: 1.101
  Pareto front size: 10
  Budget ratio: mean=0.068, max=0.195
  Radial: mean_ratio=0.068, max_ratio=0.195, mean_score=0.940
  Sign: mean_ratio=0.512, max_ratio=0.997, mean_score=0.713
[MOS-Core] Gen 50/100:
  Stealth: mean=0.869, best=1.000
  Destructiveness: mean=0.606, best=1.110
  CV: mean=0.0000, min=0.0000
  Feasibility: count=10, ratio=100.00%
  Max feasible destruct: 1.110
  Pareto front size: 10
  Budget ratio: mean=0.059, max=0.215
  Radial: mean_ratio=0.059, max_ratio=0.215, mean_score=0.947
  Sign: mean_ratio=0.510, max_ratio=0.997, mean_score=0.713
[MOS-Core] Gen 60/100:
  Stealth: mean=0.842, best=1.000
  Destructiveness: mean=0.697, best=1.120
  CV: mean=0.0000, min=0.0000
  Feasibility: count=10, ratio=100.00%
  Max feasible destruct: 1.120
  Pareto front size: 10
  Budget ratio: mean=0.084, max=0.249
  Radial: mean_ratio=0.084, max_ratio=0.249, mean_score=0.928
  Sign: mean_ratio=0.602, max_ratio=1.000, mean_score=0.670
[MOS-Core] Gen 70/100:
  Stealth: mean=0.848, best=1.000
  Destructiveness: mean=0.655, best=1.132
  CV: mean=0.0000, min=0.0000
  Feasibility: count=10, ratio=100.00%
  Max feasible destruct: 1.132
  Pareto front size: 10
  Budget ratio: mean=0.087, max=0.270
  Radial: mean_ratio=0.087, max_ratio=0.270, mean_score=0.926
  Sign: mean_ratio=0.554, max_ratio=0.999, mean_score=0.692
[MOS-Core] Gen 80/100:
  Stealth: mean=0.840, best=1.000
  Destructiveness: mean=0.699, best=1.143
  CV: mean=0.0000, min=0.0000
  Feasibility: count=10, ratio=100.00%
  Max feasible destruct: 1.143
  Pareto front size: 10
  Budget ratio: mean=0.086, max=0.275
  Radial: mean_ratio=0.086, max_ratio=0.275, mean_score=0.927
  Sign: mean_ratio=0.606, max_ratio=1.000, mean_score=0.668
[MOS-Core] Gen 90/100:
  Stealth: mean=0.840, best=1.000
  Destructiveness: mean=0.700, best=1.156
  CV: mean=0.0000, min=0.0000
  Feasibility: count=10, ratio=100.00%
  Max feasible destruct: 1.156
  Pareto front size: 10
  Budget ratio: mean=0.088, max=0.303
  Radial: mean_ratio=0.088, max_ratio=0.303, mean_score=0.926
  Sign: mean_ratio=0.601, max_ratio=1.000, mean_score=0.670
[MOS-Core] Gen 100/100:
  Stealth: mean=0.847, best=1.000
  Destructiveness: mean=0.658, best=1.163
  CV: mean=0.0000, min=0.0000
  Feasibility: count=10, ratio=100.00%
  Max feasible destruct: 1.163
  Pareto front size: 10
  Budget ratio: mean=0.090, max=0.317
  Radial: mean_ratio=0.090, max_ratio=0.317, mean_score=0.924
  Sign: mean_ratio=0.552, max_ratio=0.999, mean_score=0.692

[MOS-Core] Selecting final solution...
[MOS-Core] Selection parameters:
  Lambda_s (stealth weight): 0.50
  Lambda_a (attack weight): 0.50
  Attack floor ratio: 0.1163

[MOS-Core] Feasibility summary:
  Feasible solutions: 10
  Feasible ratio: 100.00%
  Selection mode: feasible
  Min CV in front: 0.0000

[MOS-Core] Pareto front summary:
  Front size: 10
  Stealth range: [0.674, 1.000]
  Destructiveness range: [0.000, 1.163]
  CV range: [0.0000, 0.0000]
  Candidates after attack floor: 8

[MOS-Core] Selected solution (index=4):
[MOS-Core]   Constraint pass score (R): 0.852
[MOS-Core]   Destructiveness (A): 0.857
[MOS-Core]   Total CV: 0.0000
[MOS-Core]   Deviation norm: 0.8574
[MOS-Core]   Budget usage: 0.98%
[MOS-Core] selection_mode=balanced_knee
[MOS-Core] selected_budget_ratio=0.009839
[MOS-Core] selected_stealth=0.852401
[MOS-Core] selected_destructiveness=0.857370
[MOS-Core] selected_R=0.852401
[MOS-Core] selected_A=0.857370
[MOS-Core] selected_cv=0.000000
[MOS-Core] selected_CV=0.000000
[MOS-Core] selected_feasible=True
[MOS-Core] selected_guidance_alignment=1.000000
[MOS-Core] Per-constraint details:
[MOS-Core]   Radial: score=0.990, ratio=0.010, violation=0.000, loss=0.8574, threshold=87.1418
[MOS-Core]   Sign: score=0.577, ratio=0.734, violation=0.000, loss=0.8303, threshold=1.1311

[MOS-Core] Generating 8 malicious updates...
[MOS-Core] Template noise scale: 0.0001
[MOS-Core] Output norms: min=0.8574, mean=0.8574, max=0.8574
[MOS-Core] Attack completed successfully
============================================================

attack:mos_attack
defend:multi_krum
[FiniteAudit] round=9 defense=multi_krum selected_count=3 selected_malicious_count=3 selected_updates_finite=True selected_indices=[7, 6, 2]
[FiniteAudit] round=9 global_pre_finite=True benign_updates_finite=True malicious_updates_finite=True attack_budget_output_finite=True aggregate_input_finite=True aggregate_output_finite=True global_post_finite=True first_bad_stage=none rejected=False rollback=False
t   9: train_loss = 1.738, test_acc = 10.000
attack numbers = 8
[FiniteAudit] round=10 checkpoint_promoted_after_benign=True
current iteration attack ratio: 0.32

============================================================
[MOS-Core] Starting MOS-Attack
============================================================
[MOS-Core] Total parameters: 11,183,582
[MOS-Core] Benign clients: 17
[MOS-Core] Malicious slots: 8
[MOS-Core] Benign mean norm: 164.0338
[MOS-Core] Benign std (mean): 0.0007
[MOS-Core] ce_raw_norm=663.95166015625
[MOS-Core] cw_raw_norm=663.95166015625
[MOS-Core] ce_valid=True
[MOS-Core] cw_valid=True
[MOS-Core] ce_cw_cosine=0.9999999403953552
[MOS-Core] combined_pre_norm=0.9999999403953552
[MOS-Core] historical_direction_valid=True
[MOS-Core] historical_direction_norm=0.8573763966560364
[MOS-Core] guidance_history_cosine=0.7830643653869629
[MOS-Core] guidance_source=ce_cw_combined
[MOS-Core] guidance_fallback_used=False
[MOS-Core] final_guidance_norm=1.000000
[MOS-Core] Base radial threshold (q=0.95): 131.9002
[MOS-Core] Attack budget ratio: 1.0
[MOS-Core] current_budget=131.900192
[MOS-Core] current_budget_valid=True

[MOS-Core] Initializing constraints...
[MOS-Core] Enabled constraints: Radial, Sign
[MOS-Core] Radial weight: 1.0
[MOS-Core] Sign weight: 0.5, layer_reduce: quantile
[MOS-Core]   Radial threshold: 131.9002
[MOS-Core]   Sign threshold: 1.2083

[MOS-Core] Initializing population (size=10)...
[MOS-Core] constraint_mode=strict
[MOS-Core] objective_mode=dual
[MOS-Core] alpha_feasible=0.008987 boundary_width=7.62939e-06 refinements=13
[MOS-Boundary] alpha_feasible=0.008987 alpha_infeasible=0.008995 limiting_constraint=sign left=radial:ratio=0.00898743:score=0.991093:violation=0|sign:ratio=0.99994:score=0.500015:violation=0 right=radial:ratio=0.00899506:score=0.991085:violation=0|sign:ratio=1.00105:score=0.499739:violation=0.00104594
[MOS-Core] adaptive_guided_init=True alpha_feasible=0.008987 alpha_init=0.008987 scales=[0.0, 0.0017974853515625002, 0.0035949707031250003, 0.0053924560546875, 0.007189941406250001, 0.0089874267578125]
[MOS-Core] Generated 6 scale-based seeds: [0.0, 0.0017974853515625002, 0.0035949707031250003, 0.0053924560546875, 0.007189941406250001, 0.0089874267578125]
[MOS-Core] Historical seed injected at position 3
[MOS-Core] historical_raw_norm=0.857376
[MOS-Core] historical_direction_norm=1.000000
[MOS-Core] historical_seed_target_scale=65.950096
[MOS-Core] historical_seed_final_norm=65.950096
[MOS-Core] Generated 4 random candidates (noise_scale=0.1)
[MOS-Core] Initial population norms: min=0.0000, mean=41.3275, max=108.5445
[MOS-Core] Budget ratios: min=0.0000, mean=0.3133, max=0.8229
[MOS-Core] Clipped ratio: 0.00%
[MOS-Core] Historical seed used: True

[MOS-Core] Starting NSGA-II evolution...
[MOS-Core] Generations: 100
[MOS-Core] Population size: 10
[MOS-Core] SBX eta: 15.0, crossover_prob: 0.9
[MOS-Core] Mutation scale: 0.05
[MOS-Core] Gen 1/100:
  Stealth: mean=0.904, best=1.000
  Destructiveness: mean=0.593, best=1.186
  CV: mean=0.0000, min=0.0000
  Feasibility: count=10, ratio=100.00%
  Max feasible destruct: 1.186
  Pareto front size: 7
  Budget ratio: mean=0.018, max=0.032
  Radial: mean_ratio=0.018, max_ratio=0.032, mean_score=0.983
  Sign: mean_ratio=0.451, max_ratio=1.000, mean_score=0.746
[MOS-Core] Gen 10/100:
  Stealth: mean=0.902, best=1.000
  Destructiveness: mean=0.571, best=1.196
  CV: mean=0.0000, min=0.0000
  Feasibility: count=10, ratio=100.00%
  Max feasible destruct: 1.196
  Pareto front size: 10
  Budget ratio: mean=0.029, max=0.081
  Radial: mean_ratio=0.029, max_ratio=0.081, mean_score=0.972
  Sign: mean_ratio=0.407, max_ratio=1.000, mean_score=0.762
[MOS-Core] Gen 20/100:
  Stealth: mean=0.893, best=1.000
  Destructiveness: mean=0.598, best=1.207
  CV: mean=0.0000, min=0.0000
  Feasibility: count=10, ratio=100.00%
  Max feasible destruct: 1.207
  Pareto front size: 10
  Budget ratio: mean=0.040, max=0.118
  Radial: mean_ratio=0.040, max_ratio=0.118, mean_score=0.963
  Sign: mean_ratio=0.438, max_ratio=1.000, mean_score=0.753
[MOS-Core] Gen 30/100:
  Stealth: mean=0.884, best=1.000
  Destructiveness: mean=0.620, best=1.207
  CV: mean=0.0000, min=0.0000
  Feasibility: count=10, ratio=100.00%
  Max feasible destruct: 1.207
  Pareto front size: 10
  Budget ratio: mean=0.046, max=0.118
  Radial: mean_ratio=0.046, max_ratio=0.118, mean_score=0.957
  Sign: mean_ratio=0.439, max_ratio=1.000, mean_score=0.738
[MOS-Core] Gen 40/100:
  Stealth: mean=0.894, best=1.000
  Destructiveness: mean=0.550, best=1.207
  CV: mean=0.0000, min=0.0000
  Feasibility: count=10, ratio=100.00%
  Max feasible destruct: 1.207
  Pareto front size: 10
  Budget ratio: mean=0.048, max=0.118
  Radial: mean_ratio=0.048, max_ratio=0.118, mean_score=0.956
  Sign: mean_ratio=0.365, max_ratio=1.000, mean_score=0.769
[MOS-Core] Gen 50/100:
  Stealth: mean=0.886, best=1.000
  Destructiveness: mean=0.597, best=1.207
  CV: mean=0.0000, min=0.0000
  Feasibility: count=10, ratio=100.00%
  Max feasible destruct: 1.207
  Pareto front size: 10
  Budget ratio: mean=0.049, max=0.118
  Radial: mean_ratio=0.049, max_ratio=0.118, mean_score=0.955
  Sign: mean_ratio=0.415, max_ratio=1.000, mean_score=0.747
[MOS-Core] Gen 60/100:
  Stealth: mean=0.904, best=1.000
  Destructiveness: mean=0.502, best=1.208
  CV: mean=0.0000, min=0.0000
  Feasibility: count=10, ratio=100.00%
  Max feasible destruct: 1.208
  Pareto front size: 10
  Budget ratio: mean=0.042, max=0.121
  Radial: mean_ratio=0.042, max_ratio=0.121, mean_score=0.962
  Sign: mean_ratio=0.339, max_ratio=1.000, mean_score=0.790
[MOS-Core] Gen 70/100:
  Stealth: mean=0.903, best=1.000
  Destructiveness: mean=0.502, best=1.208
  CV: mean=0.0000, min=0.0000
  Feasibility: count=10, ratio=100.00%
  Max feasible destruct: 1.208
  Pareto front size: 10
  Budget ratio: mean=0.044, max=0.121
  Radial: mean_ratio=0.044, max_ratio=0.121, mean_score=0.960
  Sign: mean_ratio=0.341, max_ratio=1.000, mean_score=0.789
[MOS-Core] Gen 80/100:
  Stealth: mean=0.886, best=1.000
  Destructiveness: mean=0.598, best=1.208
  CV: mean=0.0000, min=0.0000
  Feasibility: count=10, ratio=100.00%
  Max feasible destruct: 1.208
  Pareto front size: 10
  Budget ratio: mean=0.048, max=0.121
  Radial: mean_ratio=0.048, max_ratio=0.121, mean_score=0.956
  Sign: mean_ratio=0.416, max_ratio=1.000, mean_score=0.746
[MOS-Core] Gen 90/100:
  Stealth: mean=0.903, best=1.000
  Destructiveness: mean=0.502, best=1.208
  CV: mean=0.0000, min=0.0000
  Feasibility: count=10, ratio=100.00%
  Max feasible destruct: 1.208
  Pareto front size: 10
  Budget ratio: mean=0.044, max=0.121
  Radial: mean_ratio=0.044, max_ratio=0.121, mean_score=0.960
  Sign: mean_ratio=0.338, max_ratio=1.000, mean_score=0.789
[MOS-Core] Gen 100/100:
  Stealth: mean=0.901, best=1.000
  Destructiveness: mean=0.502, best=1.208
  CV: mean=0.0000, min=0.0000
  Feasibility: count=10, ratio=100.00%
  Max feasible destruct: 1.208
  Pareto front size: 10
  Budget ratio: mean=0.047, max=0.121
  Radial: mean_ratio=0.047, max_ratio=0.121, mean_score=0.957
  Sign: mean_ratio=0.339, max_ratio=1.000, mean_score=0.789

[MOS-Core] Selecting final solution...
[MOS-Core] Selection parameters:
  Lambda_s (stealth weight): 0.50
  Lambda_a (attack weight): 0.50
  Attack floor ratio: 0.1208

[MOS-Core] Feasibility summary:
  Feasible solutions: 10
  Feasible ratio: 100.00%
  Selection mode: feasible
  Min CV in front: 0.0000

[MOS-Core] Pareto front summary:
  Front size: 10
  Stealth range: [0.762, 1.000]
  Destructiveness range: [0.000, 1.208]
  CV range: [0.0000, 0.0000]
  Candidates after attack floor: 8

[MOS-Core] Selected solution (index=3):
[MOS-Core]   Constraint pass score (R): 0.855
[MOS-Core]   Destructiveness (A): 0.948
[MOS-Core]   Total CV: 0.0000
[MOS-Core]   Deviation norm: 0.9484
[MOS-Core]   Budget usage: 0.72%
[MOS-Core] selection_mode=balanced_knee
[MOS-Core] selected_budget_ratio=0.007190
[MOS-Core] selected_stealth=0.854593
[MOS-Core] selected_destructiveness=0.948348
[MOS-Core] selected_R=0.854593
[MOS-Core] selected_A=0.948348
[MOS-Core] selected_cv=0.000000
[MOS-Core] selected_CV=0.000000
[MOS-Core] selected_feasible=True
[MOS-Core] selected_guidance_alignment=1.000000
[MOS-Core] Per-constraint details:
[MOS-Core]   Radial: score=0.993, ratio=0.007, violation=0.000, loss=0.9484, threshold=131.9002
[MOS-Core]   Sign: score=0.578, ratio=0.730, violation=0.000, loss=0.8820, threshold=1.2083

[MOS-Core] Generating 8 malicious updates...
[MOS-Core] Template noise scale: 0.0001
[MOS-Core] Output norms: min=0.9484, mean=0.9484, max=0.9484
[MOS-Core] Attack completed successfully
============================================================

attack:mos_attack
defend:multi_krum
[FiniteAudit] round=10 defense=multi_krum selected_count=3 selected_malicious_count=3 selected_updates_finite=True selected_indices=[3, 6, 5]
[FiniteAudit] round=10 global_pre_finite=True benign_updates_finite=True malicious_updates_finite=True attack_budget_output_finite=True aggregate_input_finite=True aggregate_output_finite=True global_post_finite=True first_bad_stage=none rejected=False rollback=False
t  10: train_loss = 1.713, test_acc = 10.000
attack numbers = 6
[FiniteAudit] round=11 checkpoint_promoted_after_benign=True
current iteration attack ratio: 0.24

============================================================
[MOS-Core] Starting MOS-Attack
============================================================
[MOS-Core] Total parameters: 11,183,582
[MOS-Core] Benign clients: 19
[MOS-Core] Malicious slots: 6
[MOS-Core] Benign mean norm: 133.3739
[MOS-Core] Benign std (mean): 0.0007
[MOS-Core] ce_raw_norm=725.4296875
[MOS-Core] cw_raw_norm=725.4296875
[MOS-Core] ce_valid=True
[MOS-Core] cw_valid=True
[MOS-Core] ce_cw_cosine=1.0000001192092896
[MOS-Core] combined_pre_norm=1.0
[MOS-Core] historical_direction_valid=True
[MOS-Core] historical_direction_norm=0.9483547210693359
[MOS-Core] guidance_history_cosine=0.8374311923980713
[MOS-Core] guidance_source=ce_cw_combined
[MOS-Core] guidance_fallback_used=False
[MOS-Core] final_guidance_norm=1.000000
[MOS-Core] Base radial threshold (q=0.95): 100.1454
[MOS-Core] Attack budget ratio: 1.0
[MOS-Core] current_budget=100.145378
[MOS-Core] current_budget_valid=True

[MOS-Core] Initializing constraints...
[MOS-Core] Enabled constraints: Radial, Sign
[MOS-Core] Radial weight: 1.0
[MOS-Core] Sign weight: 0.5, layer_reduce: quantile
[MOS-Core]   Radial threshold: 100.1454
[MOS-Core]   Sign threshold: 1.4404

[MOS-Core] Initializing population (size=10)...
[MOS-Core] constraint_mode=strict
[MOS-Core] objective_mode=dual
[MOS-Core] alpha_feasible=0.010780 boundary_width=7.62939e-06 refinements=13
[MOS-Boundary] alpha_feasible=0.010780 alpha_infeasible=0.010788 limiting_constraint=sign left=radial:ratio=0.0107803:score=0.989335:violation=0|sign:ratio=0.999394:score=0.500152:violation=0 right=radial:ratio=0.010788:score=0.989327:violation=0|sign:ratio=1.00041:score=0.499898:violation=0.000406265
[MOS-Core] adaptive_guided_init=True alpha_feasible=0.010780 alpha_init=0.010780 scales=[0.0, 0.00215606689453125, 0.0043121337890625, 0.00646820068359375, 0.008624267578125, 0.01078033447265625]
[MOS-Core] Generated 6 scale-based seeds: [0.0, 0.00215606689453125, 0.0043121337890625, 0.00646820068359375, 0.008624267578125, 0.01078033447265625]
[MOS-Core] Historical seed injected at position 3
[MOS-Core] historical_raw_norm=0.948355
[MOS-Core] historical_direction_norm=1.000000
[MOS-Core] historical_seed_target_scale=50.072689
[MOS-Core] historical_seed_final_norm=50.072693
[MOS-Core] Generated 4 random candidates (noise_scale=0.1)
[MOS-Core] Initial population norms: min=0.0000, mean=26.1081, max=84.9979
[MOS-Core] Budget ratios: min=0.0000, mean=0.2607, max=0.8487
[MOS-Core] Clipped ratio: 0.00%
[MOS-Core] Historical seed used: True

[MOS-Core] Starting NSGA-II evolution...
[MOS-Core] Generations: 100
[MOS-Core] Population size: 10
[MOS-Core] SBX eta: 15.0, crossover_prob: 0.9
[MOS-Core] Mutation scale: 0.05
[MOS-Core] Gen 1/100:
  Stealth: mean=0.926, best=1.000
  Destructiveness: mean=0.363, best=1.080
  CV: mean=0.0000, min=0.0000
  Feasibility: count=10, ratio=100.00%
  Max feasible destruct: 1.080
  Pareto front size: 7
  Budget ratio: mean=0.019, max=0.037
  Radial: mean_ratio=0.019, max_ratio=0.037, mean_score=0.981
  Sign: mean_ratio=0.304, max_ratio=0.999, mean_score=0.817
[MOS-Core] Gen 10/100:
  Stealth: mean=0.885, best=1.000
  Destructiveness: mean=0.628, best=1.087
  CV: mean=0.0000, min=0.0000
  Feasibility: count=10, ratio=100.00%
  Max feasible destruct: 1.087
  Pareto front size: 10
  Budget ratio: mean=0.036, max=0.091
  Radial: mean_ratio=0.036, max_ratio=0.091, mean_score=0.966
  Sign: mean_ratio=0.492, max_ratio=0.999, mean_score=0.722
[MOS-Core] Gen 20/100:
  Stealth: mean=0.887, best=1.000
  Destructiveness: mean=0.586, best=1.099
  CV: mean=0.0000, min=0.0000
  Feasibility: count=10, ratio=100.00%
  Max feasible destruct: 1.099
  Pareto front size: 10
  Budget ratio: mean=0.044, max=0.125
  Radial: mean_ratio=0.044, max_ratio=0.125, mean_score=0.959
  Sign: mean_ratio=0.448, max_ratio=0.999, mean_score=0.743
[MOS-Core] Gen 30/100:
  Stealth: mean=0.876, best=1.000
  Destructiveness: mean=0.652, best=1.104
  CV: mean=0.0000, min=0.0000
  Feasibility: count=10, ratio=100.00%
  Max feasible destruct: 1.104
  Pareto front size: 10
  Budget ratio: mean=0.043, max=0.148
  Radial: mean_ratio=0.043, max_ratio=0.148, mean_score=0.961
  Sign: mean_ratio=0.514, max_ratio=0.999, mean_score=0.707
[MOS-Core] Gen 40/100:
  Stealth: mean=0.869, best=1.000
  Destructiveness: mean=0.634, best=1.110
  CV: mean=0.0000, min=0.0000
  Feasibility: count=10, ratio=100.00%
  Max feasible destruct: 1.110
  Pareto front size: 10
  Budget ratio: mean=0.063, max=0.182
  Radial: mean_ratio=0.063, max_ratio=0.182, mean_score=0.945
  Sign: mean_ratio=0.503, max_ratio=0.995, mean_score=0.717
[MOS-Core] Gen 50/100:
  Stealth: mean=0.886, best=1.000
  Destructiveness: mean=0.567, best=1.119
  CV: mean=0.0000, min=0.0000
  Feasibility: count=10, ratio=100.00%
  Max feasible destruct: 1.119
  Pareto front size: 10
  Budget ratio: mean=0.053, max=0.201
  Radial: mean_ratio=0.053, max_ratio=0.201, mean_score=0.953
  Sign: mean_ratio=0.423, max_ratio=1.000, mean_score=0.751
[MOS-Core] Gen 60/100:
  Stealth: mean=0.885, best=1.000
  Destructiveness: mean=0.568, best=1.126
  CV: mean=0.0000, min=0.0000
  Feasibility: count=10, ratio=100.00%
  Max feasible destruct: 1.126
  Pareto front size: 10
  Budget ratio: mean=0.054, max=0.207
  Radial: mean_ratio=0.054, max_ratio=0.207, mean_score=0.952
  Sign: mean_ratio=0.423, max_ratio=0.999, mean_score=0.751
[MOS-Core] Gen 70/100:
  Stealth: mean=0.866, best=1.000
  Destructiveness: mean=0.655, best=1.131
  CV: mean=0.0000, min=0.0000
  Feasibility: count=10, ratio=100.00%
  Max feasible destruct: 1.131
  Pareto front size: 10
  Budget ratio: mean=0.060, max=0.217
  Radial: mean_ratio=0.060, max_ratio=0.217, mean_score=0.947
  Sign: mean_ratio=0.520, max_ratio=0.999, mean_score=0.705
[MOS-Core] Gen 80/100:
  Stealth: mean=0.855, best=1.000
  Destructiveness: mean=0.661, best=1.137
  CV: mean=0.0000, min=0.0000
  Feasibility: count=10, ratio=100.00%
  Max feasible destruct: 1.137
  Pareto front size: 10
  Budget ratio: mean=0.082, max=0.235
  Radial: mean_ratio=0.082, max_ratio=0.235, mean_score=0.930
  Sign: mean_ratio=0.516, max_ratio=0.991, mean_score=0.707
[MOS-Core] Gen 90/100:
  Stealth: mean=0.876, best=1.000
  Destructiveness: mean=0.571, best=1.145
  CV: mean=0.0000, min=0.0000
  Feasibility: count=10, ratio=100.00%
  Max feasible destruct: 1.145
  Pareto front size: 10
  Budget ratio: mean=0.070, max=0.265
  Radial: mean_ratio=0.070, max_ratio=0.265, mean_score=0.939
  Sign: mean_ratio=0.427, max_ratio=0.999, mean_score=0.750
[MOS-Core] Gen 100/100:
  Stealth: mean=0.865, best=1.000
  Destructiveness: mean=0.600, best=1.155
  CV: mean=0.0000, min=0.0000
  Feasibility: count=10, ratio=100.00%
  Max feasible destruct: 1.155
  Pareto front size: 10
  Budget ratio: mean=0.089, max=0.273
  Radial: mean_ratio=0.089, max_ratio=0.273, mean_score=0.926
  Sign: mean_ratio=0.448, max_ratio=1.000, mean_score=0.744

[MOS-Core] Selecting final solution...
[MOS-Core] Selection parameters:
  Lambda_s (stealth weight): 0.50
  Lambda_a (attack weight): 0.50
  Attack floor ratio: 0.1155

[MOS-Core] Feasibility summary:
  Feasible solutions: 10
  Feasible ratio: 100.00%
  Selection mode: feasible
  Min CV in front: 0.0000

[MOS-Core] Pareto front summary:
  Front size: 10
  Stealth range: [0.690, 1.000]
  Destructiveness range: [0.000, 1.155]
  CV range: [0.0000, 0.0000]
  Candidates after attack floor: 9

[MOS-Core] Selected solution (index=3):
[MOS-Core]   Constraint pass score (R): 0.854
[MOS-Core]   Destructiveness (A): 0.864
[MOS-Core]   Total CV: 0.0000
[MOS-Core]   Deviation norm: 0.8637
[MOS-Core]   Budget usage: 0.86%
[MOS-Core] selection_mode=balanced_knee
[MOS-Core] selected_budget_ratio=0.008624
[MOS-Core] selected_stealth=0.853889
[MOS-Core] selected_destructiveness=0.863674
[MOS-Core] selected_R=0.853889
[MOS-Core] selected_A=0.863674
[MOS-Core] selected_cv=0.000000
[MOS-Core] selected_CV=0.000000
[MOS-Core] selected_feasible=True
[MOS-Core] selected_guidance_alignment=1.000000
[MOS-Core] Per-constraint details:
[MOS-Core]   Radial: score=0.991, ratio=0.009, violation=0.000, loss=0.8637, threshold=100.1454
[MOS-Core]   Sign: score=0.579, ratio=0.728, violation=0.000, loss=1.0483, threshold=1.4404

[MOS-Core] Generating 6 malicious updates...
[MOS-Core] Template noise scale: 0.0001
[MOS-Core] Output norms: min=0.8637, mean=0.8637, max=0.8637
[MOS-Core] Attack completed successfully
============================================================

attack:mos_attack
defend:multi_krum
[FiniteAudit] round=11 defense=multi_krum selected_count=3 selected_malicious_count=3 selected_updates_finite=True selected_indices=[4, 1, 3]
[FiniteAudit] round=11 global_pre_finite=True benign_updates_finite=True malicious_updates_finite=True attack_budget_output_finite=True aggregate_input_finite=True aggregate_output_finite=True global_post_finite=True first_bad_stage=none rejected=False rollback=False
t  11: train_loss = 1.672, test_acc = 10.000
attack numbers = 3
[FiniteAudit] round=12 checkpoint_promoted_after_benign=True
current iteration attack ratio: 0.12

============================================================
[MOS-Core] Starting MOS-Attack
============================================================
[MOS-Core] Total parameters: 11,183,582
[MOS-Core] Benign clients: 22
[MOS-Core] Malicious slots: 3
[MOS-Core] Benign mean norm: 173.9623
[MOS-Core] Benign std (mean): 0.0008
[MOS-Core] ce_raw_norm=1344.21630859375
[MOS-Core] cw_raw_norm=1344.21630859375
[MOS-Core] ce_valid=True
[MOS-Core] cw_valid=True
[MOS-Core] ce_cw_cosine=1.0
[MOS-Core] combined_pre_norm=1.0
[MOS-Core] historical_direction_valid=True
[MOS-Core] historical_direction_norm=0.8636805415153503
[MOS-Core] guidance_history_cosine=0.8606007695198059
[MOS-Core] guidance_source=ce_cw_combined
[MOS-Core] guidance_fallback_used=False
[MOS-Core] final_guidance_norm=1.000000
[MOS-Core] Base radial threshold (q=0.95): 122.1357
[MOS-Core] Attack budget ratio: 1.0
[MOS-Core] current_budget=122.135674
[MOS-Core] current_budget_valid=True

[MOS-Core] Initializing constraints...
[MOS-Core] Enabled constraints: Radial, Sign
[MOS-Core] Radial weight: 1.0
[MOS-Core] Sign weight: 0.5, layer_reduce: quantile
[MOS-Core]   Radial threshold: 122.1357
[MOS-Core]   Sign threshold: 1.3785

[MOS-Core] Initializing population (size=10)...
[MOS-Core] constraint_mode=strict
[MOS-Core] objective_mode=dual
[MOS-Core] alpha_feasible=0.011147 boundary_width=7.62939e-06 refinements=13
[MOS-Boundary] alpha_feasible=0.011147 alpha_infeasible=0.011154 limiting_constraint=sign left=radial:ratio=0.0111465:score=0.988976:violation=0|sign:ratio=0.999657:score=0.500086:violation=0 right=radial:ratio=0.0111542:score=0.988969:violation=0|sign:ratio=1.00053:score=0.499867:violation=0.000533342
[MOS-Core] adaptive_guided_init=True alpha_feasible=0.011147 alpha_init=0.011147 scales=[0.0, 0.00222930908203125, 0.0044586181640625, 0.00668792724609375, 0.008917236328125, 0.01114654541015625]
[MOS-Core] Generated 6 scale-based seeds: [0.0, 0.00222930908203125, 0.0044586181640625, 0.00668792724609375, 0.008917236328125, 0.01114654541015625]
[MOS-Core] Historical seed injected at position 3
[MOS-Core] historical_raw_norm=0.863681
[MOS-Core] historical_direction_norm=1.000000
[MOS-Core] historical_seed_target_scale=61.067837
[MOS-Core] historical_seed_final_norm=61.067837
[MOS-Core] Generated 4 random candidates (noise_scale=0.1)
[MOS-Core] Initial population norms: min=0.0000, mean=28.7590, max=88.8826
[MOS-Core] Budget ratios: min=0.0000, mean=0.2355, max=0.7277
[MOS-Core] Clipped ratio: 0.00%
[MOS-Core] Historical seed used: True

[MOS-Core] Starting NSGA-II evolution...
[MOS-Core] Generations: 100
[MOS-Core] Population size: 10
[MOS-Core] SBX eta: 15.0, crossover_prob: 0.9
[MOS-Core] Mutation scale: 0.05
[MOS-Core] Gen 1/100:
  Stealth: mean=0.917, best=1.000
  Destructiveness: mean=0.572, best=1.361
  CV: mean=0.0000, min=0.0000
  Feasibility: count=10, ratio=100.00%
  Max feasible destruct: 1.361
  Pareto front size: 7
  Budget ratio: mean=0.019, max=0.035
  Radial: mean_ratio=0.019, max_ratio=0.035, mean_score=0.981
  Sign: mean_ratio=0.339, max_ratio=1.000, mean_score=0.789
[MOS-Core] Gen 10/100:
  Stealth: mean=0.912, best=1.000
  Destructiveness: mean=0.573, best=1.361
  CV: mean=0.0000, min=0.0000
  Feasibility: count=10, ratio=100.00%
  Max feasible destruct: 1.361
  Pareto front size: 10
  Budget ratio: mean=0.028, max=0.076
  Radial: mean_ratio=0.028, max_ratio=0.076, mean_score=0.974
  Sign: mean_ratio=0.342, max_ratio=1.000, mean_score=0.788
[MOS-Core] Gen 20/100:
  Stealth: mean=0.907, best=1.000
  Destructiveness: mean=0.573, best=1.362
  CV: mean=0.0000, min=0.0000
  Feasibility: count=10, ratio=100.00%
  Max feasible destruct: 1.362
  Pareto front size: 10
  Budget ratio: mean=0.035, max=0.107
  Radial: mean_ratio=0.035, max_ratio=0.107, mean_score=0.967
  Sign: mean_ratio=0.346, max_ratio=0.999, mean_score=0.785
[MOS-Core] Gen 30/100:
  Stealth: mean=0.903, best=1.000
  Destructiveness: mean=0.574, best=1.362
  CV: mean=0.0000, min=0.0000
  Feasibility: count=10, ratio=100.00%
  Max feasible destruct: 1.362
  Pareto front size: 10
  Budget ratio: mean=0.041, max=0.121
  Radial: mean_ratio=0.041, max_ratio=0.121, mean_score=0.962
  Sign: mean_ratio=0.346, max_ratio=0.999, mean_score=0.785
[MOS-Core] Gen 40/100:
  Stealth: mean=0.901, best=1.000
  Destructiveness: mean=0.574, best=1.362
  CV: mean=0.0000, min=0.0000
  Feasibility: count=10, ratio=100.00%
  Max feasible destruct: 1.362
  Pareto front size: 10
  Budget ratio: mean=0.044, max=0.123
  Radial: mean_ratio=0.044, max_ratio=0.123, mean_score=0.959
  Sign: mean_ratio=0.348, max_ratio=0.999, mean_score=0.783
[MOS-Core] Gen 50/100:
  Stealth: mean=0.886, best=1.000
  Destructiveness: mean=0.683, best=1.362
  CV: mean=0.0000, min=0.0000
  Feasibility: count=10, ratio=100.00%
  Max feasible destruct: 1.362
  Pareto front size: 10
  Budget ratio: mean=0.044, max=0.123
  Radial: mean_ratio=0.044, max_ratio=0.123, mean_score=0.959
  Sign: mean_ratio=0.441, max_ratio=1.000, mean_score=0.740
[MOS-Core] Gen 60/100:
  Stealth: mean=0.889, best=1.000
  Destructiveness: mean=0.683, best=1.362
  CV: mean=0.0000, min=0.0000
  Feasibility: count=10, ratio=100.00%
  Max feasible destruct: 1.362
  Pareto front size: 10
  Budget ratio: mean=0.040, max=0.123
  Radial: mean_ratio=0.040, max_ratio=0.123, mean_score=0.962
  Sign: mean_ratio=0.438, max_ratio=1.000, mean_score=0.743
[MOS-Core] Gen 70/100:
  Stealth: mean=0.887, best=1.000
  Destructiveness: mean=0.683, best=1.362
  CV: mean=0.0000, min=0.0000
  Feasibility: count=10, ratio=100.00%
  Max feasible destruct: 1.362
  Pareto front size: 10
  Budget ratio: mean=0.043, max=0.123
  Radial: mean_ratio=0.043, max_ratio=0.123, mean_score=0.960
  Sign: mean_ratio=0.440, max_ratio=1.000, mean_score=0.742
[MOS-Core] Gen 80/100:
  Stealth: mean=0.886, best=1.000
  Destructiveness: mean=0.683, best=1.362
  CV: mean=0.0000, min=0.0000
  Feasibility: count=10, ratio=100.00%
  Max feasible destruct: 1.362
  Pareto front size: 10
  Budget ratio: mean=0.044, max=0.123
  Radial: mean_ratio=0.044, max_ratio=0.123, mean_score=0.959
  Sign: mean_ratio=0.440, max_ratio=1.000, mean_score=0.741
[MOS-Core] Gen 90/100:
  Stealth: mean=0.884, best=1.000
  Destructiveness: mean=0.683, best=1.362
  CV: mean=0.0000, min=0.0000
  Feasibility: count=10, ratio=100.00%
  Max feasible destruct: 1.362
  Pareto front size: 10
  Budget ratio: mean=0.048, max=0.123
  Radial: mean_ratio=0.048, max_ratio=0.123, mean_score=0.955
  Sign: mean_ratio=0.442, max_ratio=1.000, mean_score=0.740
[MOS-Core] Gen 100/100:
  Stealth: mean=0.883, best=1.000
  Destructiveness: mean=0.683, best=1.362
  CV: mean=0.0000, min=0.0000
  Feasibility: count=10, ratio=100.00%
  Max feasible destruct: 1.362
  Pareto front size: 10
  Budget ratio: mean=0.049, max=0.123
  Radial: mean_ratio=0.049, max_ratio=0.123, mean_score=0.955
  Sign: mean_ratio=0.442, max_ratio=1.000, mean_score=0.740

[MOS-Core] Selecting final solution...
[MOS-Core] Selection parameters:
  Lambda_s (stealth weight): 0.50
  Lambda_a (attack weight): 0.50
  Attack floor ratio: 0.1362

[MOS-Core] Feasibility summary:
  Feasible solutions: 10
  Feasible ratio: 100.00%
  Selection mode: feasible
  Min CV in front: 0.0000

[MOS-Core] Pareto front summary:
  Front size: 10
  Stealth range: [0.794, 1.000]
  Destructiveness range: [0.000, 1.362]
  CV range: [0.0000, 0.0000]
  Candidates after attack floor: 8

[MOS-Core] Selected solution (index=6):
[MOS-Core]   Constraint pass score (R): 0.932
[MOS-Core]   Destructiveness (A): 0.545
[MOS-Core]   Total CV: 0.0000
[MOS-Core]   Deviation norm: 0.5446
[MOS-Core]   Budget usage: 0.45%
[MOS-Core] selection_mode=balanced_knee
[MOS-Core] selected_budget_ratio=0.004459
[MOS-Core] selected_stealth=0.932050
[MOS-Core] selected_destructiveness=0.544553
[MOS-Core] selected_R=0.932050
[MOS-Core] selected_A=0.544553
[MOS-Core] selected_cv=0.000000
[MOS-Core] selected_CV=0.000000
[MOS-Core] selected_feasible=True
[MOS-Core] selected_guidance_alignment=1.000000
[MOS-Core] Per-constraint details:
[MOS-Core]   Radial: score=0.996, ratio=0.004, violation=0.000, loss=0.5446, threshold=122.1357
[MOS-Core]   Sign: score=0.805, ratio=0.242, violation=0.000, loss=0.3339, threshold=1.3785

[MOS-Core] Generating 3 malicious updates...
[MOS-Core] Template noise scale: 0.0001
[MOS-Core] Output norms: min=0.5446, mean=0.5446, max=0.5446
[MOS-Core] Attack completed successfully
============================================================

attack:mos_attack
defend:multi_krum
[FiniteAudit] round=12 defense=multi_krum selected_count=3 selected_malicious_count=3 selected_updates_finite=True selected_indices=[0, 2, 1]
[FiniteAudit] round=12 global_pre_finite=True benign_updates_finite=True malicious_updates_finite=True attack_budget_output_finite=True aggregate_input_finite=True aggregate_output_finite=True global_post_finite=True first_bad_stage=none rejected=False rollback=False
t  12: train_loss = 1.656, test_acc = 10.220
attack numbers = 2
[FiniteAudit] round=13 checkpoint_promoted_after_benign=True
current iteration attack ratio: 0.08

============================================================
[MOS-Core] Starting MOS-Attack
============================================================
[MOS-Core] Total parameters: 11,183,582
[MOS-Core] Benign clients: 23
[MOS-Core] Malicious slots: 2
[MOS-Core] Benign mean norm: 121.1057
[MOS-Core] Benign std (mean): 0.0007
[MOS-Core] ce_raw_norm=518.9682006835938
[MOS-Core] cw_raw_norm=518.9682006835938
[MOS-Core] ce_valid=True
[MOS-Core] cw_valid=True
[MOS-Core] ce_cw_cosine=1.0
[MOS-Core] combined_pre_norm=0.9999999403953552
[MOS-Core] historical_direction_valid=True
[MOS-Core] historical_direction_norm=0.5445563793182373
[MOS-Core] guidance_history_cosine=0.9267352819442749
[MOS-Core] guidance_source=ce_cw_combined
[MOS-Core] guidance_fallback_used=False
[MOS-Core] final_guidance_norm=1.000000
[MOS-Core] Base radial threshold (q=0.95): 97.9807
[MOS-Core] Attack budget ratio: 1.0
[MOS-Core] current_budget=97.980659
[MOS-Core] current_budget_valid=True

[MOS-Core] Initializing constraints...
[MOS-Core] Enabled constraints: Radial, Sign
[MOS-Core] Radial weight: 1.0
[MOS-Core] Sign weight: 0.5, layer_reduce: quantile
[MOS-Core]   Radial threshold: 97.9807
[MOS-Core]   Sign threshold: 1.6286

[MOS-Core] Initializing population (size=10)...
[MOS-Core] constraint_mode=strict
[MOS-Core] objective_mode=dual
[MOS-Core] alpha_feasible=0.011032 boundary_width=7.62939e-06 refinements=13
[MOS-Boundary] alpha_feasible=0.011032 alpha_infeasible=0.011040 limiting_constraint=sign left=radial:ratio=0.0110321:score=0.989088:violation=0|sign:ratio=0.999821:score=0.500045:violation=0 right=radial:ratio=0.0110397:score=0.989081:violation=0|sign:ratio=1.00063:score=0.499842:violation=0.000633478
[MOS-Core] adaptive_guided_init=True alpha_feasible=0.011032 alpha_init=0.011032 scales=[0.0, 0.0022064208984375, 0.004412841796875, 0.0066192626953125, 0.00882568359375, 0.0110321044921875]
[MOS-Core] Generated 6 scale-based seeds: [0.0, 0.0022064208984375, 0.004412841796875, 0.0066192626953125, 0.00882568359375, 0.0110321044921875]
[MOS-Core] Historical seed injected at position 3
[MOS-Core] historical_raw_norm=0.544556
[MOS-Core] historical_direction_norm=1.000000
[MOS-Core] historical_seed_target_scale=48.990330
[MOS-Core] historical_seed_final_norm=48.990334
[MOS-Core] Generated 4 random candidates (noise_scale=0.1)
[MOS-Core] Initial population norms: min=0.0000, mean=25.2081, max=83.8663
[MOS-Core] Budget ratios: min=0.0000, mean=0.2573, max=0.8559
[MOS-Core] Clipped ratio: 0.00%
[MOS-Core] Historical seed used: True

[MOS-Core] Starting NSGA-II evolution...
[MOS-Core] Generations: 100
[MOS-Core] Population size: 10
[MOS-Core] SBX eta: 15.0, crossover_prob: 0.9
[MOS-Core] Mutation scale: 0.05
[MOS-Core] Gen 1/100:
  Stealth: mean=0.887, best=1.000
  Destructiveness: mean=0.571, best=1.081
  CV: mean=0.0305, min=0.0000
  Feasibility: count=9, ratio=90.00%
  Max feasible destruct: 1.081
  Pareto front size: 7
  Budget ratio: mean=0.020, max=0.038
  Radial: mean_ratio=0.020, max_ratio=0.038, mean_score=0.981
  Sign: mean_ratio=0.560, max_ratio=1.610, mean_score=0.700
[MOS-Core] Gen 10/100:
  Stealth: mean=0.900, best=1.000
  Destructiveness: mean=0.520, best=1.089
  CV: mean=0.0000, min=0.0000
  Feasibility: count=10, ratio=100.00%
  Max feasible destruct: 1.089
  Pareto front size: 10
  Budget ratio: mean=0.028, max=0.071
  Radial: mean_ratio=0.028, max_ratio=0.071, mean_score=0.974
  Sign: mean_ratio=0.426, max_ratio=1.000, mean_score=0.752
[MOS-Core] Gen 20/100:
  Stealth: mean=0.896, best=1.000
  Destructiveness: mean=0.521, best=1.093
  CV: mean=0.0000, min=0.0000
  Feasibility: count=10, ratio=100.00%
  Max feasible destruct: 1.093
  Pareto front size: 10
  Budget ratio: mean=0.033, max=0.098
  Radial: mean_ratio=0.033, max_ratio=0.098, mean_score=0.969
  Sign: mean_ratio=0.428, max_ratio=1.000, mean_score=0.751
[MOS-Core] Gen 30/100:
  Stealth: mean=0.877, best=1.000
  Destructiveness: mean=0.567, best=1.097
  CV: mean=0.0000, min=0.0000
  Feasibility: count=10, ratio=100.00%
  Max feasible destruct: 1.097
  Pareto front size: 10
  Budget ratio: mean=0.054, max=0.119
  Radial: mean_ratio=0.054, max_ratio=0.119, mean_score=0.950
  Sign: mean_ratio=0.457, max_ratio=1.000, mean_score=0.730
[MOS-Core] Gen 40/100:
  Stealth: mean=0.877, best=1.000
  Destructiveness: mean=0.567, best=1.098
  CV: mean=0.0000, min=0.0000
  Feasibility: count=10, ratio=100.00%
  Max feasible destruct: 1.098
  Pareto front size: 10
  Budget ratio: mean=0.055, max=0.127
  Radial: mean_ratio=0.055, max_ratio=0.127, mean_score=0.950
  Sign: mean_ratio=0.457, max_ratio=1.000, mean_score=0.730
[MOS-Core] Gen 50/100:
  Stealth: mean=0.879, best=1.000
  Destructiveness: mean=0.567, best=1.098
  CV: mean=0.0000, min=0.0000
  Feasibility: count=10, ratio=100.00%
  Max feasible destruct: 1.098
  Pareto front size: 10
  Budget ratio: mean=0.051, max=0.137
  Radial: mean_ratio=0.051, max_ratio=0.137, mean_score=0.954
  Sign: mean_ratio=0.454, max_ratio=0.999, mean_score=0.731
[MOS-Core] Gen 60/100:
  Stealth: mean=0.878, best=1.000
  Destructiveness: mean=0.546, best=1.098
  CV: mean=0.0000, min=0.0000
  Feasibility: count=10, ratio=100.00%
  Max feasible destruct: 1.098
  Pareto front size: 10
  Budget ratio: mean=0.056, max=0.137
  Radial: mean_ratio=0.056, max_ratio=0.137, mean_score=0.949
  Sign: mean_ratio=0.447, max_ratio=0.999, mean_score=0.737
[MOS-Core] Gen 70/100:
  Stealth: mean=0.876, best=1.000
  Destructiveness: mean=0.546, best=1.098
  CV: mean=0.0000, min=0.0000
  Feasibility: count=10, ratio=100.00%
  Max feasible destruct: 1.098
  Pareto front size: 10
  Budget ratio: mean=0.060, max=0.140
  Radial: mean_ratio=0.060, max_ratio=0.140, mean_score=0.945
  Sign: mean_ratio=0.448, max_ratio=1.000, mean_score=0.737
[MOS-Core] Gen 80/100:
  Stealth: mean=0.877, best=1.000
  Destructiveness: mean=0.546, best=1.098
  CV: mean=0.0000, min=0.0000
  Feasibility: count=10, ratio=100.00%
  Max feasible destruct: 1.098
  Pareto front size: 10
  Budget ratio: mean=0.058, max=0.148
  Radial: mean_ratio=0.058, max_ratio=0.148, mean_score=0.947
  Sign: mean_ratio=0.445, max_ratio=1.000, mean_score=0.738
[MOS-Core] Gen 90/100:
  Stealth: mean=0.874, best=1.000
  Destructiveness: mean=0.547, best=1.098
  CV: mean=0.0000, min=0.0000
  Feasibility: count=10, ratio=100.00%
  Max feasible destruct: 1.098
  Pareto front size: 10
  Budget ratio: mean=0.063, max=0.148
  Radial: mean_ratio=0.063, max_ratio=0.148, mean_score=0.943
  Sign: mean_ratio=0.447, max_ratio=1.000, mean_score=0.737
[MOS-Core] Gen 100/100:
  Stealth: mean=0.879, best=1.000
  Destructiveness: mean=0.524, best=1.099
  CV: mean=0.0000, min=0.0000
  Feasibility: count=10, ratio=100.00%
  Max feasible destruct: 1.099
  Pareto front size: 10
  Budget ratio: mean=0.059, max=0.148
  Radial: mean_ratio=0.059, max_ratio=0.148, mean_score=0.947
  Sign: mean_ratio=0.424, max_ratio=1.000, mean_score=0.743

[MOS-Core] Selecting final solution...
[MOS-Core] Selection parameters:
  Lambda_s (stealth weight): 0.50
  Lambda_a (attack weight): 0.50
  Attack floor ratio: 0.1099

[MOS-Core] Feasibility summary:
  Feasible solutions: 10
  Feasible ratio: 100.00%
  Selection mode: feasible
  Min CV in front: 0.0000

[MOS-Core] Pareto front summary:
  Front size: 10
  Stealth range: [0.747, 1.000]
  Destructiveness range: [0.000, 1.099]
  CV range: [0.0000, 0.0000]
  Candidates after attack floor: 8

[MOS-Core] Selected solution (index=5):
[MOS-Core]   Constraint pass score (R): 0.850
[MOS-Core]   Destructiveness (A): 0.865
[MOS-Core]   Total CV: 0.0000
[MOS-Core]   Deviation norm: 0.8647
[MOS-Core]   Budget usage: 0.88%
[MOS-Core] selection_mode=balanced_knee
[MOS-Core] selected_budget_ratio=0.008826
[MOS-Core] selected_stealth=0.850203
[MOS-Core] selected_destructiveness=0.864738
[MOS-Core] selected_R=0.850203
[MOS-Core] selected_A=0.864738
[MOS-Core] selected_cv=0.000000
[MOS-Core] selected_CV=0.000000
[MOS-Core] selected_feasible=True
[MOS-Core] selected_guidance_alignment=1.000000
[MOS-Core] Per-constraint details:
[MOS-Core]   Radial: score=0.991, ratio=0.009, violation=0.000, loss=0.8647, threshold=97.9807
[MOS-Core]   Sign: score=0.568, ratio=0.760, violation=0.000, loss=1.2381, threshold=1.6286

[MOS-Core] Generating 2 malicious updates...
[MOS-Core] Template noise scale: 0.0001
[MOS-Core] Output norms: min=0.8648, mean=0.8648, max=0.8648
[MOS-Core] Attack completed successfully
============================================================

attack:mos_attack
defend:multi_krum
[FiniteAudit] round=13 defense=multi_krum selected_count=3 selected_malicious_count=2 selected_updates_finite=True selected_indices=[0, 1, 22]
[FiniteAudit] round=13 global_pre_finite=True benign_updates_finite=True malicious_updates_finite=True attack_budget_output_finite=True aggregate_input_finite=True aggregate_output_finite=True global_post_finite=True first_bad_stage=none rejected=False rollback=False
t  13: train_loss = 1.609, test_acc = 10.040
attack numbers = 3
[FiniteAudit] round=14 checkpoint_promoted_after_benign=True
current iteration attack ratio: 0.12

============================================================
[MOS-Core] Starting MOS-Attack
============================================================
[MOS-Core] Total parameters: 11,183,582
[MOS-Core] Benign clients: 22
[MOS-Core] Malicious slots: 3
[MOS-Core] Benign mean norm: 128.3984
[MOS-Core] Benign std (mean): 0.0008
[MOS-Core] ce_raw_norm=861.8678588867188
[MOS-Core] cw_raw_norm=861.8682250976562
[MOS-Core] ce_valid=True
[MOS-Core] cw_valid=True
[MOS-Core] ce_cw_cosine=1.0
[MOS-Core] combined_pre_norm=1.0
[MOS-Core] historical_direction_valid=True
[MOS-Core] historical_direction_norm=0.8647464513778687
[MOS-Core] guidance_history_cosine=0.9545446634292603
[MOS-Core] guidance_source=ce_cw_combined
[MOS-Core] guidance_fallback_used=False
[MOS-Core] final_guidance_norm=1.000000
[MOS-Core] Base radial threshold (q=0.95): 124.8389
[MOS-Core] Attack budget ratio: 1.0
[MOS-Core] current_budget=124.838867
[MOS-Core] current_budget_valid=True

[MOS-Core] Initializing constraints...
[MOS-Core] Enabled constraints: Radial, Sign
[MOS-Core] Radial weight: 1.0
[MOS-Core] Sign weight: 0.5, layer_reduce: quantile
[MOS-Core]   Radial threshold: 124.8389
[MOS-Core]   Sign threshold: 1.5417

[MOS-Core] Initializing population (size=10)...
[MOS-Core] constraint_mode=strict
[MOS-Core] objective_mode=dual
[MOS-Core] alpha_feasible=0.009895 boundary_width=7.62939e-06 refinements=13
[MOS-Boundary] alpha_feasible=0.009895 alpha_infeasible=0.009903 limiting_constraint=sign left=radial:ratio=0.00989532:score=0.990202:violation=0|sign:ratio=0.999856:score=0.500036:violation=0 right=radial:ratio=0.00990295:score=0.990194:violation=0|sign:ratio=1.00087:score=0.499782:violation=0.000871539
[MOS-Core] adaptive_guided_init=True alpha_feasible=0.009895 alpha_init=0.009895 scales=[0.0, 0.0019790649414062503, 0.0039581298828125005, 0.0059371948242187495, 0.007916259765625001, 0.00989532470703125]
[MOS-Core] Generated 6 scale-based seeds: [0.0, 0.0019790649414062503, 0.0039581298828125005, 0.0059371948242187495, 0.007916259765625001, 0.00989532470703125]
[MOS-Core] Historical seed injected at position 3
[MOS-Core] historical_raw_norm=0.864746
[MOS-Core] historical_direction_norm=1.000000
[MOS-Core] historical_seed_target_scale=62.419434
[MOS-Core] historical_seed_final_norm=62.419434
[MOS-Core] Generated 4 random candidates (noise_scale=0.1)
[MOS-Core] Initial population norms: min=0.0000, mean=33.6772, max=85.8379
[MOS-Core] Budget ratios: min=0.0000, mean=0.2698, max=0.6876
[MOS-Core] Clipped ratio: 0.00%
[MOS-Core] Historical seed used: True

[MOS-Core] Starting NSGA-II evolution...
[MOS-Core] Generations: 100
[MOS-Core] Population size: 10
[MOS-Core] SBX eta: 15.0, crossover_prob: 0.9
[MOS-Core] Mutation scale: 0.05
[MOS-Core] Gen 1/100:
  Stealth: mean=0.912, best=1.000
  Destructiveness: mean=0.568, best=1.237
  CV: mean=0.0000, min=0.0000
  Feasibility: count=10, ratio=100.00%
  Max feasible destruct: 1.237
  Pareto front size: 9
  Budget ratio: mean=0.020, max=0.043
  Radial: mean_ratio=0.020, max_ratio=0.043, mean_score=0.980
  Sign: mean_ratio=0.372, max_ratio=1.000, mean_score=0.775
[MOS-Core] Gen 10/100:
  Stealth: mean=0.884, best=1.000
  Destructiveness: mean=0.719, best=1.251
  CV: mean=0.0000, min=0.0000
  Feasibility: count=10, ratio=100.00%
  Max feasible destruct: 1.251
  Pareto front size: 10
  Budget ratio: mean=0.031, max=0.092
  Radial: mean_ratio=0.031, max_ratio=0.092, mean_score=0.971
  Sign: mean_ratio=0.517, max_ratio=1.000, mean_score=0.709
[MOS-Core] Gen 20/100:
  Stealth: mean=0.879, best=1.000
  Destructiveness: mean=0.720, best=1.258
  CV: mean=0.0000, min=0.0000
  Feasibility: count=10, ratio=100.00%
  Max feasible destruct: 1.258
  Pareto front size: 10
  Budget ratio: mean=0.039, max=0.131
  Radial: mean_ratio=0.039, max_ratio=0.131, mean_score=0.964
  Sign: mean_ratio=0.517, max_ratio=1.000, mean_score=0.708
[MOS-Core] Gen 30/100:
  Stealth: mean=0.877, best=1.000
  Destructiveness: mean=0.721, best=1.264
  CV: mean=0.0000, min=0.0000
  Feasibility: count=10, ratio=100.00%
  Max feasible destruct: 1.264
  Pareto front size: 10
  Budget ratio: mean=0.042, max=0.163
  Radial: mean_ratio=0.042, max_ratio=0.163, mean_score=0.962
  Sign: mean_ratio=0.515, max_ratio=1.000, mean_score=0.709
[MOS-Core] Gen 40/100:
  Stealth: mean=0.870, best=1.000
  Destructiveness: mean=0.747, best=1.278
  CV: mean=0.0000, min=0.0000
  Feasibility: count=10, ratio=100.00%
  Max feasible destruct: 1.278
  Pareto front size: 10
  Budget ratio: mean=0.048, max=0.190
  Radial: mean_ratio=0.048, max_ratio=0.190, mean_score=0.957
  Sign: mean_ratio=0.532, max_ratio=1.000, mean_score=0.696
[MOS-Core] Gen 50/100:
  Stealth: mean=0.867, best=1.000
  Destructiveness: mean=0.724, best=1.286
  CV: mean=0.0000, min=0.0000
  Feasibility: count=10, ratio=100.00%
  Max feasible destruct: 1.286
  Pareto front size: 10
  Budget ratio: mean=0.060, max=0.207
  Radial: mean_ratio=0.060, max_ratio=0.207, mean_score=0.947
  Sign: mean_ratio=0.515, max_ratio=0.999, mean_score=0.708
[MOS-Core] Gen 60/100:
  Stealth: mean=0.866, best=1.000
  Destructiveness: mean=0.725, best=1.294
  CV: mean=0.0000, min=0.0000
  Feasibility: count=10, ratio=100.00%
  Max feasible destruct: 1.294
  Pareto front size: 10
  Budget ratio: mean=0.063, max=0.218
  Radial: mean_ratio=0.063, max_ratio=0.218, mean_score=0.944
  Sign: mean_ratio=0.513, max_ratio=0.987, mean_score=0.709
[MOS-Core] Gen 70/100:
  Stealth: mean=0.863, best=1.000
  Destructiveness: mean=0.726, best=1.302
  CV: mean=0.0000, min=0.0000
  Feasibility: count=10, ratio=100.00%
  Max feasible destruct: 1.302
  Pareto front size: 10
  Budget ratio: mean=0.068, max=0.249
  Radial: mean_ratio=0.068, max_ratio=0.249, mean_score=0.940
  Sign: mean_ratio=0.515, max_ratio=1.000, mean_score=0.709
[MOS-Core] Gen 80/100:
  Stealth: mean=0.866, best=1.000
  Destructiveness: mean=0.725, best=1.302
  CV: mean=0.0000, min=0.0000
  Feasibility: count=10, ratio=100.00%
  Max feasible destruct: 1.302
  Pareto front size: 10
  Budget ratio: mean=0.064, max=0.249
  Radial: mean_ratio=0.064, max_ratio=0.249, mean_score=0.944
  Sign: mean_ratio=0.513, max_ratio=1.000, mean_score=0.709
[MOS-Core] Gen 90/100:
  Stealth: mean=0.861, best=1.000
  Destructiveness: mean=0.727, best=1.302
  CV: mean=0.0000, min=0.0000
  Feasibility: count=10, ratio=100.00%
  Max feasible destruct: 1.302
  Pareto front size: 10
  Budget ratio: mean=0.072, max=0.249
  Radial: mean_ratio=0.072, max_ratio=0.249, mean_score=0.937
  Sign: mean_ratio=0.509, max_ratio=1.000, mean_score=0.710
[MOS-Core] Gen 100/100:
  Stealth: mean=0.848, best=1.000
  Destructiveness: mean=0.803, best=1.302
  CV: mean=0.0000, min=0.0000
  Feasibility: count=10, ratio=100.00%
  Max feasible destruct: 1.302
  Pareto front size: 10
  Budget ratio: mean=0.075, max=0.249
  Radial: mean_ratio=0.075, max_ratio=0.249, mean_score=0.935
  Sign: mean_ratio=0.579, max_ratio=1.000, mean_score=0.674

[MOS-Core] Selecting final solution...
[MOS-Core] Selection parameters:
  Lambda_s (stealth weight): 0.50
  Lambda_a (attack weight): 0.50
  Attack floor ratio: 0.1302

[MOS-Core] Feasibility summary:
  Feasible solutions: 10
  Feasible ratio: 100.00%
  Selection mode: feasible
  Min CV in front: 0.0000

[MOS-Core] Pareto front summary:
  Front size: 10
  Stealth range: [0.700, 1.000]
  Destructiveness range: [0.000, 1.302]
  CV range: [0.0000, 0.0000]
  Candidates after attack floor: 9

[MOS-Core] Selected solution (index=5):
[MOS-Core]   Constraint pass score (R): 0.853
[MOS-Core]   Destructiveness (A): 0.988
[MOS-Core]   Total CV: 0.0000
[MOS-Core]   Deviation norm: 0.9883
[MOS-Core]   Budget usage: 0.79%
[MOS-Core] selection_mode=balanced_knee
[MOS-Core] selected_budget_ratio=0.007916
[MOS-Core] selected_stealth=0.853132
[MOS-Core] selected_destructiveness=0.988249
[MOS-Core] selected_R=0.853132
[MOS-Core] selected_A=0.988249
[MOS-Core] selected_cv=0.000000
[MOS-Core] selected_CV=0.000000
[MOS-Core] selected_feasible=True
[MOS-Core] selected_guidance_alignment=1.000000
[MOS-Core] Per-constraint details:
[MOS-Core]   Radial: score=0.992, ratio=0.008, violation=0.000, loss=0.9883, threshold=124.8389
[MOS-Core]   Sign: score=0.575, ratio=0.739, violation=0.000, loss=1.1390, threshold=1.5417

[MOS-Core] Generating 3 malicious updates...
[MOS-Core] Template noise scale: 0.0001
[MOS-Core] Output norms: min=0.9883, mean=0.9883, max=0.9883
[MOS-Core] Attack completed successfully
============================================================

attack:mos_attack
defend:multi_krum
[FiniteAudit] round=14 defense=multi_krum selected_count=3 selected_malicious_count=3 selected_updates_finite=True selected_indices=[1, 2, 0]
[FiniteAudit] round=14 global_pre_finite=True benign_updates_finite=True malicious_updates_finite=True attack_budget_output_finite=True aggregate_input_finite=True aggregate_output_finite=True global_post_finite=True first_bad_stage=none rejected=False rollback=False
t  14: train_loss = 1.601, test_acc = 10.000
attack numbers = 8
[FiniteAudit] round=15 checkpoint_promoted_after_benign=True
current iteration attack ratio: 0.32

============================================================
[MOS-Core] Starting MOS-Attack
============================================================
[MOS-Core] Total parameters: 11,183,582
[MOS-Core] Benign clients: 17
[MOS-Core] Malicious slots: 8
[MOS-Core] Benign mean norm: 177.7997
[MOS-Core] Benign std (mean): 0.0008
[MOS-Core] ce_raw_norm=2719.357666015625
[MOS-Core] cw_raw_norm=2719.357666015625
[MOS-Core] ce_valid=True
[MOS-Core] cw_valid=True
[MOS-Core] ce_cw_cosine=1.0000001192092896
[MOS-Core] combined_pre_norm=1.0
[MOS-Core] historical_direction_valid=True
[MOS-Core] historical_direction_norm=0.9882568717002869
[MOS-Core] guidance_history_cosine=0.8773516416549683
[MOS-Core] guidance_source=ce_cw_combined
[MOS-Core] guidance_fallback_used=False
[MOS-Core] final_guidance_norm=1.000000
[MOS-Core] Base radial threshold (q=0.95): 105.8585
[MOS-Core] Attack budget ratio: 1.0
[MOS-Core] current_budget=105.858513
[MOS-Core] current_budget_valid=True

[MOS-Core] Initializing constraints...
[MOS-Core] Enabled constraints: Radial, Sign
[MOS-Core] Radial weight: 1.0
[MOS-Core] Sign weight: 0.5, layer_reduce: quantile
[MOS-Core]   Radial threshold: 105.8585
[MOS-Core]   Sign threshold: 1.3327

[MOS-Core] Initializing population (size=10)...
[MOS-Core] constraint_mode=strict
[MOS-Core] objective_mode=dual
[MOS-Core] alpha_feasible=0.013779 boundary_width=7.62939e-06 refinements=13
[MOS-Boundary] alpha_feasible=0.013779 alpha_infeasible=0.013786 limiting_constraint=sign left=radial:ratio=0.0137787:score=0.986409:violation=0|sign:ratio=0.99996:score=0.50001:violation=0 right=radial:ratio=0.0137863:score=0.986401:violation=0|sign:ratio=1.00081:score=0.499798:violation=0.000806808
[MOS-Core] adaptive_guided_init=True alpha_feasible=0.013779 alpha_init=0.013779 scales=[0.0, 0.0027557373046875003, 0.005511474609375001, 0.0082672119140625, 0.011022949218750001, 0.0137786865234375]
[MOS-Core] Generated 6 scale-based seeds: [0.0, 0.0027557373046875003, 0.005511474609375001, 0.0082672119140625, 0.011022949218750001, 0.0137786865234375]
[MOS-Core] Historical seed injected at position 3
[MOS-Core] historical_raw_norm=0.988257
[MOS-Core] historical_direction_norm=1.000000
[MOS-Core] historical_seed_target_scale=52.929256
[MOS-Core] historical_seed_final_norm=52.929256
[MOS-Core] Generated 4 random candidates (noise_scale=0.1)
[MOS-Core] Initial population norms: min=0.0000, mean=32.3702, max=86.1673
[MOS-Core] Budget ratios: min=0.0000, mean=0.3058, max=0.8140
[MOS-Core] Clipped ratio: 0.00%
[MOS-Core] Historical seed used: True

[MOS-Core] Starting NSGA-II evolution...
[MOS-Core] Generations: 100
[MOS-Core] Population size: 10
[MOS-Core] SBX eta: 15.0, crossover_prob: 0.9
[MOS-Core] Mutation scale: 0.05
[MOS-Core] Gen 1/100:
  Stealth: mean=0.904, best=1.000
  Destructiveness: mean=0.788, best=1.462
  CV: mean=0.0000, min=0.0000
  Feasibility: count=10, ratio=100.00%
  Max feasible destruct: 1.462
  Pareto front size: 7
  Budget ratio: mean=0.023, max=0.041
  Radial: mean_ratio=0.023, max_ratio=0.041, mean_score=0.978
  Sign: mean_ratio=0.429, max_ratio=1.000, mean_score=0.756
[MOS-Core] Gen 10/100:
  Stealth: mean=0.884, best=1.000
  Destructiveness: mean=0.849, best=1.471
  CV: mean=0.0000, min=0.0000
  Feasibility: count=10, ratio=100.00%
  Max feasible destruct: 1.471
  Pareto front size: 10
  Budget ratio: mean=0.042, max=0.114
  Radial: mean_ratio=0.042, max_ratio=0.114, mean_score=0.961
  Sign: mean_ratio=0.479, max_ratio=1.000, mean_score=0.731
[MOS-Core] Gen 20/100:
  Stealth: mean=0.880, best=1.000
  Destructiveness: mean=0.851, best=1.485
  CV: mean=0.0000, min=0.0000
  Feasibility: count=10, ratio=100.00%
  Max feasible destruct: 1.485
  Pareto front size: 10
  Budget ratio: mean=0.049, max=0.152
  Radial: mean_ratio=0.049, max_ratio=0.152, mean_score=0.955
  Sign: mean_ratio=0.481, max_ratio=1.000, mean_score=0.729
[MOS-Core] Gen 30/100:
  Stealth: mean=0.879, best=1.000
  Destructiveness: mean=0.852, best=1.497
  CV: mean=0.0000, min=0.0000
  Feasibility: count=10, ratio=100.00%
  Max feasible destruct: 1.497
  Pareto front size: 10
  Budget ratio: mean=0.051, max=0.174
  Radial: mean_ratio=0.051, max_ratio=0.174, mean_score=0.954
  Sign: mean_ratio=0.484, max_ratio=1.000, mean_score=0.728
[MOS-Core] Gen 40/100:
  Stealth: mean=0.868, best=1.000
  Destructiveness: mean=0.885, best=1.502
  CV: mean=0.0000, min=0.0000
  Feasibility: count=10, ratio=100.00%
  Max feasible destruct: 1.502
  Pareto front size: 10
  Budget ratio: mean=0.064, max=0.186
  Radial: mean_ratio=0.064, max_ratio=0.186, mean_score=0.944
  Sign: mean_ratio=0.500, max_ratio=0.999, mean_score=0.717
[MOS-Core] Gen 50/100:
  Stealth: mean=0.864, best=1.000
  Destructiveness: mean=0.888, best=1.514
  CV: mean=0.0000, min=0.0000
  Feasibility: count=10, ratio=100.00%
  Max feasible destruct: 1.514
  Pareto front size: 10
  Budget ratio: mean=0.073, max=0.208
  Radial: mean_ratio=0.073, max_ratio=0.208, mean_score=0.936
  Sign: mean_ratio=0.516, max_ratio=0.999, mean_score=0.718
[MOS-Core] Gen 60/100:
  Stealth: mean=0.846, best=1.000
  Destructiveness: mean=0.950, best=1.532
  CV: mean=0.0000, min=0.0000
  Feasibility: count=10, ratio=100.00%
  Max feasible destruct: 1.532
  Pareto front size: 10
  Budget ratio: mean=0.089, max=0.246
  Radial: mean_ratio=0.089, max_ratio=0.246, mean_score=0.924
  Sign: mean_ratio=0.569, max_ratio=0.997, mean_score=0.691
[MOS-Core] Gen 70/100:
  Stealth: mean=0.854, best=1.000
  Destructiveness: mean=0.860, best=1.546
  CV: mean=0.0000, min=0.0000
  Feasibility: count=10, ratio=100.00%
  Max feasible destruct: 1.546
  Pareto front size: 10
  Budget ratio: mean=0.092, max=0.265
  Radial: mean_ratio=0.092, max_ratio=0.265, mean_score=0.921
  Sign: mean_ratio=0.494, max_ratio=0.995, mean_score=0.721
[MOS-Core] Gen 80/100:
  Stealth: mean=0.848, best=1.000
  Destructiveness: mean=0.841, best=1.555
  CV: mean=0.0000, min=0.0000
  Feasibility: count=10, ratio=100.00%
  Max feasible destruct: 1.555
  Pareto front size: 10
  Budget ratio: mean=0.113, max=0.295
  Radial: mean_ratio=0.113, max_ratio=0.295, mean_score=0.906
  Sign: mean_ratio=0.480, max_ratio=1.000, mean_score=0.732
[MOS-Core] Gen 90/100:
  Stealth: mean=0.846, best=1.000
  Destructiveness: mean=0.842, best=1.565
  CV: mean=0.0000, min=0.0000
  Feasibility: count=10, ratio=100.00%
  Max feasible destruct: 1.565
  Pareto front size: 10
  Budget ratio: mean=0.116, max=0.306
  Radial: mean_ratio=0.116, max_ratio=0.306, mean_score=0.904
  Sign: mean_ratio=0.481, max_ratio=0.991, mean_score=0.732
[MOS-Core] Gen 100/100:
  Stealth: mean=0.830, best=1.000
  Destructiveness: mean=0.961, best=1.573
  CV: mean=0.0000, min=0.0000
  Feasibility: count=10, ratio=100.00%
  Max feasible destruct: 1.573
  Pareto front size: 10
  Budget ratio: mean=0.120, max=0.321
  Radial: mean_ratio=0.120, max_ratio=0.321, mean_score=0.900
  Sign: mean_ratio=0.571, max_ratio=0.996, mean_score=0.690

[MOS-Core] Selecting final solution...
[MOS-Core] Selection parameters:
  Lambda_s (stealth weight): 0.50
  Lambda_a (attack weight): 0.50
  Attack floor ratio: 0.1573

[MOS-Core] Feasibility summary:
  Feasible solutions: 10
  Feasible ratio: 100.00%
  Selection mode: feasible
  Min CV in front: 0.0000

[MOS-Core] Pareto front summary:
  Front size: 10
  Stealth range: [0.672, 1.000]
  Destructiveness range: [0.000, 1.573]
  CV range: [0.0000, 0.0000]
  Candidates after attack floor: 9

[MOS-Core] Selected solution (index=5):
[MOS-Core]   Constraint pass score (R): 0.855
[MOS-Core]   Destructiveness (A): 1.167
[MOS-Core]   Total CV: 0.0000
[MOS-Core]   Deviation norm: 1.1669
[MOS-Core]   Budget usage: 1.10%
[MOS-Core] selection_mode=balanced_knee
[MOS-Core] selected_budget_ratio=0.011023
[MOS-Core] selected_stealth=0.854549
[MOS-Core] selected_destructiveness=1.166865
[MOS-Core] selected_R=0.854549
[MOS-Core] selected_A=1.166865
[MOS-Core] selected_cv=0.000000
[MOS-Core] selected_CV=0.000000
[MOS-Core] selected_feasible=True
[MOS-Core] selected_guidance_alignment=1.000000
[MOS-Core] Per-constraint details:
[MOS-Core]   Radial: score=0.989, ratio=0.011, violation=0.000, loss=1.1669, threshold=105.8585
[MOS-Core]   Sign: score=0.585, ratio=0.708, violation=0.000, loss=0.9436, threshold=1.3327

[MOS-Core] Generating 8 malicious updates...
[MOS-Core] Template noise scale: 0.0001
[MOS-Core] Output norms: min=1.1669, mean=1.1669, max=1.1669
[MOS-Core] Attack completed successfully
============================================================

attack:mos_attack
defend:multi_krum
[FiniteAudit] round=15 defense=multi_krum selected_count=3 selected_malicious_count=3 selected_updates_finite=True selected_indices=[2, 4, 1]
[FiniteAudit] round=15 global_pre_finite=True benign_updates_finite=True malicious_updates_finite=True attack_budget_output_finite=True aggregate_input_finite=True aggregate_output_finite=True global_post_finite=True first_bad_stage=none rejected=False rollback=False
t  15: train_loss = 1.606, test_acc = 10.000
attack numbers = 10
[FiniteAudit] round=16 checkpoint_promoted_after_benign=True
current iteration attack ratio: 0.4

============================================================
[MOS-Core] Starting MOS-Attack
============================================================
[MOS-Core] Total parameters: 11,183,582
[MOS-Core] Benign clients: 15
[MOS-Core] Malicious slots: 10
[MOS-Core] Benign mean norm: 261.7710
[MOS-Core] Benign std (mean): 0.0008
[MOS-Core] ce_raw_norm=4894.83203125
[MOS-Core] cw_raw_norm=4894.83203125
[MOS-Core] ce_valid=True
[MOS-Core] cw_valid=True
[MOS-Core] ce_cw_cosine=1.0
[MOS-Core] combined_pre_norm=1.0
[MOS-Core] historical_direction_valid=True
[MOS-Core] historical_direction_norm=1.1668732166290283
[MOS-Core] guidance_history_cosine=0.871915876865387
[MOS-Core] guidance_source=ce_cw_combined
[MOS-Core] guidance_fallback_used=False
[MOS-Core] final_guidance_norm=1.000000
[MOS-Core] Base radial threshold (q=0.95): 115.4597
[MOS-Core] Attack budget ratio: 1.0
[MOS-Core] current_budget=115.459732
[MOS-Core] current_budget_valid=True

[MOS-Core] Initializing constraints...
[MOS-Core] Enabled constraints: Radial, Sign
[MOS-Core] Radial weight: 1.0
[MOS-Core] Sign weight: 0.5, layer_reduce: quantile
[MOS-Core]   Radial threshold: 115.4597
[MOS-Core]   Sign threshold: 1.1643

[MOS-Core] Initializing population (size=10)...
[MOS-Core] constraint_mode=strict
[MOS-Core] objective_mode=dual
[MOS-Core] alpha_feasible=0.012993 boundary_width=7.62939e-06 refinements=13
[MOS-Boundary] alpha_feasible=0.012993 alpha_infeasible=0.013000 limiting_constraint=sign left=radial:ratio=0.0129929:score=0.987174:violation=0|sign:ratio=0.9996:score=0.5001:violation=0 right=radial:ratio=0.0130005:score=0.987166:violation=0|sign:ratio=1.00054:score=0.499864:violation=0.000543118
[MOS-Core] adaptive_guided_init=True alpha_feasible=0.012993 alpha_init=0.012993 scales=[0.0, 0.00259857177734375, 0.0051971435546875, 0.00779571533203125, 0.010394287109375, 0.01299285888671875]
[MOS-Core] Generated 6 scale-based seeds: [0.0, 0.00259857177734375, 0.0051971435546875, 0.00779571533203125, 0.010394287109375, 0.01299285888671875]
[MOS-Core] Historical seed injected at position 3
[MOS-Core] historical_raw_norm=1.166873
[MOS-Core] historical_direction_norm=1.000000
[MOS-Core] historical_seed_target_scale=57.729866
[MOS-Core] historical_seed_final_norm=57.729862
[MOS-Core] Generated 4 random candidates (noise_scale=0.1)
[MOS-Core] Initial population norms: min=0.0000, mean=27.8076, max=83.2857
[MOS-Core] Budget ratios: min=0.0000, mean=0.2408, max=0.7213
[MOS-Core] Clipped ratio: 0.00%
[MOS-Core] Historical seed used: True

[MOS-Core] Starting NSGA-II evolution...
[MOS-Core] Generations: 100
[MOS-Core] Population size: 10
[MOS-Core] SBX eta: 15.0, crossover_prob: 0.9
[MOS-Core] Mutation scale: 0.05
[MOS-Core] Gen 1/100:
  Stealth: mean=0.904, best=1.000
  Destructiveness: mean=0.720, best=1.502
  CV: mean=0.0000, min=0.0000
  Feasibility: count=10, ratio=100.00%
  Max feasible destruct: 1.502
  Pareto front size: 9
  Budget ratio: mean=0.021, max=0.042
  Radial: mean_ratio=0.021, max_ratio=0.042, mean_score=0.979
  Sign: mean_ratio=0.426, max_ratio=1.000, mean_score=0.753
[MOS-Core] Gen 10/100:
  Stealth: mean=0.901, best=1.000
  Destructiveness: mean=0.721, best=1.502
  CV: mean=0.0000, min=0.0000
  Feasibility: count=10, ratio=100.00%
  Max feasible destruct: 1.502
  Pareto front size: 10
  Budget ratio: mean=0.026, max=0.054
  Radial: mean_ratio=0.026, max_ratio=0.054, mean_score=0.975
  Sign: mean_ratio=0.426, max_ratio=1.000, mean_score=0.753
[MOS-Core] Gen 20/100:
  Stealth: mean=0.901, best=1.000
  Destructiveness: mean=0.662, best=1.502
  CV: mean=0.0000, min=0.0000
  Feasibility: count=10, ratio=100.00%
  Max feasible destruct: 1.502
  Pareto front size: 10
  Budget ratio: mean=0.037, max=0.102
  Radial: mean_ratio=0.037, max_ratio=0.102, mean_score=0.966
  Sign: mean_ratio=0.383, max_ratio=1.000, mean_score=0.771
[MOS-Core] Gen 30/100:
  Stealth: mean=0.903, best=1.000
  Destructiveness: mean=0.632, best=1.502
  CV: mean=0.0000, min=0.0000
  Feasibility: count=10, ratio=100.00%
  Max feasible destruct: 1.502
  Pareto front size: 10
  Budget ratio: mean=0.038, max=0.118
  Radial: mean_ratio=0.038, max_ratio=0.118, mean_score=0.965
  Sign: mean_ratio=0.355, max_ratio=0.999, mean_score=0.780
[MOS-Core] Gen 40/100:
  Stealth: mean=0.901, best=1.000
  Destructiveness: mean=0.632, best=1.502
  CV: mean=0.0000, min=0.0000
  Feasibility: count=10, ratio=100.00%
  Max feasible destruct: 1.502
  Pareto front size: 10
  Budget ratio: mean=0.041, max=0.120
  Radial: mean_ratio=0.041, max_ratio=0.120, mean_score=0.962
  Sign: mean_ratio=0.356, max_ratio=0.999, mean_score=0.780
[MOS-Core] Gen 50/100:
  Stealth: mean=0.901, best=1.000
  Destructiveness: mean=0.632, best=1.502
  CV: mean=0.0000, min=0.0000
  Feasibility: count=10, ratio=100.00%
  Max feasible destruct: 1.502
  Pareto front size: 10
  Budget ratio: mean=0.041, max=0.120
  Radial: mean_ratio=0.041, max_ratio=0.120, mean_score=0.962
  Sign: mean_ratio=0.356, max_ratio=0.999, mean_score=0.780
[MOS-Core] Gen 60/100:
  Stealth: mean=0.902, best=1.000
  Destructiveness: mean=0.632, best=1.502
  CV: mean=0.0000, min=0.0000
  Feasibility: count=10, ratio=100.00%
  Max feasible destruct: 1.502
  Pareto front size: 10
  Budget ratio: mean=0.040, max=0.120
  Radial: mean_ratio=0.040, max_ratio=0.120, mean_score=0.963
  Sign: mean_ratio=0.356, max_ratio=0.999, mean_score=0.780
[MOS-Core] Gen 70/100:
  Stealth: mean=0.901, best=1.000
  Destructiveness: mean=0.632, best=1.502
  CV: mean=0.0000, min=0.0000
  Feasibility: count=10, ratio=100.00%
  Max feasible destruct: 1.502
  Pareto front size: 10
  Budget ratio: mean=0.041, max=0.120
  Radial: mean_ratio=0.041, max_ratio=0.120, mean_score=0.962
  Sign: mean_ratio=0.357, max_ratio=0.999, mean_score=0.779
[MOS-Core] Gen 80/100:
  Stealth: mean=0.896, best=1.000
  Destructiveness: mean=0.663, best=1.502
  CV: mean=0.0000, min=0.0000
  Feasibility: count=10, ratio=100.00%
  Max feasible destruct: 1.502
  Pareto front size: 10
  Budget ratio: mean=0.045, max=0.119
  Radial: mean_ratio=0.045, max_ratio=0.119, mean_score=0.958
  Sign: mean_ratio=0.364, max_ratio=0.999, mean_score=0.773
[MOS-Core] Gen 90/100:
  Stealth: mean=0.896, best=1.000
  Destructiveness: mean=0.663, best=1.502
  CV: mean=0.0000, min=0.0000
  Feasibility: count=10, ratio=100.00%
  Max feasible destruct: 1.502
  Pareto front size: 10
  Budget ratio: mean=0.045, max=0.119
  Radial: mean_ratio=0.045, max_ratio=0.119, mean_score=0.958
  Sign: mean_ratio=0.364, max_ratio=0.999, mean_score=0.773
[MOS-Core] Gen 100/100:
  Stealth: mean=0.900, best=1.000
  Destructiveness: mean=0.662, best=1.502
  CV: mean=0.0000, min=0.0000
  Feasibility: count=10, ratio=100.00%
  Max feasible destruct: 1.502
  Pareto front size: 10
  Budget ratio: mean=0.039, max=0.119
  Radial: mean_ratio=0.039, max_ratio=0.119, mean_score=0.964
  Sign: mean_ratio=0.362, max_ratio=0.999, mean_score=0.774

[MOS-Core] Selecting final solution...
[MOS-Core] Selection parameters:
  Lambda_s (stealth weight): 0.50
  Lambda_a (attack weight): 0.50
  Attack floor ratio: 0.1502

[MOS-Core] Feasibility summary:
  Feasible solutions: 10
  Feasible ratio: 100.00%
  Selection mode: feasible
  Min CV in front: 0.0000

[MOS-Core] Pareto front summary:
  Front size: 10
  Stealth range: [0.811, 1.000]
  Destructiveness range: [0.000, 1.502]
  CV range: [0.0000, 0.0000]
  Candidates after attack floor: 9

[MOS-Core] Selected solution (index=7):
[MOS-Core]   Constraint pass score (R): 0.925
[MOS-Core]   Destructiveness (A): 0.600
[MOS-Core]   Total CV: 0.0000
[MOS-Core]   Deviation norm: 0.6001
[MOS-Core]   Budget usage: 0.52%
[MOS-Core] selection_mode=balanced_knee
[MOS-Core] selected_budget_ratio=0.005197
[MOS-Core] selected_stealth=0.924843
[MOS-Core] selected_destructiveness=0.600057
[MOS-Core] selected_R=0.924843
[MOS-Core] selected_A=0.600057
[MOS-Core] selected_cv=0.000000
[MOS-Core] selected_CV=0.000000
[MOS-Core] selected_feasible=True
[MOS-Core] selected_guidance_alignment=1.000000
[MOS-Core] Per-constraint details:
[MOS-Core]   Radial: score=0.995, ratio=0.005, violation=0.000, loss=0.6001, threshold=115.4597
[MOS-Core]   Sign: score=0.785, ratio=0.274, violation=0.000, loss=0.3191, threshold=1.1643

[MOS-Core] Generating 10 malicious updates...
[MOS-Core] Template noise scale: 0.0001
[MOS-Core] Output norms: min=0.6001, mean=0.6001, max=0.6001
[MOS-Core] Attack completed successfully
============================================================

attack:mos_attack
defend:multi_krum
[FiniteAudit] round=16 defense=multi_krum selected_count=3 selected_malicious_count=3 selected_updates_finite=True selected_indices=[1, 5, 7]
[FiniteAudit] round=16 global_pre_finite=True benign_updates_finite=True malicious_updates_finite=True attack_budget_output_finite=True aggregate_input_finite=True aggregate_output_finite=True global_post_finite=True first_bad_stage=none rejected=False rollback=False
t  16: train_loss = 1.568, test_acc = 10.050
attack numbers = 4
[FiniteAudit] round=17 checkpoint_promoted_after_benign=True
current iteration attack ratio: 0.16

============================================================
[MOS-Core] Starting MOS-Attack
============================================================
[MOS-Core] Total parameters: 11,183,582
[MOS-Core] Benign clients: 21
[MOS-Core] Malicious slots: 4
[MOS-Core] Benign mean norm: 148.7527
[MOS-Core] Benign std (mean): 0.0008
[MOS-Core] ce_raw_norm=1741.4136962890625
[MOS-Core] cw_raw_norm=1741.4136962890625
[MOS-Core] ce_valid=True
[MOS-Core] cw_valid=True
[MOS-Core] ce_cw_cosine=1.0
[MOS-Core] combined_pre_norm=1.0
[MOS-Core] historical_direction_valid=True
[MOS-Core] historical_direction_norm=0.6000608205795288
[MOS-Core] guidance_history_cosine=0.9161313772201538
[MOS-Core] guidance_source=ce_cw_combined
[MOS-Core] guidance_fallback_used=False
[MOS-Core] final_guidance_norm=1.000000
[MOS-Core] Base radial threshold (q=0.95): 92.5036
[MOS-Core] Attack budget ratio: 1.0
[MOS-Core] current_budget=92.503601
[MOS-Core] current_budget_valid=True

[MOS-Core] Initializing constraints...
[MOS-Core] Enabled constraints: Radial, Sign
[MOS-Core] Radial weight: 1.0
[MOS-Core] Sign weight: 0.5, layer_reduce: quantile
[MOS-Core]   Radial threshold: 92.5036
[MOS-Core]   Sign threshold: 1.6179

[MOS-Core] Initializing population (size=10)...
[MOS-Core] constraint_mode=strict
[MOS-Core] objective_mode=dual
[MOS-Core] alpha_feasible=0.013924 boundary_width=7.62939e-06 refinements=13
[MOS-Boundary] alpha_feasible=0.013924 alpha_infeasible=0.013931 limiting_constraint=sign left=radial:ratio=0.0139236:score=0.986268:violation=0|sign:ratio=0.999661:score=0.500085:violation=0 right=radial:ratio=0.0139313:score=0.98626:violation=0|sign:ratio=1.00041:score=0.499898:violation=0.000406146
[MOS-Core] adaptive_guided_init=True alpha_feasible=0.013924 alpha_init=0.013924 scales=[0.0, 0.00278472900390625, 0.0055694580078125, 0.00835418701171875, 0.011138916015625, 0.01392364501953125]
[MOS-Core] Generated 6 scale-based seeds: [0.0, 0.00278472900390625, 0.0055694580078125, 0.00835418701171875, 0.011138916015625, 0.01392364501953125]
[MOS-Core] Historical seed injected at position 3
[MOS-Core] historical_raw_norm=0.600061
[MOS-Core] historical_direction_norm=1.000000
[MOS-Core] historical_seed_target_scale=46.251801
[MOS-Core] historical_seed_final_norm=46.251801
[MOS-Core] Generated 4 random candidates (noise_scale=0.1)
[MOS-Core] Initial population norms: min=0.0000, mean=27.2378, max=81.5130
[MOS-Core] Budget ratios: min=0.0000, mean=0.2945, max=0.8812
[MOS-Core] Clipped ratio: 0.00%
[MOS-Core] Historical seed used: True

[MOS-Core] Starting NSGA-II evolution...
[MOS-Core] Generations: 100
[MOS-Core] Population size: 10
[MOS-Core] SBX eta: 15.0, crossover_prob: 0.9
[MOS-Core] Mutation scale: 0.05
[MOS-Core] Gen 1/100:
  Stealth: mean=0.921, best=1.000
  Destructiveness: mean=0.490, best=1.288
  CV: mean=0.0000, min=0.0000
  Feasibility: count=10, ratio=100.00%
  Max feasible destruct: 1.288
  Pareto front size: 7
  Budget ratio: mean=0.023, max=0.046
  Radial: mean_ratio=0.023, max_ratio=0.046, mean_score=0.977
  Sign: mean_ratio=0.313, max_ratio=1.000, mean_score=0.810
[MOS-Core] Gen 10/100:
  Stealth: mean=0.893, best=1.000
  Destructiveness: mean=0.671, best=1.294
  CV: mean=0.0000, min=0.0000
  Feasibility: count=10, ratio=100.00%
  Max feasible destruct: 1.294
  Pareto front size: 10
  Budget ratio: mean=0.034, max=0.097
  Radial: mean_ratio=0.034, max_ratio=0.097, mean_score=0.968
  Sign: mean_ratio=0.437, max_ratio=1.000, mean_score=0.742
[MOS-Core] Gen 20/100:
  Stealth: mean=0.880, best=1.000
  Destructiveness: mean=0.698, best=1.297
  CV: mean=0.0000, min=0.0000
  Feasibility: count=10, ratio=100.00%
  Max feasible destruct: 1.297
  Pareto front size: 10
  Budget ratio: mean=0.051, max=0.133
  Radial: mean_ratio=0.051, max_ratio=0.133, mean_score=0.954
  Sign: mean_ratio=0.464, max_ratio=1.000, mean_score=0.733
[MOS-Core] Gen 30/100:
  Stealth: mean=0.887, best=1.000
  Destructiveness: mean=0.673, best=1.302
  CV: mean=0.0000, min=0.0000
  Feasibility: count=10, ratio=100.00%
  Max feasible destruct: 1.302
  Pareto front size: 10
  Budget ratio: mean=0.044, max=0.141
  Radial: mean_ratio=0.044, max_ratio=0.141, mean_score=0.960
  Sign: mean_ratio=0.438, max_ratio=1.000, mean_score=0.740
[MOS-Core] Gen 40/100:
  Stealth: mean=0.874, best=1.000
  Destructiveness: mean=0.750, best=1.304
  CV: mean=0.0000, min=0.0000
  Feasibility: count=10, ratio=100.00%
  Max feasible destruct: 1.304
  Pareto front size: 10
  Budget ratio: mean=0.049, max=0.158
  Radial: mean_ratio=0.049, max_ratio=0.158, mean_score=0.956
  Sign: mean_ratio=0.512, max_ratio=0.999, mean_score=0.711
[MOS-Core] Gen 50/100:
  Stealth: mean=0.881, best=1.000
  Destructiveness: mean=0.700, best=1.318
  CV: mean=0.0000, min=0.0000
  Feasibility: count=10, ratio=100.00%
  Max feasible destruct: 1.318
  Pareto front size: 10
  Budget ratio: mean=0.050, max=0.191
  Radial: mean_ratio=0.050, max_ratio=0.191, mean_score=0.955
  Sign: mean_ratio=0.461, max_ratio=0.996, mean_score=0.734
[MOS-Core] Gen 60/100:
  Stealth: mean=0.870, best=1.000
  Destructiveness: mean=0.754, best=1.335
  CV: mean=0.0000, min=0.0000
  Feasibility: count=10, ratio=100.00%
  Max feasible destruct: 1.335
  Pareto front size: 10
  Budget ratio: mean=0.056, max=0.224
  Radial: mean_ratio=0.056, max_ratio=0.224, mean_score=0.950
  Sign: mean_ratio=0.510, max_ratio=0.996, mean_score=0.711
[MOS-Core] Gen 70/100:
  Stealth: mean=0.854, best=1.000
  Destructiveness: mean=0.761, best=1.344
  CV: mean=0.0000, min=0.0000
  Feasibility: count=10, ratio=100.00%
  Max feasible destruct: 1.344
  Pareto front size: 10
  Budget ratio: mean=0.086, max=0.250
  Radial: mean_ratio=0.086, max_ratio=0.250, mean_score=0.926
  Sign: mean_ratio=0.512, max_ratio=0.992, mean_score=0.711
[MOS-Core] Gen 80/100:
  Stealth: mean=0.864, best=1.000
  Destructiveness: mean=0.756, best=1.346
  CV: mean=0.0000, min=0.0000
  Feasibility: count=10, ratio=100.00%
  Max feasible destruct: 1.346
  Pareto front size: 10
  Budget ratio: mean=0.067, max=0.253
  Radial: mean_ratio=0.067, max_ratio=0.253, mean_score=0.941
  Sign: mean_ratio=0.511, max_ratio=0.998, mean_score=0.711
[MOS-Core] Gen 90/100:
  Stealth: mean=0.861, best=1.000
  Destructiveness: mean=0.757, best=1.346
  CV: mean=0.0000, min=0.0000
  Feasibility: count=10, ratio=100.00%
  Max feasible destruct: 1.346
  Pareto front size: 10
  Budget ratio: mean=0.072, max=0.256
  Radial: mean_ratio=0.072, max_ratio=0.256, mean_score=0.937
  Sign: mean_ratio=0.514, max_ratio=0.999, mean_score=0.710
[MOS-Core] Gen 100/100:
  Stealth: mean=0.837, best=1.000
  Destructiveness: mean=0.840, best=1.349
  CV: mean=0.0000, min=0.0000
  Feasibility: count=10, ratio=100.00%
  Max feasible destruct: 1.349
  Pareto front size: 10
  Budget ratio: mean=0.100, max=0.269
  Radial: mean_ratio=0.100, max_ratio=0.269, mean_score=0.915
  Sign: mean_ratio=0.585, max_ratio=0.999, mean_score=0.680

[MOS-Core] Selecting final solution...
[MOS-Core] Selection parameters:
  Lambda_s (stealth weight): 0.50
  Lambda_a (attack weight): 0.50
  Attack floor ratio: 0.1349

[MOS-Core] Feasibility summary:
  Feasible solutions: 10
  Feasible ratio: 100.00%
  Selection mode: feasible
  Min CV in front: 0.0000

[MOS-Core] Pareto front summary:
  Front size: 10
  Stealth range: [0.692, 1.000]
  Destructiveness range: [0.000, 1.349]
  CV range: [0.0000, 0.0000]
  Candidates after attack floor: 9

[MOS-Core] Selected solution (index=4):
[MOS-Core]   Constraint pass score (R): 0.852
[MOS-Core]   Destructiveness (A): 1.030
[MOS-Core]   Total CV: 0.0000
[MOS-Core]   Deviation norm: 1.0304
[MOS-Core]   Budget usage: 1.11%
[MOS-Core] selection_mode=balanced_knee
[MOS-Core] selected_budget_ratio=0.011139
[MOS-Core] selected_stealth=0.851707
[MOS-Core] selected_destructiveness=1.030380
[MOS-Core] selected_R=0.851707
[MOS-Core] selected_A=1.030380
[MOS-Core] selected_cv=0.000000
[MOS-Core] selected_CV=0.000000
[MOS-Core] selected_feasible=True
[MOS-Core] selected_guidance_alignment=1.000000
[MOS-Core] Per-constraint details:
[MOS-Core]   Radial: score=0.989, ratio=0.011, violation=0.000, loss=1.0304, threshold=92.5036
[MOS-Core]   Sign: score=0.577, ratio=0.733, violation=0.000, loss=1.1854, threshold=1.6179

[MOS-Core] Generating 4 malicious updates...
[MOS-Core] Template noise scale: 0.0001
[MOS-Core] Output norms: min=1.0304, mean=1.0304, max=1.0304
[MOS-Core] Attack completed successfully
============================================================

attack:mos_attack
defend:multi_krum
[FiniteAudit] round=17 defense=multi_krum selected_count=3 selected_malicious_count=3 selected_updates_finite=True selected_indices=[3, 0, 1]
[FiniteAudit] round=17 global_pre_finite=True benign_updates_finite=True malicious_updates_finite=True attack_budget_output_finite=True aggregate_input_finite=True aggregate_output_finite=True global_post_finite=True first_bad_stage=none rejected=False rollback=False
t  17: train_loss = 1.518, test_acc = 10.000
attack numbers = 4
[FiniteAudit] round=18 checkpoint_promoted_after_benign=True
current iteration attack ratio: 0.16

============================================================
[MOS-Core] Starting MOS-Attack
============================================================
[MOS-Core] Total parameters: 11,183,582
[MOS-Core] Benign clients: 21
[MOS-Core] Malicious slots: 4
[MOS-Core] Benign mean norm: 215.6727
[MOS-Core] Benign std (mean): 0.0009
[MOS-Core] ce_raw_norm=7825.490234375
[MOS-Core] cw_raw_norm=7825.490234375
[MOS-Core] ce_valid=True
[MOS-Core] cw_valid=True
[MOS-Core] ce_cw_cosine=1.0000001192092896
[MOS-Core] combined_pre_norm=1.0
[MOS-Core] historical_direction_valid=True
[MOS-Core] historical_direction_norm=1.0303897857666016
[MOS-Core] guidance_history_cosine=0.9067269563674927
[MOS-Core] guidance_source=ce_cw_combined
[MOS-Core] guidance_fallback_used=False
[MOS-Core] final_guidance_norm=1.000000
[MOS-Core] Base radial threshold (q=0.95): 130.3873
[MOS-Core] Attack budget ratio: 1.0
[MOS-Core] current_budget=130.387344
[MOS-Core] current_budget_valid=True

[MOS-Core] Initializing constraints...
[MOS-Core] Enabled constraints: Radial, Sign
[MOS-Core] Radial weight: 1.0
[MOS-Core] Sign weight: 0.5, layer_reduce: quantile
[MOS-Core]   Radial threshold: 130.3873
[MOS-Core]   Sign threshold: 1.5016

[MOS-Core] Initializing population (size=10)...
[MOS-Core] constraint_mode=strict
[MOS-Core] objective_mode=dual
[MOS-Core] alpha_feasible=0.011177 boundary_width=7.62939e-06 refinements=13
[MOS-Boundary] alpha_feasible=0.011177 alpha_infeasible=0.011185 limiting_constraint=sign left=radial:ratio=0.0111771:score=0.988946:violation=0|sign:ratio=0.999253:score=0.500187:violation=0 right=radial:ratio=0.0111847:score=0.988939:violation=0|sign:ratio=1.00028:score=0.499931:violation=0.000277877
[MOS-Core] adaptive_guided_init=True alpha_feasible=0.011177 alpha_init=0.011177 scales=[0.0, 0.00223541259765625, 0.0044708251953125, 0.00670623779296875, 0.008941650390625, 0.01117706298828125]
[MOS-Core] Generated 6 scale-based seeds: [0.0, 0.00223541259765625, 0.0044708251953125, 0.00670623779296875, 0.008941650390625, 0.01117706298828125]
[MOS-Core] Historical seed injected at position 3
[MOS-Core] historical_raw_norm=1.030390
[MOS-Core] historical_direction_norm=1.000000
[MOS-Core] historical_seed_target_scale=65.193672
[MOS-Core] historical_seed_final_norm=65.193672
[MOS-Core] Generated 4 random candidates (noise_scale=0.1)
[MOS-Core] Initial population norms: min=0.0000, mean=32.4844, max=114.4623
[MOS-Core] Budget ratios: min=0.0000, mean=0.2491, max=0.8779
[MOS-Core] Clipped ratio: 0.00%
[MOS-Core] Historical seed used: True

[MOS-Core] Starting NSGA-II evolution...
[MOS-Core] Generations: 100
[MOS-Core] Population size: 10
[MOS-Core] SBX eta: 15.0, crossover_prob: 0.9
[MOS-Core] Mutation scale: 0.05
[MOS-Core] Gen 1/100:
  Stealth: mean=0.910, best=1.000
  Destructiveness: mean=0.541, best=1.457
  CV: mean=0.0000, min=0.0000
  Feasibility: count=10, ratio=100.00%
  Max feasible destruct: 1.457
  Pareto front size: 6
  Budget ratio: mean=0.021, max=0.040
  Radial: mean_ratio=0.021, max_ratio=0.040, mean_score=0.980
  Sign: mean_ratio=0.395, max_ratio=0.999, mean_score=0.771
[MOS-Core] Gen 10/100:
  Stealth: mean=0.888, best=1.000
  Destructiveness: mean=0.848, best=1.472
  CV: mean=0.0000, min=0.0000
  Feasibility: count=10, ratio=100.00%
  Max feasible destruct: 1.472
  Pareto front size: 10
  Budget ratio: mean=0.032, max=0.091
  Radial: mean_ratio=0.032, max_ratio=0.091, mean_score=0.970
  Sign: mean_ratio=0.486, max_ratio=0.999, mean_score=0.724
[MOS-Core] Gen 20/100:
  Stealth: mean=0.883, best=1.000
  Destructiveness: mean=0.849, best=1.480
  CV: mean=0.0000, min=0.0000
  Feasibility: count=10, ratio=100.00%
  Max feasible destruct: 1.480
  Pareto front size: 10
  Budget ratio: mean=0.039, max=0.129
  Radial: mean_ratio=0.039, max_ratio=0.129, mean_score=0.964
  Sign: mean_ratio=0.492, max_ratio=0.999, mean_score=0.722
[MOS-Core] Gen 30/100:
  Stealth: mean=0.883, best=1.000
  Destructiveness: mean=0.796, best=1.498
  CV: mean=0.0000, min=0.0000
  Feasibility: count=10, ratio=100.00%
  Max feasible destruct: 1.498
  Pareto front size: 10
  Budget ratio: mean=0.053, max=0.160
  Radial: mean_ratio=0.053, max_ratio=0.160, mean_score=0.952
  Sign: mean_ratio=0.443, max_ratio=0.999, mean_score=0.745
[MOS-Core] Gen 40/100:
  Stealth: mean=0.875, best=1.000
  Destructiveness: mean=0.882, best=1.513
  CV: mean=0.0000, min=0.0000
  Feasibility: count=10, ratio=100.00%
  Max feasible destruct: 1.513
  Pareto front size: 10
  Budget ratio: mean=0.046, max=0.186
  Radial: mean_ratio=0.046, max_ratio=0.186, mean_score=0.958
  Sign: mean_ratio=0.511, max_ratio=0.999, mean_score=0.708
[MOS-Core] Gen 50/100:
  Stealth: mean=0.884, best=1.000
  Destructiveness: mean=0.796, best=1.524
  CV: mean=0.0000, min=0.0000
  Feasibility: count=10, ratio=100.00%
  Max feasible destruct: 1.524
  Pareto front size: 10
  Budget ratio: mean=0.053, max=0.215
  Radial: mean_ratio=0.053, max_ratio=0.215, mean_score=0.954
  Sign: mean_ratio=0.444, max_ratio=0.999, mean_score=0.744
[MOS-Core] Gen 60/100:
  Stealth: mean=0.881, best=1.000
  Destructiveness: mean=0.798, best=1.538
  CV: mean=0.0000, min=0.0000
  Feasibility: count=10, ratio=100.00%
  Max feasible destruct: 1.538
  Pareto front size: 10
  Budget ratio: mean=0.058, max=0.234
  Radial: mean_ratio=0.058, max_ratio=0.234, mean_score=0.950
  Sign: mean_ratio=0.448, max_ratio=0.999, mean_score=0.743
[MOS-Core] Gen 70/100:
  Stealth: mean=0.861, best=1.000
  Destructiveness: mean=0.893, best=1.548
  CV: mean=0.0000, min=0.0000
  Feasibility: count=10, ratio=100.00%
  Max feasible destruct: 1.548
  Pareto front size: 10
  Budget ratio: mean=0.076, max=0.259
  Radial: mean_ratio=0.076, max_ratio=0.259, mean_score=0.936
  Sign: mean_ratio=0.525, max_ratio=1.000, mean_score=0.711
[MOS-Core] Gen 80/100:
  Stealth: mean=0.844, best=1.000
  Destructiveness: mean=0.983, best=1.560
  CV: mean=0.0000, min=0.0000
  Feasibility: count=10, ratio=100.00%
  Max feasible destruct: 1.560
  Pareto front size: 10
  Budget ratio: mean=0.084, max=0.270
  Radial: mean_ratio=0.084, max_ratio=0.270, mean_score=0.929
  Sign: mean_ratio=0.588, max_ratio=1.000, mean_score=0.676
[MOS-Core] Gen 90/100:
  Stealth: mean=0.843, best=1.000
  Destructiveness: mean=0.985, best=1.575
  CV: mean=0.0000, min=0.0000
  Feasibility: count=10, ratio=100.00%
  Max feasible destruct: 1.575
  Pareto front size: 10
  Budget ratio: mean=0.088, max=0.286
  Radial: mean_ratio=0.088, max_ratio=0.286, mean_score=0.926
  Sign: mean_ratio=0.582, max_ratio=1.000, mean_score=0.677
[MOS-Core] Gen 100/100:
  Stealth: mean=0.839, best=1.000
  Destructiveness: mean=0.992, best=1.594
  CV: mean=0.0000, min=0.0000
  Feasibility: count=10, ratio=100.00%
  Max feasible destruct: 1.594
  Pareto front size: 10
  Budget ratio: mean=0.097, max=0.305
  Radial: mean_ratio=0.097, max_ratio=0.305, mean_score=0.920
  Sign: mean_ratio=0.584, max_ratio=1.000, mean_score=0.677

[MOS-Core] Selecting final solution...
[MOS-Core] Selection parameters:
  Lambda_s (stealth weight): 0.50
  Lambda_a (attack weight): 0.50
  Attack floor ratio: 0.1594

[MOS-Core] Feasibility summary:
  Feasible solutions: 10
  Feasible ratio: 100.00%
  Selection mode: feasible
  Min CV in front: 0.0000

[MOS-Core] Pareto front summary:
  Front size: 10
  Stealth range: [0.678, 1.000]
  Destructiveness range: [0.000, 1.594]
  CV range: [0.0000, 0.0000]
  Candidates after attack floor: 9

[MOS-Core] Selected solution (index=4):
[MOS-Core]   Constraint pass score (R): 0.857
[MOS-Core]   Destructiveness (A): 1.166
[MOS-Core]   Total CV: 0.0000
[MOS-Core]   Deviation norm: 1.1659
[MOS-Core]   Budget usage: 0.89%
[MOS-Core] selection_mode=balanced_knee
[MOS-Core] selected_budget_ratio=0.008942
[MOS-Core] selected_stealth=0.856801
[MOS-Core] selected_destructiveness=1.165870
[MOS-Core] selected_R=0.856801
[MOS-Core] selected_A=1.165870
[MOS-Core] selected_cv=0.000000
[MOS-Core] selected_CV=0.000000
[MOS-Core] selected_feasible=True
[MOS-Core] selected_guidance_alignment=1.000000
[MOS-Core] Per-constraint details:
[MOS-Core]   Radial: score=0.991, ratio=0.009, violation=0.000, loss=1.1659, threshold=130.3873
[MOS-Core]   Sign: score=0.588, ratio=0.700, violation=0.000, loss=1.0516, threshold=1.5016

[MOS-Core] Generating 4 malicious updates...
[MOS-Core] Template noise scale: 0.0001
[MOS-Core] Output norms: min=1.1659, mean=1.1659, max=1.1659
[MOS-Core] Attack completed successfully
============================================================

attack:mos_attack
defend:multi_krum
[FiniteAudit] round=18 defense=multi_krum selected_count=3 selected_malicious_count=3 selected_updates_finite=True selected_indices=[0, 2, 1]
[FiniteAudit] round=18 global_pre_finite=True benign_updates_finite=True malicious_updates_finite=True attack_budget_output_finite=True aggregate_input_finite=True aggregate_output_finite=True global_post_finite=True first_bad_stage=none rejected=False rollback=False
t  18: train_loss = 1.527, test_acc = 10.000
attack numbers = 7
[FiniteAudit] round=19 checkpoint_promoted_after_benign=True
current iteration attack ratio: 0.28

============================================================
[MOS-Core] Starting MOS-Attack
============================================================
[MOS-Core] Total parameters: 11,183,582
[MOS-Core] Benign clients: 18
[MOS-Core] Malicious slots: 7
[MOS-Core] Benign mean norm: 362.5293
[MOS-Core] Benign std (mean): 0.0009
[MOS-Core] ce_raw_norm=14327.6689453125
[MOS-Core] cw_raw_norm=14327.6689453125
[MOS-Core] ce_valid=True
[MOS-Core] cw_valid=True
[MOS-Core] ce_cw_cosine=0.9999998807907104
[MOS-Core] combined_pre_norm=0.9999999403953552
[MOS-Core] historical_direction_valid=True
[MOS-Core] historical_direction_norm=1.1658780574798584
[MOS-Core] guidance_history_cosine=0.9065975546836853
[MOS-Core] guidance_source=ce_cw_combined
[MOS-Core] guidance_fallback_used=False
[MOS-Core] final_guidance_norm=1.000000
[MOS-Core] Base radial threshold (q=0.95): 163.7903
[MOS-Core] Attack budget ratio: 1.0
[MOS-Core] current_budget=163.790253
[MOS-Core] current_budget_valid=True

[MOS-Core] Initializing constraints...
[MOS-Core] Enabled constraints: Radial, Sign
[MOS-Core] Radial weight: 1.0
[MOS-Core] Sign weight: 0.5, layer_reduce: quantile
[MOS-Core]   Radial threshold: 163.7903
[MOS-Core]   Sign threshold: 1.3240

[MOS-Core] Initializing population (size=10)...
[MOS-Core] constraint_mode=strict
[MOS-Core] objective_mode=dual
[MOS-Core] alpha_feasible=0.008171 boundary_width=7.62939e-06 refinements=13
[MOS-Boundary] alpha_feasible=0.008171 alpha_infeasible=0.008179 limiting_constraint=sign left=radial:ratio=0.00817108:score=0.991895:violation=0|sign:ratio=0.998698:score=0.500326:violation=0 right=radial:ratio=0.00817871:score=0.991888:violation=0|sign:ratio=1.00014:score=0.499964:violation=0.00014329
[MOS-Core] adaptive_guided_init=True alpha_feasible=0.008171 alpha_init=0.008171 scales=[0.0, 0.0016342163085937501, 0.0032684326171875003, 0.00490264892578125, 0.0065368652343750005, 0.00817108154296875]
[MOS-Core] Generated 6 scale-based seeds: [0.0, 0.0016342163085937501, 0.0032684326171875003, 0.00490264892578125, 0.0065368652343750005, 0.00817108154296875]
[MOS-Core] Historical seed injected at position 3
[MOS-Core] historical_raw_norm=1.165878
[MOS-Core] historical_direction_norm=1.000000
[MOS-Core] historical_seed_target_scale=81.895126
[MOS-Core] historical_seed_final_norm=81.895134
[MOS-Core] Generated 4 random candidates (noise_scale=0.1)
[MOS-Core] Initial population norms: min=0.0000, mean=30.9237, max=106.5445
[MOS-Core] Budget ratios: min=0.0000, mean=0.1888, max=0.6505
[MOS-Core] Clipped ratio: 0.00%
[MOS-Core] Historical seed used: True

[MOS-Core] Starting NSGA-II evolution...
[MOS-Core] Generations: 100
[MOS-Core] Population size: 10
[MOS-Core] SBX eta: 15.0, crossover_prob: 0.9
[MOS-Core] Mutation scale: 0.05
[MOS-Core] Gen 1/100:
  Stealth: mean=0.890, best=1.000
  Destructiveness: mean=0.803, best=1.340
  CV: mean=0.0000, min=0.0000
  Feasibility: count=10, ratio=100.00%
  Max feasible destruct: 1.340
  Pareto front size: 7
  Budget ratio: mean=0.017, max=0.034
  Radial: mean_ratio=0.017, max_ratio=0.034, mean_score=0.983
  Sign: mean_ratio=0.536, max_ratio=0.999, mean_score=0.704
[MOS-Core] Gen 10/100:
  Stealth: mean=0.896, best=1.000
  Destructiveness: mean=0.698, best=1.342
  CV: mean=0.0000, min=0.0000
  Feasibility: count=10, ratio=100.00%
  Max feasible destruct: 1.342
  Pareto front size: 10
  Budget ratio: mean=0.028, max=0.086
  Radial: mean_ratio=0.028, max_ratio=0.086, mean_score=0.974
  Sign: mean_ratio=0.436, max_ratio=0.999, mean_score=0.740
[MOS-Core] Gen 20/100:
  Stealth: mean=0.891, best=1.000
  Destructiveness: mean=0.700, best=1.362
  CV: mean=0.0000, min=0.0000
  Feasibility: count=10, ratio=100.00%
  Max feasible destruct: 1.362
  Pareto front size: 10
  Budget ratio: mean=0.035, max=0.107
  Radial: mean_ratio=0.035, max_ratio=0.107, mean_score=0.968
  Sign: mean_ratio=0.438, max_ratio=0.999, mean_score=0.738
[MOS-Core] Gen 30/100:
  Stealth: mean=0.871, best=1.000
  Destructiveness: mean=0.810, best=1.367
  CV: mean=0.0000, min=0.0000
  Feasibility: count=10, ratio=100.00%
  Max feasible destruct: 1.367
  Pareto front size: 10
  Budget ratio: mean=0.050, max=0.157
  Radial: mean_ratio=0.050, max_ratio=0.157, mean_score=0.955
  Sign: mean_ratio=0.539, max_ratio=1.000, mean_score=0.701
[MOS-Core] Gen 40/100:
  Stealth: mean=0.872, best=1.000
  Destructiveness: mean=0.784, best=1.370
  CV: mean=0.0000, min=0.0000
  Feasibility: count=10, ratio=100.00%
  Max feasible destruct: 1.370
  Pareto front size: 10
  Budget ratio: mean=0.053, max=0.157
  Radial: mean_ratio=0.053, max_ratio=0.157, mean_score=0.952
  Sign: mean_ratio=0.512, max_ratio=1.000, mean_score=0.710
[MOS-Core] Gen 50/100:
  Stealth: mean=0.876, best=1.000
  Destructiveness: mean=0.782, best=1.372
  CV: mean=0.0000, min=0.0000
  Feasibility: count=10, ratio=100.00%
  Max feasible destruct: 1.372
  Pareto front size: 10
  Budget ratio: mean=0.045, max=0.135
  Radial: mean_ratio=0.045, max_ratio=0.135, mean_score=0.959
  Sign: mean_ratio=0.512, max_ratio=0.999, mean_score=0.709
[MOS-Core] Gen 60/100:
  Stealth: mean=0.856, best=1.000
  Destructiveness: mean=0.895, best=1.383
  CV: mean=0.0000, min=0.0000
  Feasibility: count=10, ratio=100.00%
  Max feasible destruct: 1.383
  Pareto front size: 10
  Budget ratio: mean=0.055, max=0.151
  Radial: mean_ratio=0.055, max_ratio=0.151, mean_score=0.951
  Sign: mean_ratio=0.602, max_ratio=0.999, mean_score=0.668
[MOS-Core] Gen 70/100:
  Stealth: mean=0.875, best=1.000
  Destructiveness: mean=0.784, best=1.387
  CV: mean=0.0000, min=0.0000
  Feasibility: count=10, ratio=100.00%
  Max feasible destruct: 1.387
  Pareto front size: 10
  Budget ratio: mean=0.047, max=0.173
  Radial: mean_ratio=0.047, max_ratio=0.173, mean_score=0.957
  Sign: mean_ratio=0.510, max_ratio=0.999, mean_score=0.711
[MOS-Core] Gen 80/100:
  Stealth: mean=0.869, best=1.000
  Destructiveness: mean=0.784, best=1.392
  CV: mean=0.0000, min=0.0000
  Feasibility: count=10, ratio=100.00%
  Max feasible destruct: 1.392
  Pareto front size: 10
  Budget ratio: mean=0.058, max=0.178
  Radial: mean_ratio=0.058, max_ratio=0.178, mean_score=0.948
  Sign: mean_ratio=0.505, max_ratio=0.999, mean_score=0.711
[MOS-Core] Gen 90/100:
  Stealth: mean=0.866, best=1.000
  Destructiveness: mean=0.790, best=1.396
  CV: mean=0.0000, min=0.0000
  Feasibility: count=10, ratio=100.00%
  Max feasible destruct: 1.396
  Pareto front size: 10
  Budget ratio: mean=0.066, max=0.203
  Radial: mean_ratio=0.066, max_ratio=0.203, mean_score=0.942
  Sign: mean_ratio=0.506, max_ratio=0.999, mean_score=0.712
[MOS-Core] Gen 100/100:
  Stealth: mean=0.860, best=1.000
  Destructiveness: mean=0.791, best=1.400
  CV: mean=0.0000, min=0.0000
  Feasibility: count=10, ratio=100.00%
  Max feasible destruct: 1.400
  Pareto front size: 10
  Budget ratio: mean=0.075, max=0.212
  Radial: mean_ratio=0.075, max_ratio=0.212, mean_score=0.935
  Sign: mean_ratio=0.510, max_ratio=0.999, mean_score=0.710

[MOS-Core] Selecting final solution...
[MOS-Core] Selection parameters:
  Lambda_s (stealth weight): 0.50
  Lambda_a (attack weight): 0.50
  Attack floor ratio: 0.1400

[MOS-Core] Feasibility summary:
  Feasible solutions: 10
  Feasible ratio: 100.00%
  Selection mode: feasible
  Min CV in front: 0.0000

[MOS-Core] Pareto front summary:
  Front size: 10
  Stealth range: [0.717, 1.000]
  Destructiveness range: [0.000, 1.400]
  CV range: [0.0000, 0.0000]
  Candidates after attack floor: 9

[MOS-Core] Selected solution (index=4):
[MOS-Core]   Constraint pass score (R): 0.858
[MOS-Core]   Destructiveness (A): 1.071
[MOS-Core]   Total CV: 0.0000
[MOS-Core]   Deviation norm: 1.0707
[MOS-Core]   Budget usage: 0.65%
[MOS-Core] selection_mode=balanced_knee
[MOS-Core] selected_budget_ratio=0.006537
[MOS-Core] selected_stealth=0.857912
[MOS-Core] selected_destructiveness=1.070665
[MOS-Core] selected_R=0.857912
[MOS-Core] selected_A=1.070665
[MOS-Core] selected_cv=0.000000
[MOS-Core] selected_CV=0.000000
[MOS-Core] selected_feasible=True
[MOS-Core] selected_guidance_alignment=1.000000
[MOS-Core] Per-constraint details:
[MOS-Core]   Radial: score=0.994, ratio=0.007, violation=0.000, loss=1.0707, threshold=163.7903
[MOS-Core]   Sign: score=0.587, ratio=0.704, violation=0.000, loss=0.9326, threshold=1.3240

[MOS-Core] Generating 7 malicious updates...
[MOS-Core] Template noise scale: 0.0001
[MOS-Core] Output norms: min=1.0707, mean=1.0707, max=1.0707
[MOS-Core] Attack completed successfully
============================================================

attack:mos_attack
defend:multi_krum
[FiniteAudit] round=19 defense=multi_krum selected_count=3 selected_malicious_count=3 selected_updates_finite=True selected_indices=[0, 1, 4]
[FiniteAudit] round=19 global_pre_finite=True benign_updates_finite=True malicious_updates_finite=True attack_budget_output_finite=True aggregate_input_finite=True aggregate_output_finite=True global_post_finite=True first_bad_stage=none rejected=False rollback=False
t  19: train_loss = 1.504, test_acc = 10.000
attack numbers = 3
[FiniteAudit] round=20 checkpoint_promoted_after_benign=True
current iteration attack ratio: 0.12

============================================================
[MOS-Core] Starting MOS-Attack
============================================================
[MOS-Core] Total parameters: 11,183,582
[MOS-Core] Benign clients: 22
[MOS-Core] Malicious slots: 3
[MOS-Core] Benign mean norm: 312.0072
[MOS-Core] Benign std (mean): 0.0009
[MOS-Core] ce_raw_norm=28099.314453125
[MOS-Core] cw_raw_norm=28099.314453125
[MOS-Core] ce_valid=True
[MOS-Core] cw_valid=True
[MOS-Core] ce_cw_cosine=1.0
[MOS-Core] combined_pre_norm=1.0
[MOS-Core] historical_direction_valid=True
[MOS-Core] historical_direction_norm=1.0706748962402344
[MOS-Core] guidance_history_cosine=0.9304426312446594
[MOS-Core] guidance_source=ce_cw_combined
[MOS-Core] guidance_fallback_used=False
[MOS-Core] final_guidance_norm=1.000000
[MOS-Core] Base radial threshold (q=0.95): 156.5295
[MOS-Core] Attack budget ratio: 1.0
[MOS-Core] current_budget=156.529465
[MOS-Core] current_budget_valid=True

[MOS-Core] Initializing constraints...
[MOS-Core] Enabled constraints: Radial, Sign
[MOS-Core] Radial weight: 1.0
[MOS-Core] Sign weight: 0.5, layer_reduce: quantile
[MOS-Core]   Radial threshold: 156.5295
[MOS-Core]   Sign threshold: 1.6843

[MOS-Core] Initializing population (size=10)...
[MOS-Core] constraint_mode=strict
[MOS-Core] objective_mode=dual
[MOS-Core] alpha_feasible=0.009178 boundary_width=7.62939e-06 refinements=13
[MOS-Boundary] alpha_feasible=0.009178 alpha_infeasible=0.009186 limiting_constraint=sign left=radial:ratio=0.00917816:score=0.990905:violation=0|sign:ratio=0.99888:score=0.50028:violation=0 right=radial:ratio=0.00918579:score=0.990898:violation=0|sign:ratio=1.00009:score=0.499979:violation=8.58307e-05
[MOS-Core] adaptive_guided_init=True alpha_feasible=0.009178 alpha_init=0.009178 scales=[0.0, 0.0018356323242187502, 0.0036712646484375003, 0.00550689697265625, 0.007342529296875001, 0.00917816162109375]
[MOS-Core] Generated 6 scale-based seeds: [0.0, 0.0018356323242187502, 0.0036712646484375003, 0.00550689697265625, 0.007342529296875001, 0.00917816162109375]
[MOS-Core] Historical seed injected at position 3
[MOS-Core] historical_raw_norm=1.070675
[MOS-Core] historical_direction_norm=1.000000
[MOS-Core] historical_seed_target_scale=78.264732
[MOS-Core] historical_seed_final_norm=78.264732
[MOS-Core] Generated 4 random candidates (noise_scale=0.1)
[MOS-Core] Initial population norms: min=0.0000, mean=44.1951, max=131.4074
[MOS-Core] Budget ratios: min=0.0000, mean=0.2823, max=0.8395
[MOS-Core] Clipped ratio: 0.00%
[MOS-Core] Historical seed used: True

[MOS-Core] Starting NSGA-II evolution...
[MOS-Core] Generations: 100
[MOS-Core] Population size: 10
[MOS-Core] SBX eta: 15.0, crossover_prob: 0.9
[MOS-Core] Mutation scale: 0.05
[MOS-Core] Gen 1/100:
  Stealth: mean=0.913, best=1.000
  Destructiveness: mean=0.544, best=1.440
  CV: mean=0.0007, min=0.0000
  Feasibility: count=9, ratio=90.00%
  Max feasible destruct: 1.437
  Pareto front size: 7
  Budget ratio: mean=0.023, max=0.047
  Radial: mean_ratio=0.023, max_ratio=0.047, mean_score=0.978
  Sign: mean_ratio=0.382, max_ratio=1.015, mean_score=0.781
[MOS-Core] Gen 10/100:
  Stealth: mean=0.890, best=1.000
  Destructiveness: mean=0.835, best=1.446
  CV: mean=0.0000, min=0.0000
  Feasibility: count=10, ratio=100.00%
  Max feasible destruct: 1.446
  Pareto front size: 10
  Budget ratio: mean=0.025, max=0.072
  Radial: mean_ratio=0.025, max_ratio=0.072, mean_score=0.976
  Sign: mean_ratio=0.501, max_ratio=1.000, mean_score=0.719
[MOS-Core] Gen 20/100:
  Stealth: mean=0.889, best=1.000
  Destructiveness: mean=0.780, best=1.456
  CV: mean=0.0000, min=0.0000
  Feasibility: count=10, ratio=100.00%
  Max feasible destruct: 1.456
  Pareto front size: 10
  Budget ratio: mean=0.042, max=0.124
  Radial: mean_ratio=0.042, max_ratio=0.124, mean_score=0.962
  Sign: mean_ratio=0.450, max_ratio=0.999, mean_score=0.742
[MOS-Core] Gen 30/100:
  Stealth: mean=0.870, best=1.000
  Destructiveness: mean=0.868, best=1.463
  CV: mean=0.0000, min=0.0000
  Feasibility: count=10, ratio=100.00%
  Max feasible destruct: 1.463
  Pareto front size: 10
  Budget ratio: mean=0.053, max=0.159
  Radial: mean_ratio=0.053, max_ratio=0.159, mean_score=0.953
  Sign: mean_ratio=0.517, max_ratio=0.999, mean_score=0.706
[MOS-Core] Gen 40/100:
  Stealth: mean=0.882, best=1.000
  Destructiveness: mean=0.754, best=1.468
  CV: mean=0.0000, min=0.0000
  Feasibility: count=10, ratio=100.00%
  Max feasible destruct: 1.468
  Pareto front size: 10
  Budget ratio: mean=0.058, max=0.192
  Radial: mean_ratio=0.058, max_ratio=0.192, mean_score=0.948
  Sign: mean_ratio=0.422, max_ratio=0.999, mean_score=0.751
[MOS-Core] Gen 50/100:
  Stealth: mean=0.878, best=1.000
  Destructiveness: mean=0.756, best=1.478
  CV: mean=0.0000, min=0.0000
  Feasibility: count=10, ratio=100.00%
  Max feasible destruct: 1.478
  Pareto front size: 10
  Budget ratio: mean=0.066, max=0.239
  Radial: mean_ratio=0.066, max_ratio=0.239, mean_score=0.942
  Sign: mean_ratio=0.423, max_ratio=0.998, mean_score=0.750
[MOS-Core] Gen 60/100:
  Stealth: mean=0.872, best=1.000
  Destructiveness: mean=0.758, best=1.485
  CV: mean=0.0000, min=0.0000
  Feasibility: count=10, ratio=100.00%
  Max feasible destruct: 1.485
  Pareto front size: 10
  Budget ratio: mean=0.076, max=0.244
  Radial: mean_ratio=0.076, max_ratio=0.244, mean_score=0.934
  Sign: mean_ratio=0.425, max_ratio=0.988, mean_score=0.748
[MOS-Core] Gen 70/100:
  Stealth: mean=0.865, best=1.000
  Destructiveness: mean=0.763, best=1.498
  CV: mean=0.0000, min=0.0000
  Feasibility: count=10, ratio=100.00%
  Max feasible destruct: 1.498
  Pareto front size: 10
  Budget ratio: mean=0.090, max=0.270
  Radial: mean_ratio=0.090, max_ratio=0.270, mean_score=0.924
  Sign: mean_ratio=0.428, max_ratio=0.998, mean_score=0.748
[MOS-Core] Gen 80/100:
  Stealth: mean=0.857, best=1.000
  Destructiveness: mean=0.822, best=1.505
  CV: mean=0.0000, min=0.0000
  Feasibility: count=10, ratio=100.00%
  Max feasible destruct: 1.505
  Pareto front size: 10
  Budget ratio: mean=0.091, max=0.295
  Radial: mean_ratio=0.091, max_ratio=0.295, mean_score=0.924
  Sign: mean_ratio=0.478, max_ratio=0.991, mean_score=0.724
[MOS-Core] Gen 90/100:
  Stealth: mean=0.834, best=1.000
  Destructiveness: mean=0.883, best=1.511
  CV: mean=0.0000, min=0.0000
  Feasibility: count=10, ratio=100.00%
  Max feasible destruct: 1.511
  Pareto front size: 10
  Budget ratio: mean=0.122, max=0.340
  Radial: mean_ratio=0.122, max_ratio=0.340, mean_score=0.901
  Sign: mean_ratio=0.527, max_ratio=0.996, mean_score=0.700
[MOS-Core] Gen 100/100:
  Stealth: mean=0.840, best=1.000
  Destructiveness: mean=0.830, best=1.524
  CV: mean=0.0000, min=0.0000
  Feasibility: count=10, ratio=100.00%
  Max feasible destruct: 1.524
  Pareto front size: 10
  Budget ratio: mean=0.120, max=0.292
  Radial: mean_ratio=0.120, max_ratio=0.292, mean_score=0.901
  Sign: mean_ratio=0.489, max_ratio=0.999, mean_score=0.718

[MOS-Core] Selecting final solution...
[MOS-Core] Selection parameters:
  Lambda_s (stealth weight): 0.50
  Lambda_a (attack weight): 0.50
  Attack floor ratio: 0.1524

[MOS-Core] Feasibility summary:
  Feasible solutions: 10
  Feasible ratio: 100.00%
  Selection mode: feasible
  Min CV in front: 0.0000

[MOS-Core] Pareto front summary:
  Front size: 10
  Stealth range: [0.683, 1.000]
  Destructiveness range: [0.000, 1.524]
  CV range: [0.0000, 0.0000]
  Candidates after attack floor: 9

[MOS-Core] Selected solution (index=4):
[MOS-Core]   Constraint pass score (R): 0.855
[MOS-Core]   Destructiveness (A): 1.149
[MOS-Core]   Total CV: 0.0000
[MOS-Core]   Deviation norm: 1.1493
[MOS-Core]   Budget usage: 0.73%
[MOS-Core] selection_mode=balanced_knee
[MOS-Core] selected_budget_ratio=0.007343
[MOS-Core] selected_stealth=0.855019
[MOS-Core] selected_destructiveness=1.149314
[MOS-Core] selected_R=0.855019
[MOS-Core] selected_A=1.149314
[MOS-Core] selected_cv=0.000000
[MOS-Core] selected_CV=0.000000
[MOS-Core] selected_feasible=True
[MOS-Core] selected_guidance_alignment=1.000000
[MOS-Core] Per-constraint details:
[MOS-Core]   Radial: score=0.993, ratio=0.007, violation=0.000, loss=1.1493, threshold=156.5295
[MOS-Core]   Sign: score=0.580, ratio=0.725, violation=0.000, loss=1.2215, threshold=1.6843

[MOS-Core] Generating 3 malicious updates...
[MOS-Core] Template noise scale: 0.0001
[MOS-Core] Output norms: min=1.1494, mean=1.1494, max=1.1494
[MOS-Core] Attack completed successfully
============================================================

[MOS-Core] alpha_feasible=1.000000 boundary_width=0.000000 refinements=0
[MOS-Boundary] alpha_feasible=1.000000 alpha_infeasible=none limiting_constraint=none left=radial:ratio=1:score=0.5:violation=0 right=none
[MOS-Core] alpha_feasible=0.009178 boundary_width=7.62939e-06 refinements=13
[MOS-Boundary] alpha_feasible=0.009178 alpha_infeasible=0.009186 limiting_constraint=sign left=sign:ratio=0.99888:score=0.50028:violation=0 right=sign:ratio=1.00009:score=0.499979:violation=8.58307e-05
[MOS-Core] alpha_feasible=0.009178 boundary_width=7.62939e-06 refinements=13
[MOS-Boundary] alpha_feasible=0.009178 alpha_infeasible=0.009186 limiting_constraint=sign left=radial:ratio=0.00917816:score=0.990905:violation=0|sign:ratio=0.99888:score=0.50028:violation=0 right=radial:ratio=0.00918579:score=0.990898:violation=0|sign:ratio=1.00009:score=0.499979:violation=8.58307e-05
[MOS-Core] alpha_feasible=0.009178 boundary_width=7.62939e-06 refinements=13
[MOS-Boundary] alpha_feasible=0.009178 alpha_infeasible=0.009186 limiting_constraint=sign left=radial:ratio=0.00917816:score=0.990905:violation=0|sign:ratio=0.99888:score=0.50028:violation=0 right=radial:ratio=0.00918579:score=0.990898:violation=0|sign:ratio=1.00009:score=0.499979:violation=8.58307e-05

============================================================
[MOS-Core] Starting MOS-Attack
============================================================
[MOS-Core] Total parameters: 11,183,582
[MOS-Core] Benign clients: 22
[MOS-Core] Malicious slots: 3
[MOS-Core] Benign mean norm: 312.0072
[MOS-Core] Benign std (mean): 0.0009
[MOS-Core] ce_raw_norm=28099.314453125
[MOS-Core] cw_raw_norm=28099.314453125
[MOS-Core] ce_valid=True
[MOS-Core] cw_valid=True
[MOS-Core] ce_cw_cosine=1.0
[MOS-Core] combined_pre_norm=1.0
[MOS-Core] historical_direction_valid=True
[MOS-Core] historical_direction_norm=1.0706748962402344
[MOS-Core] guidance_history_cosine=0.9304426312446594
[MOS-Core] guidance_source=ce_cw_combined
[MOS-Core] guidance_fallback_used=False
[MOS-Core] final_guidance_norm=1.000000
[MOS-Core] Base radial threshold (q=0.95): 156.5295
[MOS-Core] Attack budget ratio: 1.0
[MOS-Core] current_budget=156.529465
[MOS-Core] current_budget_valid=True

[MOS-Core] Initializing constraints...
[MOS-Core] Enabled constraints: Radial, Sign
[MOS-Core] Radial weight: 1.0
[MOS-Core] Sign weight: 0.5, layer_reduce: quantile
[MOS-Core]   Radial threshold: 156.5295
[MOS-Core]   Sign threshold: 1.6843

[MOS-Core] Initializing population (size=10)...
[MOS-Core] constraint_mode=strict
[MOS-Core] objective_mode=dual
[MOS-Core] alpha_feasible=0.009178 boundary_width=7.62939e-06 refinements=13
[MOS-Boundary] alpha_feasible=0.009178 alpha_infeasible=0.009186 limiting_constraint=sign left=radial:ratio=0.00917816:score=0.990905:violation=0|sign:ratio=0.99888:score=0.50028:violation=0 right=radial:ratio=0.00918579:score=0.990898:violation=0|sign:ratio=1.00009:score=0.499979:violation=8.58307e-05
[MOS-Core] adaptive_guided_init=True alpha_feasible=0.009178 alpha_init=0.009178 scales=[0.0, 0.0018356323242187502, 0.0036712646484375003, 0.00550689697265625, 0.007342529296875001, 0.00917816162109375]
[MOS-Core] Generated 6 scale-based seeds: [0.0, 0.0018356323242187502, 0.0036712646484375003, 0.00550689697265625, 0.007342529296875001, 0.00917816162109375]
[MOS-Core] Historical seed injected at position 3
[MOS-Core] historical_raw_norm=1.070675
[MOS-Core] historical_direction_norm=1.000000
[MOS-Core] historical_seed_target_scale=78.264732
[MOS-Core] historical_seed_final_norm=78.264732
[MOS-Core] Generated 4 random candidates (noise_scale=0.1)
[MOS-Core] Initial population norms: min=0.0000, mean=45.6512, max=141.0857
[MOS-Core] Budget ratios: min=0.0000, mean=0.2916, max=0.9013
[MOS-Core] Clipped ratio: 0.00%
[MOS-Core] Historical seed used: True

[MOS-Core] Starting NSGA-II evolution...
[MOS-Core] Generations: 100
[MOS-Core] Population size: 10
[MOS-Core] SBX eta: 15.0, crossover_prob: 0.9
[MOS-Core] Mutation scale: 0.05
[MOS-Core] Gen 1/100:
  Stealth: mean=0.897, best=1.000
  Destructiveness: mean=0.776, best=1.438
  CV: mean=0.0000, min=0.0000
  Feasibility: count=10, ratio=100.00%
  Max feasible destruct: 1.438
  Pareto front size: 8
  Budget ratio: mean=0.020, max=0.041
  Radial: mean_ratio=0.020, max_ratio=0.041, mean_score=0.981
  Sign: mean_ratio=0.470, max_ratio=1.000, mean_score=0.731
[MOS-Core] Gen 10/100:
  Stealth: mean=0.888, best=1.000
  Destructiveness: mean=0.778, best=1.440
  CV: mean=0.0000, min=0.0000
  Feasibility: count=10, ratio=100.00%
  Max feasible destruct: 1.440
  Pareto front size: 10
  Budget ratio: mean=0.040, max=0.114
  Radial: mean_ratio=0.040, max_ratio=0.114, mean_score=0.963
  Sign: mean_ratio=0.440, max_ratio=0.999, mean_score=0.738
[MOS-Core] Gen 20/100:
  Stealth: mean=0.884, best=1.000
  Destructiveness: mean=0.779, best=1.443
  CV: mean=0.0000, min=0.0000
  Feasibility: count=10, ratio=100.00%
  Max feasible destruct: 1.443
  Pareto front size: 10
  Budget ratio: mean=0.049, max=0.136
  Radial: mean_ratio=0.049, max_ratio=0.136, mean_score=0.956
  Sign: mean_ratio=0.451, max_ratio=0.999, mean_score=0.742
[MOS-Core] Gen 30/100:
  Stealth: mean=0.890, best=1.000
  Destructiveness: mean=0.750, best=1.444
  CV: mean=0.0000, min=0.0000
  Feasibility: count=10, ratio=100.00%
  Max feasible destruct: 1.444
  Pareto front size: 10
  Budget ratio: mean=0.044, max=0.132
  Radial: mean_ratio=0.044, max_ratio=0.132, mean_score=0.960
  Sign: mean_ratio=0.424, max_ratio=0.999, mean_score=0.750
[MOS-Core] Gen 40/100:
  Stealth: mean=0.888, best=1.000
  Destructiveness: mean=0.751, best=1.450
  CV: mean=0.0000, min=0.0000
  Feasibility: count=10, ratio=100.00%
  Max feasible destruct: 1.450
  Pareto front size: 10
  Budget ratio: mean=0.047, max=0.139
  Radial: mean_ratio=0.047, max_ratio=0.139, mean_score=0.957
  Sign: mean_ratio=0.426, max_ratio=0.999, mean_score=0.749
[MOS-Core] Gen 50/100:
  Stealth: mean=0.872, best=1.000
  Destructiveness: mean=0.838, best=1.457
  CV: mean=0.0000, min=0.0000
  Feasibility: count=10, ratio=100.00%
  Max feasible destruct: 1.457
  Pareto front size: 10
  Budget ratio: mean=0.057, max=0.177
  Radial: mean_ratio=0.057, max_ratio=0.177, mean_score=0.949
  Sign: mean_ratio=0.503, max_ratio=0.997, mean_score=0.717
[MOS-Core] Gen 60/100:
  Stealth: mean=0.875, best=1.000
  Destructiveness: mean=0.756, best=1.464
  CV: mean=0.0000, min=0.0000
  Feasibility: count=10, ratio=100.00%
  Max feasible destruct: 1.464
  Pareto front size: 10
  Budget ratio: mean=0.072, max=0.208
  Radial: mean_ratio=0.072, max_ratio=0.208, mean_score=0.938
  Sign: mean_ratio=0.425, max_ratio=0.998, mean_score=0.750
[MOS-Core] Gen 70/100:
  Stealth: mean=0.856, best=1.000
  Destructiveness: mean=0.844, best=1.469
  CV: mean=0.0000, min=0.0000
  Feasibility: count=10, ratio=100.00%
  Max feasible destruct: 1.469
  Pareto front size: 10
  Budget ratio: mean=0.085, max=0.277
  Radial: mean_ratio=0.085, max_ratio=0.277, mean_score=0.927
  Sign: mean_ratio=0.493, max_ratio=0.997, mean_score=0.713
[MOS-Core] Gen 80/100:
  Stealth: mean=0.859, best=1.000
  Destructiveness: mean=0.816, best=1.476
  CV: mean=0.0000, min=0.0000
  Feasibility: count=10, ratio=100.00%
  Max feasible destruct: 1.476
  Pareto front size: 10
  Budget ratio: mean=0.088, max=0.323
  Radial: mean_ratio=0.088, max_ratio=0.323, mean_score=0.926
  Sign: mean_ratio=0.479, max_ratio=0.995, mean_score=0.724
[MOS-Core] Gen 90/100:
  Stealth: mean=0.845, best=1.000
  Destructiveness: mean=0.848, best=1.483
  CV: mean=0.0000, min=0.0000
  Feasibility: count=10, ratio=100.00%
  Max feasible destruct: 1.483
  Pareto front size: 10
  Budget ratio: mean=0.117, max=0.397
  Radial: mean_ratio=0.117, max_ratio=0.397, mean_score=0.909
  Sign: mean_ratio=0.500, max_ratio=0.991, mean_score=0.718
[MOS-Core] Gen 100/100:
  Stealth: mean=0.818, best=1.000
  Destructiveness: mean=0.967, best=1.497
  CV: mean=0.0000, min=0.0000
  Feasibility: count=10, ratio=100.00%
  Max feasible destruct: 1.497
  Pareto front size: 10
  Budget ratio: mean=0.141, max=0.437
  Radial: mean_ratio=0.141, max_ratio=0.437, mean_score=0.890
  Sign: mean_ratio=0.595, max_ratio=0.999, mean_score=0.674

[MOS-Core] Selecting final solution...
[MOS-Core] Selection parameters:
  Lambda_s (stealth weight): 0.50
  Lambda_a (attack weight): 0.50
  Attack floor ratio: 0.1497

[MOS-Core] Feasibility summary:
  Feasible solutions: 10
  Feasible ratio: 100.00%
  Selection mode: feasible
  Min CV in front: 0.0000

[MOS-Core] Pareto front summary:
  Front size: 10
  Stealth range: [0.631, 1.000]
  Destructiveness range: [0.000, 1.497]
  CV range: [0.0000, 0.0000]
  Candidates after attack floor: 9

[MOS-Core] Selected solution (index=2):
[MOS-Core]   Constraint pass score (R): 0.855
[MOS-Core]   Destructiveness (A): 1.149
[MOS-Core]   Total CV: 0.0000
[MOS-Core]   Deviation norm: 1.1493
[MOS-Core]   Budget usage: 0.73%
[MOS-Core] selection_mode=balanced_knee
[MOS-Core] selected_budget_ratio=0.007343
[MOS-Core] selected_stealth=0.855019
[MOS-Core] selected_destructiveness=1.149314
[MOS-Core] selected_R=0.855019
[MOS-Core] selected_A=1.149314
[MOS-Core] selected_cv=0.000000
[MOS-Core] selected_CV=0.000000
[MOS-Core] selected_feasible=True
[MOS-Core] selected_guidance_alignment=1.000000
[MOS-Core] Per-constraint details:
[MOS-Core]   Radial: score=0.993, ratio=0.007, violation=0.000, loss=1.1493, threshold=156.5295
[MOS-Core]   Sign: score=0.580, ratio=0.725, violation=0.000, loss=1.2215, threshold=1.6843

[MOS-Core] Generating 3 malicious updates...
[MOS-Core] Template noise scale: 0.0001
[MOS-Core] Output norms: min=1.1494, mean=1.1494, max=1.1494
[MOS-Core] Attack completed successfully
============================================================


============================================================
[MOS-Core] Starting MOS-Attack
============================================================
[MOS-Core] Total parameters: 11,183,582
[MOS-Core] Benign clients: 22
[MOS-Core] Malicious slots: 3
[MOS-Core] Benign mean norm: 312.0072
[MOS-Core] Benign std (mean): 0.0009
[MOS-Core] ce_raw_norm=28099.314453125
[MOS-Core] cw_raw_norm=28099.314453125
[MOS-Core] ce_valid=True
[MOS-Core] cw_valid=True
[MOS-Core] ce_cw_cosine=1.0
[MOS-Core] combined_pre_norm=1.0
[MOS-Core] historical_direction_valid=True
[MOS-Core] historical_direction_norm=1.0706748962402344
[MOS-Core] guidance_history_cosine=0.9304426312446594
[MOS-Core] guidance_source=ce_cw_combined
[MOS-Core] guidance_fallback_used=False
[MOS-Core] final_guidance_norm=1.000000
[MOS-Core] Base radial threshold (q=0.95): 156.5295
[MOS-Core] Attack budget ratio: 1.0
[MOS-Core] current_budget=156.529465
[MOS-Core] current_budget_valid=True

[MOS-Core] Initializing constraints...
[MOS-Core] Enabled constraints: Radial, Sign
[MOS-Core] Radial weight: 1.0
[MOS-Core] Sign weight: 0.5, layer_reduce: quantile
[MOS-Core]   Radial threshold: 156.5295
[MOS-Core]   Sign threshold: 1.6843

[MOS-Core] Initializing population (size=10)...
[MOS-Core] constraint_mode=strict
[MOS-Core] objective_mode=a_only
[MOS-Core] alpha_feasible=0.009178 boundary_width=7.62939e-06 refinements=13
[MOS-Boundary] alpha_feasible=0.009178 alpha_infeasible=0.009186 limiting_constraint=sign left=radial:ratio=0.00917816:score=0.990905:violation=0|sign:ratio=0.99888:score=0.50028:violation=0 right=radial:ratio=0.00918579:score=0.990898:violation=0|sign:ratio=1.00009:score=0.499979:violation=8.58307e-05
[MOS-Core] adaptive_guided_init=True alpha_feasible=0.009178 alpha_init=0.009178 scales=[0.0, 0.0018356323242187502, 0.0036712646484375003, 0.00550689697265625, 0.007342529296875001, 0.00917816162109375]
[MOS-Core] Generated 6 scale-based seeds: [0.0, 0.0018356323242187502, 0.0036712646484375003, 0.00550689697265625, 0.007342529296875001, 0.00917816162109375]
[MOS-Core] Historical seed injected at position 3
[MOS-Core] historical_raw_norm=1.070675
[MOS-Core] historical_direction_norm=1.000000
[MOS-Core] historical_seed_target_scale=78.264732
[MOS-Core] historical_seed_final_norm=78.264732
[MOS-Core] Generated 4 random candidates (noise_scale=0.1)
[MOS-Core] Initial population norms: min=0.0000, mean=45.6512, max=141.0857
[MOS-Core] Budget ratios: min=0.0000, mean=0.2916, max=0.9013
[MOS-Core] Clipped ratio: 0.00%
[MOS-Core] Historical seed used: True

[MOS-Core] Starting NSGA-II evolution...
[MOS-Core] Generations: 100
[MOS-Core] Population size: 10
[MOS-Core] SBX eta: 15.0, crossover_prob: 0.9
[MOS-Core] Mutation scale: 0.05
[MOS-Core] Gen 1/100:
  Stealth: mean=0.885, best=0.980
  Destructiveness: mean=0.862, best=1.438
  CV: mean=0.0000, min=0.0000
  Feasibility: count=10, ratio=100.00%
  Max feasible destruct: 1.438
  Pareto front size: 1
  Budget ratio: mean=0.028, max=0.070
  Radial: mean_ratio=0.028, max_ratio=0.070, mean_score=0.973
  Sign: mean_ratio=0.494, max_ratio=1.000, mean_score=0.710
[MOS-Core] Gen 10/100:
  Stealth: mean=0.779, best=0.789
  Destructiveness: mean=1.439, best=1.440
  CV: mean=0.0000, min=0.0000
  Feasibility: count=10, ratio=100.00%
  Max feasible destruct: 1.440
  Pareto front size: 1
  Budget ratio: mean=0.090, max=0.106
  Radial: mean_ratio=0.090, max_ratio=0.106, mean_score=0.917
  Sign: mean_ratio=0.995, max_ratio=1.000, mean_score=0.501
[MOS-Core] Gen 20/100:
  Stealth: mean=0.744, best=0.755
  Destructiveness: mean=1.442, best=1.443
  CV: mean=0.0000, min=0.0000
  Feasibility: count=10, ratio=100.00%
  Max feasible destruct: 1.443
  Pareto front size: 1
  Budget ratio: mean=0.156, max=0.183
  Radial: mean_ratio=0.156, max_ratio=0.183, mean_score=0.865
  Sign: mean_ratio=0.995, max_ratio=0.999, mean_score=0.501
[MOS-Core] Gen 30/100:
  Stealth: mean=0.747, best=0.751
  Destructiveness: mean=1.445, best=1.445
  CV: mean=0.0000, min=0.0000
  Feasibility: count=10, ratio=100.00%
  Max feasible destruct: 1.445
  Pareto front size: 1
  Budget ratio: mean=0.149, max=0.156
  Radial: mean_ratio=0.149, max_ratio=0.156, mean_score=0.871
  Sign: mean_ratio=0.995, max_ratio=0.998, mean_score=0.501
[MOS-Core] Gen 40/100:
  Stealth: mean=0.719, best=0.733
  Destructiveness: mean=1.448, best=1.448
  CV: mean=0.0000, min=0.0000
  Feasibility: count=10, ratio=100.00%
  Max feasible destruct: 1.448
  Pareto front size: 1
  Budget ratio: mean=0.207, max=0.230
  Radial: mean_ratio=0.207, max_ratio=0.230, mean_score=0.828
  Sign: mean_ratio=0.997, max_ratio=0.999, mean_score=0.501
[MOS-Core] Gen 50/100:
  Stealth: mean=0.705, best=0.709
  Destructiveness: mean=1.450, best=1.450
  CV: mean=0.0000, min=0.0000
  Feasibility: count=10, ratio=100.00%
  Max feasible destruct: 1.450
  Pareto front size: 1
  Budget ratio: mean=0.240, max=0.254
  Radial: mean_ratio=0.240, max_ratio=0.254, mean_score=0.807
  Sign: mean_ratio=0.996, max_ratio=0.999, mean_score=0.501
[MOS-Core] Gen 60/100:
  Stealth: mean=0.691, best=0.706
  Destructiveness: mean=1.453, best=1.454
  CV: mean=0.0000, min=0.0000
  Feasibility: count=10, ratio=100.00%
  Max feasible destruct: 1.454
  Pareto front size: 1
  Budget ratio: mean=0.273, max=0.302
  Radial: mean_ratio=0.273, max_ratio=0.302, mean_score=0.786
  Sign: mean_ratio=0.995, max_ratio=0.999, mean_score=0.501
[MOS-Core] Gen 70/100:
  Stealth: mean=0.693, best=0.701
  Destructiveness: mean=1.456, best=1.456
  CV: mean=0.0000, min=0.0000
  Feasibility: count=10, ratio=100.00%
  Max feasible destruct: 1.456
  Pareto front size: 1
  Budget ratio: mean=0.268, max=0.294
  Radial: mean_ratio=0.268, max_ratio=0.294, mean_score=0.789
  Sign: mean_ratio=0.997, max_ratio=1.000, mean_score=0.501
[MOS-Core] Gen 80/100:
  Stealth: mean=0.687, best=0.697
  Destructiveness: mean=1.458, best=1.458
  CV: mean=0.0000, min=0.0000
  Feasibility: count=10, ratio=100.00%
  Max feasible destruct: 1.458
  Pareto front size: 1
  Budget ratio: mean=0.282, max=0.307
  Radial: mean_ratio=0.282, max_ratio=0.307, mean_score=0.780
  Sign: mean_ratio=0.998, max_ratio=1.000, mean_score=0.501
[MOS-Core] Gen 90/100:
  Stealth: mean=0.684, best=0.697
  Destructiveness: mean=1.460, best=1.460
  CV: mean=0.0000, min=0.0000
  Feasibility: count=10, ratio=100.00%
  Max feasible destruct: 1.460
  Pareto front size: 1
  Budget ratio: mean=0.288, max=0.320
  Radial: mean_ratio=0.288, max_ratio=0.320, mean_score=0.776
  Sign: mean_ratio=0.997, max_ratio=1.000, mean_score=0.501
[MOS-Core] Gen 100/100:
  Stealth: mean=0.682, best=0.692
  Destructiveness: mean=1.462, best=1.462
  CV: mean=0.0000, min=0.0000
  Feasibility: count=10, ratio=100.00%
  Max feasible destruct: 1.462
  Pareto front size: 1
  Budget ratio: mean=0.295, max=0.314
  Radial: mean_ratio=0.295, max_ratio=0.314, mean_score=0.772
  Sign: mean_ratio=0.997, max_ratio=1.000, mean_score=0.501

[MOS-Core] Selecting final solution...
[MOS-Core] Selection parameters:
  Lambda_s (stealth weight): 0.50
  Lambda_a (attack weight): 0.50
  Attack floor ratio: 0.0000

[MOS-Core] Feasibility summary:
  Feasible solutions: 10
  Feasible ratio: 100.00%
  Selection mode: feasible
  Min CV in front: 0.0000

[MOS-Core] Pareto front summary:
  Front size: 10
  Stealth range: [0.674, 0.692]
  Destructiveness range: [1.461, 1.462]
  CV range: [0.0000, 0.0000]
  Candidates after attack floor: 10

[MOS-Core] Selected solution (index=0):
[MOS-Core]   Constraint pass score (R): 0.692
[MOS-Core]   Destructiveness (A): 1.462
[MOS-Core]   Total CV: 0.0000
[MOS-Core]   Deviation norm: 42.0504
[MOS-Core]   Budget usage: 26.86%
[MOS-Core] selection_mode=a_only
[MOS-Core] selected_budget_ratio=0.268642
[MOS-Core] selected_stealth=0.692195
[MOS-Core] selected_destructiveness=1.461851
[MOS-Core] selected_R=0.692195
[MOS-Core] selected_A=1.461851
[MOS-Core] selected_cv=0.000000
[MOS-Core] selected_CV=0.000000
[MOS-Core] selected_feasible=True
[MOS-Core] selected_guidance_alignment=0.034764
[MOS-Core] Per-constraint details:
[MOS-Core]   Radial: score=0.788, ratio=0.269, violation=0.000, loss=42.0504, threshold=156.5295
[MOS-Core]   Sign: score=0.500, ratio=1.000, violation=0.000, loss=1.6836, threshold=1.6843

[MOS-Core] Generating 3 malicious updates...
[MOS-Core] Template noise scale: 0.0001
[MOS-Core] Output norms: min=42.0484, mean=42.0500, max=42.0517
[MOS-Core] Attack completed successfully
============================================================

[MOS-Diagnostics] round=20 proxy=10 sign=3 shadow=2
attack:mos_attack
defend:multi_krum
[FiniteAudit] round=20 defense=multi_krum selected_count=3 selected_malicious_count=3 selected_updates_finite=True selected_indices=[1, 2, 0]
[FiniteAudit] round=20 global_pre_finite=True benign_updates_finite=True malicious_updates_finite=True attack_budget_output_finite=True aggregate_input_finite=True aggregate_output_finite=True global_post_finite=True first_bad_stage=none rejected=False rollback=False
t  20: train_loss = 1.496, test_acc = 10.000
attack numbers = 2
[FiniteAudit] round=21 checkpoint_promoted_after_benign=True
current iteration attack ratio: 0.08

============================================================
[MOS-Core] Starting MOS-Attack
============================================================
[MOS-Core] Total parameters: 11,183,582
[MOS-Core] Benign clients: 23
[MOS-Core] Malicious slots: 2
[MOS-Core] Benign mean norm: 514.8555
[MOS-Core] Benign std (mean): 0.0009
[MOS-Core] ce_raw_norm=51497.17578125
[MOS-Core] cw_raw_norm=51497.17578125
[MOS-Core] ce_valid=True
[MOS-Core] cw_valid=True
[MOS-Core] ce_cw_cosine=1.0
[MOS-Core] combined_pre_norm=1.0
[MOS-Core] historical_direction_valid=True
[MOS-Core] historical_direction_norm=1.1493221521377563
[MOS-Core] guidance_history_cosine=0.932364284992218
[MOS-Core] guidance_source=ce_cw_combined
[MOS-Core] guidance_fallback_used=False
[MOS-Core] final_guidance_norm=1.000000
[MOS-Core] Base radial threshold (q=0.95): 180.3120
[MOS-Core] Attack budget ratio: 1.0
[MOS-Core] current_budget=180.311966
[MOS-Core] current_budget_valid=True

[MOS-Core] Initializing constraints...
[MOS-Core] Enabled constraints: Radial, Sign
[MOS-Core] Radial weight: 1.0
[MOS-Core] Sign weight: 0.5, layer_reduce: quantile
[MOS-Core]   Radial threshold: 180.3120
[MOS-Core]   Sign threshold: 1.5785

[MOS-Core] Initializing population (size=10)...
[MOS-Core] constraint_mode=strict
[MOS-Core] objective_mode=dual
[MOS-Core] alpha_feasible=0.008049 boundary_width=7.62939e-06 refinements=13
[MOS-Boundary] alpha_feasible=0.008049 alpha_infeasible=0.008057 limiting_constraint=sign left=radial:ratio=0.00804901:score=0.992015:violation=0|sign:ratio=0.999274:score=0.500182:violation=0 right=radial:ratio=0.00805664:score=0.992008:violation=0|sign:ratio=1.00073:score=0.499817:violation=0.000731587
[MOS-Core] adaptive_guided_init=True alpha_feasible=0.008049 alpha_init=0.008049 scales=[0.0, 0.00160980224609375, 0.0032196044921875, 0.00482940673828125, 0.006439208984375, 0.00804901123046875]
[MOS-Core] Generated 6 scale-based seeds: [0.0, 0.00160980224609375, 0.0032196044921875, 0.00482940673828125, 0.006439208984375, 0.00804901123046875]
[MOS-Core] Historical seed injected at position 3
[MOS-Core] historical_raw_norm=1.149322
[MOS-Core] historical_direction_norm=1.000000
[MOS-Core] historical_seed_target_scale=90.155983
[MOS-Core] historical_seed_final_norm=90.155991
[MOS-Core] Generated 4 random candidates (noise_scale=0.1)
[MOS-Core] Initial population norms: min=0.0000, mean=52.3737, max=162.3583
[MOS-Core] Budget ratios: min=0.0000, mean=0.2905, max=0.9004
[MOS-Core] Clipped ratio: 0.00%
[MOS-Core] Historical seed used: True

[MOS-Core] Starting NSGA-II evolution...
[MOS-Core] Generations: 100
[MOS-Core] Population size: 10
[MOS-Core] SBX eta: 15.0, crossover_prob: 0.9
[MOS-Core] Mutation scale: 0.05
[MOS-Core] Gen 1/100:
  Stealth: mean=0.899, best=1.000
  Destructiveness: mean=0.784, best=1.453
  CV: mean=0.0000, min=0.0000
  Feasibility: count=10, ratio=100.00%
  Max feasible destruct: 1.453
  Pareto front size: 8
  Budget ratio: mean=0.017, max=0.033
  Radial: mean_ratio=0.017, max_ratio=0.033, mean_score=0.984
  Sign: mean_ratio=0.466, max_ratio=0.999, mean_score=0.731
[MOS-Core] Gen 10/100:
  Stealth: mean=0.884, best=1.000
  Destructiveness: mean=0.845, best=1.465
  CV: mean=0.0000, min=0.0000
  Feasibility: count=10, ratio=100.00%
  Max feasible destruct: 1.465
  Pareto front size: 10
  Budget ratio: mean=0.035, max=0.080
  Radial: mean_ratio=0.035, max_ratio=0.080, mean_score=0.967
  Sign: mean_ratio=0.502, max_ratio=0.999, mean_score=0.716
[MOS-Core] Gen 20/100:
  Stealth: mean=0.889, best=1.000
  Destructiveness: mean=0.759, best=1.468
  CV: mean=0.0000, min=0.0000
  Feasibility: count=10, ratio=100.00%
  Max feasible destruct: 1.468
  Pareto front size: 10
  Budget ratio: mean=0.040, max=0.098
  Radial: mean_ratio=0.040, max_ratio=0.098, mean_score=0.962
  Sign: mean_ratio=0.432, max_ratio=0.999, mean_score=0.743
[MOS-Core] Gen 30/100:
  Stealth: mean=0.878, best=1.000
  Destructiveness: mean=0.847, best=1.476
  CV: mean=0.0000, min=0.0000
  Feasibility: count=10, ratio=100.00%
  Max feasible destruct: 1.476
  Pareto front size: 10
  Budget ratio: mean=0.044, max=0.128
  Radial: mean_ratio=0.044, max_ratio=0.128, mean_score=0.960
  Sign: mean_ratio=0.504, max_ratio=0.999, mean_score=0.714
[MOS-Core] Gen 40/100:
  Stealth: mean=0.877, best=1.000
  Destructiveness: mean=0.848, best=1.485
  CV: mean=0.0000, min=0.0000
  Feasibility: count=10, ratio=100.00%
  Max feasible destruct: 1.485
  Pareto front size: 10
  Budget ratio: mean=0.045, max=0.146
  Radial: mean_ratio=0.045, max_ratio=0.146, mean_score=0.959
  Sign: mean_ratio=0.503, max_ratio=0.999, mean_score=0.714
[MOS-Core] Gen 50/100:
  Stealth: mean=0.868, best=1.000
  Destructiveness: mean=0.851, best=1.489
  CV: mean=0.0000, min=0.0000
  Feasibility: count=10, ratio=100.00%
  Max feasible destruct: 1.489
  Pareto front size: 10
  Budget ratio: mean=0.063, max=0.199
  Radial: mean_ratio=0.063, max_ratio=0.199, mean_score=0.944
  Sign: mean_ratio=0.502, max_ratio=1.000, mean_score=0.716
[MOS-Core] Gen 60/100:
  Stealth: mean=0.867, best=1.000
  Destructiveness: mean=0.851, best=1.489
  CV: mean=0.0000, min=0.0000
  Feasibility: count=10, ratio=100.00%
  Max feasible destruct: 1.489
  Pareto front size: 10
  Budget ratio: mean=0.063, max=0.199
  Radial: mean_ratio=0.063, max_ratio=0.199, mean_score=0.944
  Sign: mean_ratio=0.503, max_ratio=1.000, mean_score=0.715
[MOS-Core] Gen 70/100:
  Stealth: mean=0.867, best=1.000
  Destructiveness: mean=0.851, best=1.489
  CV: mean=0.0000, min=0.0000
  Feasibility: count=10, ratio=100.00%
  Max feasible destruct: 1.489
  Pareto front size: 10
  Budget ratio: mean=0.063, max=0.199
  Radial: mean_ratio=0.063, max_ratio=0.199, mean_score=0.944
  Sign: mean_ratio=0.507, max_ratio=1.000, mean_score=0.713
[MOS-Core] Gen 80/100:
  Stealth: mean=0.867, best=1.000
  Destructiveness: mean=0.851, best=1.490
  CV: mean=0.0000, min=0.0000
  Feasibility: count=10, ratio=100.00%
  Max feasible destruct: 1.490
  Pareto front size: 10
  Budget ratio: mean=0.063, max=0.199
  Radial: mean_ratio=0.063, max_ratio=0.199, mean_score=0.944
  Sign: mean_ratio=0.508, max_ratio=1.000, mean_score=0.713
[MOS-Core] Gen 90/100:
  Stealth: mean=0.865, best=1.000
  Destructiveness: mean=0.851, best=1.490
  CV: mean=0.0000, min=0.0000
  Feasibility: count=10, ratio=100.00%
  Max feasible destruct: 1.490
  Pareto front size: 10
  Budget ratio: mean=0.065, max=0.199
  Radial: mean_ratio=0.065, max_ratio=0.199, mean_score=0.942
  Sign: mean_ratio=0.508, max_ratio=1.000, mean_score=0.713
[MOS-Core] Gen 100/100:
  Stealth: mean=0.867, best=1.000
  Destructiveness: mean=0.851, best=1.490
  CV: mean=0.0000, min=0.0000
  Feasibility: count=10, ratio=100.00%
  Max feasible destruct: 1.490
  Pareto front size: 10
  Budget ratio: mean=0.064, max=0.199
  Radial: mean_ratio=0.064, max_ratio=0.199, mean_score=0.943
  Sign: mean_ratio=0.503, max_ratio=1.000, mean_score=0.714

[MOS-Core] Selecting final solution...
[MOS-Core] Selection parameters:
  Lambda_s (stealth weight): 0.50
  Lambda_a (attack weight): 0.50
  Attack floor ratio: 0.1490

[MOS-Core] Feasibility summary:
  Feasible solutions: 10
  Feasible ratio: 100.00%
  Selection mode: feasible
  Min CV in front: 0.0000

[MOS-Core] Pareto front summary:
  Front size: 10
  Stealth range: [0.723, 1.000]
  Destructiveness range: [0.000, 1.490]
  CV range: [0.0000, 0.0000]
  Candidates after attack floor: 9

[MOS-Core] Selected solution (index=6):
[MOS-Core]   Constraint pass score (R): 0.859
[MOS-Core]   Destructiveness (A): 1.161
[MOS-Core]   Total CV: 0.0000
[MOS-Core]   Deviation norm: 1.1611
[MOS-Core]   Budget usage: 0.64%
[MOS-Core] selection_mode=balanced_knee
[MOS-Core] selected_budget_ratio=0.006439
[MOS-Core] selected_stealth=0.859307
[MOS-Core] selected_destructiveness=1.161057
[MOS-Core] selected_R=0.859307
[MOS-Core] selected_A=1.161057
[MOS-Core] selected_cv=0.000000
[MOS-Core] selected_CV=0.000000
[MOS-Core] selected_feasible=True
[MOS-Core] selected_guidance_alignment=1.000000
[MOS-Core] Per-constraint details:
[MOS-Core]   Radial: score=0.994, ratio=0.006, violation=0.000, loss=1.1611, threshold=180.3120
[MOS-Core]   Sign: score=0.591, ratio=0.693, violation=0.000, loss=1.0936, threshold=1.5785

[MOS-Core] Generating 2 malicious updates...
[MOS-Core] Template noise scale: 0.0001
[MOS-Core] Output norms: min=1.1611, mean=1.1611, max=1.1611
[MOS-Core] Attack completed successfully
============================================================

attack:mos_attack
defend:multi_krum
[FiniteAudit] round=21 defense=multi_krum selected_count=3 selected_malicious_count=2 selected_updates_finite=True selected_indices=[1, 0, 10]
[FiniteAudit] round=21 global_pre_finite=True benign_updates_finite=True malicious_updates_finite=True attack_budget_output_finite=True aggregate_input_finite=True aggregate_output_finite=True global_post_finite=True first_bad_stage=none rejected=False rollback=False
t  21: train_loss = 1.475, test_acc = 10.080
attack numbers = 6
[FiniteAudit] round=22 checkpoint_promoted_after_benign=True
current iteration attack ratio: 0.24

============================================================
[MOS-Core] Starting MOS-Attack
============================================================
[MOS-Core] Total parameters: 11,183,582
[MOS-Core] Benign clients: 19
[MOS-Core] Malicious slots: 6
[MOS-Core] Benign mean norm: 285.2254
[MOS-Core] Benign std (mean): 0.0009
[MOS-Core] ce_raw_norm=41601.49609375
[MOS-Core] cw_raw_norm=41601.49609375
[MOS-Core] ce_valid=True
[MOS-Core] cw_valid=True
[MOS-Core] ce_cw_cosine=0.9999998807907104
[MOS-Core] combined_pre_norm=0.9999999403953552
[MOS-Core] historical_direction_valid=True
[MOS-Core] historical_direction_norm=1.1610664129257202
[MOS-Core] guidance_history_cosine=0.9373342394828796
[MOS-Core] guidance_source=ce_cw_combined
[MOS-Core] guidance_fallback_used=False
[MOS-Core] final_guidance_norm=1.000000
[MOS-Core] Base radial threshold (q=0.95): 177.1400
[MOS-Core] Attack budget ratio: 1.0
[MOS-Core] current_budget=177.139969
[MOS-Core] current_budget_valid=True

[MOS-Core] Initializing constraints...
[MOS-Core] Enabled constraints: Radial, Sign
[MOS-Core] Radial weight: 1.0
[MOS-Core] Sign weight: 0.5, layer_reduce: quantile
[MOS-Core]   Radial threshold: 177.1400
[MOS-Core]   Sign threshold: 1.6035

[MOS-Core] Initializing population (size=10)...
[MOS-Core] constraint_mode=strict
[MOS-Core] objective_mode=dual
[MOS-Core] alpha_feasible=0.007072 boundary_width=7.62939e-06 refinements=13
[MOS-Boundary] alpha_feasible=0.007072 alpha_infeasible=0.007080 limiting_constraint=sign left=radial:ratio=0.00707245:score=0.992977:violation=0|sign:ratio=0.999446:score=0.500139:violation=0 right=radial:ratio=0.00708008:score=0.99297:violation=0|sign:ratio=1.00099:score=0.499752:violation=0.000994444
[MOS-Core] adaptive_guided_init=True alpha_feasible=0.007072 alpha_init=0.007072 scales=[0.0, 0.00141448974609375, 0.0028289794921875, 0.0042434692382812495, 0.005657958984375, 0.00707244873046875]
[MOS-Core] Generated 6 scale-based seeds: [0.0, 0.00141448974609375, 0.0028289794921875, 0.0042434692382812495, 0.005657958984375, 0.00707244873046875]
[MOS-Core] Historical seed injected at position 3
[MOS-Core] historical_raw_norm=1.161066
[MOS-Core] historical_direction_norm=1.000000
[MOS-Core] historical_seed_target_scale=88.569984
[MOS-Core] historical_seed_final_norm=88.569984
[MOS-Core] Generated 4 random candidates (noise_scale=0.1)
[MOS-Core] Initial population norms: min=0.0000, mean=37.6700, max=101.4428
[MOS-Core] Budget ratios: min=0.0000, mean=0.2127, max=0.5727
[MOS-Core] Clipped ratio: 0.00%
[MOS-Core] Historical seed used: True

[MOS-Core] Starting NSGA-II evolution...
[MOS-Core] Generations: 100
[MOS-Core] Population size: 10
[MOS-Core] SBX eta: 15.0, crossover_prob: 0.9
[MOS-Core] Mutation scale: 0.05
[MOS-Core] Gen 1/100:
  Stealth: mean=0.927, best=1.000
  Destructiveness: mean=0.476, best=1.253
  CV: mean=0.0000, min=0.0000
  Feasibility: count=10, ratio=100.00%
  Max feasible destruct: 1.253
  Pareto front size: 8
  Budget ratio: mean=0.020, max=0.056
  Radial: mean_ratio=0.020, max_ratio=0.056, mean_score=0.981
  Sign: mean_ratio=0.298, max_ratio=0.999, mean_score=0.820
[MOS-Core] Gen 10/100:
  Stealth: mean=0.904, best=1.000
  Destructiveness: mean=0.653, best=1.259
  CV: mean=0.0000, min=0.0000
  Feasibility: count=10, ratio=100.00%
  Max feasible destruct: 1.259
  Pareto front size: 10
  Budget ratio: mean=0.023, max=0.068
  Radial: mean_ratio=0.023, max_ratio=0.068, mean_score=0.978
  Sign: mean_ratio=0.416, max_ratio=0.999, mean_score=0.755
[MOS-Core] Gen 20/100:
  Stealth: mean=0.885, best=1.000
  Destructiveness: mean=0.731, best=1.272
  CV: mean=0.0000, min=0.0000
  Feasibility: count=10, ratio=100.00%
  Max feasible destruct: 1.272
  Pareto front size: 10
  Budget ratio: mean=0.037, max=0.119
  Radial: mean_ratio=0.037, max_ratio=0.119, mean_score=0.965
  Sign: mean_ratio=0.494, max_ratio=0.999, mean_score=0.723
[MOS-Core] Gen 30/100:
  Stealth: mean=0.884, best=1.000
  Destructiveness: mean=0.731, best=1.282
  CV: mean=0.0000, min=0.0000
  Feasibility: count=10, ratio=100.00%
  Max feasible destruct: 1.282
  Pareto front size: 10
  Budget ratio: mean=0.038, max=0.136
  Radial: mean_ratio=0.038, max_ratio=0.136, mean_score=0.965
  Sign: mean_ratio=0.492, max_ratio=0.999, mean_score=0.723
[MOS-Core] Gen 40/100:
  Stealth: mean=0.882, best=1.000
  Destructiveness: mean=0.686, best=1.294
  CV: mean=0.0000, min=0.0000
  Feasibility: count=10, ratio=100.00%
  Max feasible destruct: 1.294
  Pareto front size: 10
  Budget ratio: mean=0.057, max=0.183
  Radial: mean_ratio=0.057, max_ratio=0.183, mean_score=0.949
  Sign: mean_ratio=0.439, max_ratio=0.995, mean_score=0.748
[MOS-Core] Gen 50/100:
  Stealth: mean=0.869, best=1.000
  Destructiveness: mean=0.738, best=1.308
  CV: mean=0.0000, min=0.0000
  Feasibility: count=10, ratio=100.00%
  Max feasible destruct: 1.308
  Pareto front size: 10
  Budget ratio: mean=0.065, max=0.237
  Radial: mean_ratio=0.065, max_ratio=0.237, mean_score=0.943
  Sign: mean_ratio=0.495, max_ratio=0.995, mean_score=0.720
[MOS-Core] Gen 60/100:
  Stealth: mean=0.866, best=1.000
  Destructiveness: mean=0.739, best=1.320
  CV: mean=0.0000, min=0.0000
  Feasibility: count=10, ratio=100.00%
  Max feasible destruct: 1.320
  Pareto front size: 10
  Budget ratio: mean=0.071, max=0.250
  Radial: mean_ratio=0.071, max_ratio=0.250, mean_score=0.938
  Sign: mean_ratio=0.496, max_ratio=0.993, mean_score=0.720
[MOS-Core] Gen 70/100:
  Stealth: mean=0.859, best=1.000
  Destructiveness: mean=0.744, best=1.328
  CV: mean=0.0000, min=0.0000
  Feasibility: count=10, ratio=100.00%
  Max feasible destruct: 1.328
  Pareto front size: 10
  Budget ratio: mean=0.087, max=0.289
  Radial: mean_ratio=0.087, max_ratio=0.289, mean_score=0.928
  Sign: mean_ratio=0.495, max_ratio=0.996, mean_score=0.721
[MOS-Core] Gen 80/100:
  Stealth: mean=0.845, best=1.000
  Destructiveness: mean=0.748, best=1.339
  CV: mean=0.0000, min=0.0000
  Feasibility: count=10, ratio=100.00%
  Max feasible destruct: 1.339
  Pareto front size: 10
  Budget ratio: mean=0.107, max=0.322
  Radial: mean_ratio=0.107, max_ratio=0.322, mean_score=0.910
  Sign: mean_ratio=0.509, max_ratio=0.989, mean_score=0.713
[MOS-Core] Gen 90/100:
  Stealth: mean=0.854, best=1.000
  Destructiveness: mean=0.743, best=1.344
  CV: mean=0.0000, min=0.0000
  Feasibility: count=10, ratio=100.00%
  Max feasible destruct: 1.344
  Pareto front size: 10
  Budget ratio: mean=0.089, max=0.283
  Radial: mean_ratio=0.089, max_ratio=0.283, mean_score=0.923
  Sign: mean_ratio=0.505, max_ratio=0.999, mean_score=0.714
[MOS-Core] Gen 100/100:
  Stealth: mean=0.845, best=1.000
  Destructiveness: mean=0.701, best=1.356
  CV: mean=0.0000, min=0.0000
  Feasibility: count=10, ratio=100.00%
  Max feasible destruct: 1.356
  Pareto front size: 10
  Budget ratio: mean=0.116, max=0.325
  Radial: mean_ratio=0.116, max_ratio=0.325, mean_score=0.903
  Sign: mean_ratio=0.488, max_ratio=0.998, mean_score=0.728

[MOS-Core] Selecting final solution...
[MOS-Core] Selection parameters:
  Lambda_s (stealth weight): 0.50
  Lambda_a (attack weight): 0.50
  Attack floor ratio: 0.1356

[MOS-Core] Feasibility summary:
  Feasible solutions: 10
  Feasible ratio: 100.00%
  Selection mode: feasible
  Min CV in front: 0.0000

[MOS-Core] Pareto front summary:
  Front size: 10
  Stealth range: [0.670, 1.000]
  Destructiveness range: [0.000, 1.356]
  CV range: [0.0000, 0.0000]
  Candidates after attack floor: 8

[MOS-Core] Selected solution (index=6):
[MOS-Core]   Constraint pass score (R): 0.857
[MOS-Core]   Destructiveness (A): 1.002
[MOS-Core]   Total CV: 0.0000
[MOS-Core]   Deviation norm: 1.0023
[MOS-Core]   Budget usage: 0.57%
[MOS-Core] selection_mode=balanced_knee
[MOS-Core] selected_budget_ratio=0.005658
[MOS-Core] selected_stealth=0.857406
[MOS-Core] selected_destructiveness=1.002243
[MOS-Core] selected_R=0.857406
[MOS-Core] selected_A=1.002243
[MOS-Core] selected_cv=0.000000
[MOS-Core] selected_CV=0.000000
[MOS-Core] selected_feasible=True
[MOS-Core] selected_guidance_alignment=1.000000
[MOS-Core] Per-constraint details:
[MOS-Core]   Radial: score=0.994, ratio=0.006, violation=0.000, loss=1.0023, threshold=177.1400
[MOS-Core]   Sign: score=0.583, ratio=0.714, violation=0.000, loss=1.1447, threshold=1.6035

[MOS-Core] Generating 6 malicious updates...
[MOS-Core] Template noise scale: 0.0001
[MOS-Core] Output norms: min=1.0023, mean=1.0023, max=1.0024
[MOS-Core] Attack completed successfully
============================================================

attack:mos_attack
defend:multi_krum
[FiniteAudit] round=22 defense=multi_krum selected_count=3 selected_malicious_count=3 selected_updates_finite=True selected_indices=[3, 0, 2]
[FiniteAudit] round=22 global_pre_finite=True benign_updates_finite=True malicious_updates_finite=True attack_budget_output_finite=True aggregate_input_finite=True aggregate_output_finite=True global_post_finite=True first_bad_stage=none rejected=False rollback=False
t  22: train_loss = 1.458, test_acc = 10.000
attack numbers = 6
[FiniteAudit] round=23 checkpoint_promoted_after_benign=True
current iteration attack ratio: 0.24

============================================================
[MOS-Core] Starting MOS-Attack
============================================================
[MOS-Core] Total parameters: 11,183,582
[MOS-Core] Benign clients: 19
[MOS-Core] Malicious slots: 6
[MOS-Core] Benign mean norm: 384.4709
[MOS-Core] Benign std (mean): 0.0009
[MOS-Core] ce_raw_norm=117336.8203125
[MOS-Core] cw_raw_norm=117336.8203125
[MOS-Core] ce_valid=True
[MOS-Core] cw_valid=True
[MOS-Core] ce_cw_cosine=0.9999998807907104
[MOS-Core] combined_pre_norm=0.9999999403953552
[MOS-Core] historical_direction_valid=True
[MOS-Core] historical_direction_norm=1.0022507905960083
[MOS-Core] guidance_history_cosine=0.9263456463813782
[MOS-Core] guidance_source=ce_cw_combined
[MOS-Core] guidance_fallback_used=False
[MOS-Core] final_guidance_norm=1.000000
[MOS-Core] Base radial threshold (q=0.95): 194.3705
[MOS-Core] Attack budget ratio: 1.0
[MOS-Core] current_budget=194.370468
[MOS-Core] current_budget_valid=True

[MOS-Core] Initializing constraints...
[MOS-Core] Enabled constraints: Radial, Sign
[MOS-Core] Radial weight: 1.0
[MOS-Core] Sign weight: 0.5, layer_reduce: quantile
[MOS-Core]   Radial threshold: 194.3705
[MOS-Core]   Sign threshold: 1.7536

[MOS-Core] Initializing population (size=10)...
[MOS-Core] constraint_mode=strict
[MOS-Core] objective_mode=dual
[MOS-Core] alpha_feasible=0.006912 boundary_width=7.62939e-06 refinements=13
[MOS-Boundary] alpha_feasible=0.006912 alpha_infeasible=0.006920 limiting_constraint=sign left=radial:ratio=0.00691223:score=0.993135:violation=0|sign:ratio=0.999931:score=0.500017:violation=0 right=radial:ratio=0.00691986:score=0.993128:violation=0|sign:ratio=1.00131:score=0.499672:violation=0.00131416
[MOS-Core] adaptive_guided_init=True alpha_feasible=0.006912 alpha_init=0.006912 scales=[0.0, 0.0013824462890625001, 0.0027648925781250003, 0.0041473388671875, 0.0055297851562500005, 0.0069122314453125]
[MOS-Core] Generated 6 scale-based seeds: [0.0, 0.0013824462890625001, 0.0027648925781250003, 0.0041473388671875, 0.0055297851562500005, 0.0069122314453125]
[MOS-Core] Historical seed injected at position 3
[MOS-Core] historical_raw_norm=1.002251
[MOS-Core] historical_direction_norm=1.000000
[MOS-Core] historical_seed_target_scale=97.185234
[MOS-Core] historical_seed_final_norm=97.185234
[MOS-Core] Generated 4 random candidates (noise_scale=0.1)
[MOS-Core] Initial population norms: min=0.0000, mean=26.9595, max=97.1852
[MOS-Core] Budget ratios: min=0.0000, mean=0.1387, max=0.5000
[MOS-Core] Clipped ratio: 0.00%
[MOS-Core] Historical seed used: True

[MOS-Core] Starting NSGA-II evolution...
[MOS-Core] Generations: 100
[MOS-Core] Population size: 10
[MOS-Core] SBX eta: 15.0, crossover_prob: 0.9
[MOS-Core] Mutation scale: 0.05
[MOS-Core] Gen 1/100:
  Stealth: mean=0.909, best=1.000
  Destructiveness: mean=0.671, best=1.345
  CV: mean=0.0010, min=0.0000
  Feasibility: count=9, ratio=90.00%
  Max feasible destruct: 1.344
  Pareto front size: 8
  Budget ratio: mean=0.018, max=0.039
  Radial: mean_ratio=0.018, max_ratio=0.039, mean_score=0.982
  Sign: mean_ratio=0.412, max_ratio=1.019, mean_score=0.762
[MOS-Core] Gen 10/100:
  Stealth: mean=0.886, best=1.000
  Destructiveness: mean=0.782, best=1.357
  CV: mean=0.0000, min=0.0000
  Feasibility: count=10, ratio=100.00%
  Max feasible destruct: 1.357
  Pareto front size: 10
  Budget ratio: mean=0.032, max=0.094
  Radial: mean_ratio=0.032, max_ratio=0.094, mean_score=0.970
  Sign: mean_ratio=0.500, max_ratio=1.000, mean_score=0.720
[MOS-Core] Gen 20/100:
  Stealth: mean=0.871, best=1.000
  Destructiveness: mean=0.812, best=1.367
  CV: mean=0.0000, min=0.0000
  Feasibility: count=10, ratio=100.00%
  Max feasible destruct: 1.367
  Pareto front size: 10
  Budget ratio: mean=0.054, max=0.141
  Radial: mean_ratio=0.054, max_ratio=0.141, mean_score=0.952
  Sign: mean_ratio=0.531, max_ratio=1.000, mean_score=0.709
[MOS-Core] Gen 30/100:
  Stealth: mean=0.865, best=1.000
  Destructiveness: mean=0.786, best=1.371
  CV: mean=0.0000, min=0.0000
  Feasibility: count=10, ratio=100.00%
  Max feasible destruct: 1.371
  Pareto front size: 10
  Budget ratio: mean=0.069, max=0.208
  Radial: mean_ratio=0.069, max_ratio=0.208, mean_score=0.939
  Sign: mean_ratio=0.506, max_ratio=1.000, mean_score=0.716
[MOS-Core] Gen 40/100:
  Stealth: mean=0.864, best=1.000
  Destructiveness: mean=0.787, best=1.377
  CV: mean=0.0000, min=0.0000
  Feasibility: count=10, ratio=100.00%
  Max feasible destruct: 1.377
  Pareto front size: 10
  Budget ratio: mean=0.071, max=0.243
  Radial: mean_ratio=0.071, max_ratio=0.243, mean_score=0.938
  Sign: mean_ratio=0.506, max_ratio=0.999, mean_score=0.716
[MOS-Core] Gen 50/100:
  Stealth: mean=0.842, best=1.000
  Destructiveness: mean=0.870, best=1.380
  CV: mean=0.0000, min=0.0000
  Feasibility: count=10, ratio=100.00%
  Max feasible destruct: 1.380
  Pareto front size: 10
  Budget ratio: mean=0.094, max=0.290
  Radial: mean_ratio=0.094, max_ratio=0.290, mean_score=0.920
  Sign: mean_ratio=0.576, max_ratio=0.996, mean_score=0.685
[MOS-Core] Gen 60/100:
  Stealth: mean=0.848, best=1.000
  Destructiveness: mean=0.793, best=1.390
  CV: mean=0.0000, min=0.0000
  Feasibility: count=10, ratio=100.00%
  Max feasible destruct: 1.390
  Pareto front size: 10
  Budget ratio: mean=0.100, max=0.276
  Radial: mean_ratio=0.100, max_ratio=0.276, mean_score=0.915
  Sign: mean_ratio=0.504, max_ratio=0.994, mean_score=0.714
[MOS-Core] Gen 70/100:
  Stealth: mean=0.848, best=1.000
  Destructiveness: mean=0.767, best=1.397
  CV: mean=0.0000, min=0.0000
  Feasibility: count=10, ratio=100.00%
  Max feasible destruct: 1.397
  Pareto front size: 10
  Budget ratio: mean=0.103, max=0.265
  Radial: mean_ratio=0.103, max_ratio=0.265, mean_score=0.912
  Sign: mean_ratio=0.491, max_ratio=0.994, mean_score=0.722
[MOS-Core] Gen 80/100:
  Stealth: mean=0.835, best=1.000
  Destructiveness: mean=0.878, best=1.409
  CV: mean=0.0000, min=0.0000
  Feasibility: count=10, ratio=100.00%
  Max feasible destruct: 1.409
  Pareto front size: 10
  Budget ratio: mean=0.106, max=0.304
  Radial: mean_ratio=0.106, max_ratio=0.304, mean_score=0.911
  Sign: mean_ratio=0.575, max_ratio=0.994, mean_score=0.683
[MOS-Core] Gen 90/100:
  Stealth: mean=0.847, best=1.000
  Destructiveness: mean=0.799, best=1.421
  CV: mean=0.0000, min=0.0000
  Feasibility: count=10, ratio=100.00%
  Max feasible destruct: 1.421
  Pareto front size: 10
  Budget ratio: mean=0.103, max=0.302
  Radial: mean_ratio=0.103, max_ratio=0.302, mean_score=0.914
  Sign: mean_ratio=0.504, max_ratio=0.994, mean_score=0.713
[MOS-Core] Gen 100/100:
  Stealth: mean=0.842, best=1.000
  Destructiveness: mean=0.774, best=1.433
  CV: mean=0.0000, min=0.0000
  Feasibility: count=10, ratio=100.00%
  Max feasible destruct: 1.433
  Pareto front size: 10
  Budget ratio: mean=0.113, max=0.313
  Radial: mean_ratio=0.113, max_ratio=0.313, mean_score=0.906
  Sign: mean_ratio=0.501, max_ratio=0.989, mean_score=0.715

[MOS-Core] Selecting final solution...
[MOS-Core] Selection parameters:
  Lambda_s (stealth weight): 0.50
  Lambda_a (attack weight): 0.50
  Attack floor ratio: 0.1433

[MOS-Core] Feasibility summary:
  Feasible solutions: 10
  Feasible ratio: 100.00%
  Selection mode: feasible
  Min CV in front: 0.0000

[MOS-Core] Pareto front summary:
  Front size: 10
  Stealth range: [0.675, 1.000]
  Destructiveness range: [0.000, 1.433]
  CV range: [0.0000, 0.0000]
  Candidates after attack floor: 8

[MOS-Core] Selected solution (index=3):
[MOS-Core]   Constraint pass score (R): 0.855
[MOS-Core]   Destructiveness (A): 1.075
[MOS-Core]   Total CV: 0.0000
[MOS-Core]   Deviation norm: 1.0748
[MOS-Core]   Budget usage: 0.55%
[MOS-Core] selection_mode=balanced_knee
[MOS-Core] selected_budget_ratio=0.005530
[MOS-Core] selected_stealth=0.854665
[MOS-Core] selected_destructiveness=1.074819
[MOS-Core] selected_R=0.854665
[MOS-Core] selected_A=1.074819
[MOS-Core] selected_cv=0.000000
[MOS-Core] selected_CV=0.000000
[MOS-Core] selected_feasible=True
[MOS-Core] selected_guidance_alignment=1.000000
[MOS-Core] Per-constraint details:
[MOS-Core]   Radial: score=0.995, ratio=0.006, violation=0.000, loss=1.0748, threshold=194.3705
[MOS-Core]   Sign: score=0.575, ratio=0.739, violation=0.000, loss=1.2962, threshold=1.7536

[MOS-Core] Generating 6 malicious updates...
[MOS-Core] Template noise scale: 0.0001
[MOS-Core] Output norms: min=1.0749, mean=1.0749, max=1.0750
[MOS-Core] Attack completed successfully
============================================================

attack:mos_attack
defend:multi_krum
[FiniteAudit] round=23 defense=multi_krum selected_count=3 selected_malicious_count=3 selected_updates_finite=True selected_indices=[3, 0, 5]
[FiniteAudit] round=23 global_pre_finite=True benign_updates_finite=True malicious_updates_finite=True attack_budget_output_finite=True aggregate_input_finite=True aggregate_output_finite=True global_post_finite=True first_bad_stage=none rejected=False rollback=False
t  23: train_loss = 1.416, test_acc = 10.010
attack numbers = 6
[FiniteAudit] round=24 checkpoint_promoted_after_benign=True
current iteration attack ratio: 0.24

============================================================
[MOS-Core] Starting MOS-Attack
============================================================
[MOS-Core] Total parameters: 11,183,582
[MOS-Core] Benign clients: 19
[MOS-Core] Malicious slots: 6
[MOS-Core] Benign mean norm: 541.8218
[MOS-Core] Benign std (mean): 0.0010
[MOS-Core] ce_raw_norm=187577.4375
[MOS-Core] cw_raw_norm=187577.4375
[MOS-Core] ce_valid=True
[MOS-Core] cw_valid=True
[MOS-Core] ce_cw_cosine=1.0
[MOS-Core] combined_pre_norm=1.0
[MOS-Core] historical_direction_valid=True
[MOS-Core] historical_direction_norm=1.074826955795288
[MOS-Core] guidance_history_cosine=0.9343206286430359
[MOS-Core] guidance_source=ce_cw_combined
[MOS-Core] guidance_fallback_used=False
[MOS-Core] final_guidance_norm=1.000000
[MOS-Core] Base radial threshold (q=0.95): 247.1795
[MOS-Core] Attack budget ratio: 1.0
[MOS-Core] current_budget=247.179535
[MOS-Core] current_budget_valid=True

[MOS-Core] Initializing constraints...
[MOS-Core] Enabled constraints: Radial, Sign
[MOS-Core] Radial weight: 1.0
[MOS-Core] Sign weight: 0.5, layer_reduce: quantile
[MOS-Core]   Radial threshold: 247.1795
[MOS-Core]   Sign threshold: 1.6840

[MOS-Core] Initializing population (size=10)...
[MOS-Core] constraint_mode=strict
[MOS-Core] objective_mode=dual
[MOS-Core] alpha_feasible=0.005257 boundary_width=7.62939e-06 refinements=13
[MOS-Boundary] alpha_feasible=0.005257 alpha_infeasible=0.005264 limiting_constraint=sign left=radial:ratio=0.00525665:score=0.994771:violation=0|sign:ratio=0.998695:score=0.500327:violation=0 right=radial:ratio=0.00526428:score=0.994763:violation=0|sign:ratio=1.00072:score=0.49982:violation=0.000721931
[MOS-Core] adaptive_guided_init=True alpha_feasible=0.005257 alpha_init=0.005257 scales=[0.0, 0.00105133056640625, 0.0021026611328125, 0.00315399169921875, 0.004205322265625, 0.00525665283203125]
[MOS-Core] Generated 6 scale-based seeds: [0.0, 0.00105133056640625, 0.0021026611328125, 0.00315399169921875, 0.004205322265625, 0.00525665283203125]
[MOS-Core] Historical seed injected at position 3
[MOS-Core] historical_raw_norm=1.074827
[MOS-Core] historical_direction_norm=1.000000
[MOS-Core] historical_seed_target_scale=123.589767
[MOS-Core] historical_seed_final_norm=123.589775
[MOS-Core] Generated 4 random candidates (noise_scale=0.1)
[MOS-Core] Initial population norms: min=0.0000, mean=67.6566, max=183.8544
[MOS-Core] Budget ratios: min=0.0000, mean=0.2737, max=0.7438
[MOS-Core] Clipped ratio: 0.00%
[MOS-Core] Historical seed used: True

[MOS-Core] Starting NSGA-II evolution...
[MOS-Core] Generations: 100
[MOS-Core] Population size: 10
[MOS-Core] SBX eta: 15.0, crossover_prob: 0.9
[MOS-Core] Mutation scale: 0.05
[MOS-Core] Gen 1/100:
  Stealth: mean=0.904, best=1.000
  Destructiveness: mean=0.527, best=1.299
  CV: mean=0.0290, min=0.0000
  Feasibility: count=9, ratio=90.00%
  Max feasible destruct: 1.299
  Pareto front size: 7
  Budget ratio: mean=0.014, max=0.028
  Radial: mean_ratio=0.014, max_ratio=0.028, mean_score=0.987
  Sign: mean_ratio=0.481, max_ratio=1.580, mean_score=0.739
[MOS-Core] Gen 10/100:
  Stealth: mean=0.901, best=1.000
  Destructiveness: mean=0.678, best=1.307
  CV: mean=0.0000, min=0.0000
  Feasibility: count=10, ratio=100.00%
  Max feasible destruct: 1.307
  Pareto front size: 10
  Budget ratio: mean=0.025, max=0.076
  Radial: mean_ratio=0.025, max_ratio=0.076, mean_score=0.976
  Sign: mean_ratio=0.423, max_ratio=0.999, mean_score=0.750
[MOS-Core] Gen 20/100:
  Stealth: mean=0.887, best=1.000
  Destructiveness: mean=0.757, best=1.317
  CV: mean=0.0000, min=0.0000
  Feasibility: count=10, ratio=100.00%
  Max feasible destruct: 1.317
  Pareto front size: 10
  Budget ratio: mean=0.030, max=0.087
  Radial: mean_ratio=0.030, max_ratio=0.087, mean_score=0.972
  Sign: mean_ratio=0.500, max_ratio=0.999, mean_score=0.718
[MOS-Core] Gen 30/100:
  Stealth: mean=0.882, best=1.000
  Destructiveness: mean=0.784, best=1.324
  CV: mean=0.0000, min=0.0000
  Feasibility: count=10, ratio=100.00%
  Max feasible destruct: 1.324
  Pareto front size: 10
  Budget ratio: mean=0.032, max=0.104
  Radial: mean_ratio=0.032, max_ratio=0.104, mean_score=0.970
  Sign: mean_ratio=0.517, max_ratio=0.999, mean_score=0.705
[MOS-Core] Gen 40/100:
  Stealth: mean=0.895, best=1.000
  Destructiveness: mean=0.681, best=1.337
  CV: mean=0.0000, min=0.0000
  Feasibility: count=10, ratio=100.00%
  Max feasible destruct: 1.337
  Pareto front size: 10
  Budget ratio: mean=0.033, max=0.124
  Radial: mean_ratio=0.033, max_ratio=0.124, mean_score=0.969
  Sign: mean_ratio=0.428, max_ratio=0.999, mean_score=0.747
[MOS-Core] Gen 50/100:
  Stealth: mean=0.864, best=1.000
  Destructiveness: mean=0.845, best=1.355
  CV: mean=0.0000, min=0.0000
  Feasibility: count=10, ratio=100.00%
  Max feasible destruct: 1.355
  Pareto front size: 10
  Budget ratio: mean=0.051, max=0.154
  Radial: mean_ratio=0.051, max_ratio=0.154, mean_score=0.954
  Sign: mean_ratio=0.578, max_ratio=0.999, mean_score=0.685
[MOS-Core] Gen 60/100:
  Stealth: mean=0.862, best=1.000
  Destructiveness: mean=0.797, best=1.375
  CV: mean=0.0000, min=0.0000
  Feasibility: count=10, ratio=100.00%
  Max feasible destruct: 1.375
  Pareto front size: 10
  Budget ratio: mean=0.067, max=0.178
  Radial: mean_ratio=0.067, max_ratio=0.178, mean_score=0.940
  Sign: mean_ratio=0.532, max_ratio=0.999, mean_score=0.705
[MOS-Core] Gen 70/100:
  Stealth: mean=0.856, best=1.000
  Destructiveness: mean=0.801, best=1.386
  CV: mean=0.0000, min=0.0000
  Feasibility: count=10, ratio=100.00%
  Max feasible destruct: 1.386
  Pareto front size: 10
  Budget ratio: mean=0.078, max=0.192
  Radial: mean_ratio=0.078, max_ratio=0.192, mean_score=0.931
  Sign: mean_ratio=0.533, max_ratio=1.000, mean_score=0.704
[MOS-Core] Gen 80/100:
  Stealth: mean=0.851, best=1.000
  Destructiveness: mean=0.780, best=1.402
  CV: mean=0.0000, min=0.0000
  Feasibility: count=10, ratio=100.00%
  Max feasible destruct: 1.402
  Pareto front size: 10
  Budget ratio: mean=0.086, max=0.200
  Radial: mean_ratio=0.086, max_ratio=0.200, mean_score=0.924
  Sign: mean_ratio=0.517, max_ratio=0.999, mean_score=0.704
[MOS-Core] Gen 90/100:
  Stealth: mean=0.867, best=1.000
  Destructiveness: mean=0.719, best=1.413
  CV: mean=0.0000, min=0.0000
  Feasibility: count=10, ratio=100.00%
  Max feasible destruct: 1.413
  Pareto front size: 10
  Budget ratio: mean=0.067, max=0.191
  Radial: mean_ratio=0.067, max_ratio=0.191, mean_score=0.940
  Sign: mean_ratio=0.492, max_ratio=0.995, mean_score=0.721
[MOS-Core] Gen 100/100:
  Stealth: mean=0.860, best=1.000
  Destructiveness: mean=0.722, best=1.428
  CV: mean=0.0000, min=0.0000
  Feasibility: count=10, ratio=100.00%
  Max feasible destruct: 1.428
  Pareto front size: 10
  Budget ratio: mean=0.079, max=0.211
  Radial: mean_ratio=0.079, max_ratio=0.211, mean_score=0.930
  Sign: mean_ratio=0.492, max_ratio=0.981, mean_score=0.721

[MOS-Core] Selecting final solution...
[MOS-Core] Selection parameters:
  Lambda_s (stealth weight): 0.50
  Lambda_a (attack weight): 0.50
  Attack floor ratio: 0.1428

[MOS-Core] Feasibility summary:
  Feasible solutions: 10
  Feasible ratio: 100.00%
  Selection mode: feasible
  Min CV in front: 0.0000

[MOS-Core] Pareto front summary:
  Front size: 10
  Stealth range: [0.719, 1.000]
  Destructiveness range: [0.000, 1.428]
  CV range: [0.0000, 0.0000]
  Candidates after attack floor: 8

[MOS-Core] Selected solution (index=5):
[MOS-Core]   Constraint pass score (R): 0.858
[MOS-Core]   Destructiveness (A): 1.039
[MOS-Core]   Total CV: 0.0000
[MOS-Core]   Deviation norm: 1.0395
[MOS-Core]   Budget usage: 0.42%
[MOS-Core] selection_mode=balanced_knee
[MOS-Core] selected_budget_ratio=0.004205
[MOS-Core] selected_stealth=0.857656
[MOS-Core] selected_destructiveness=1.039461
[MOS-Core] selected_R=0.857656
[MOS-Core] selected_A=1.039461
[MOS-Core] selected_cv=0.000000
[MOS-Core] selected_CV=0.000000
[MOS-Core] selected_feasible=True
[MOS-Core] selected_guidance_alignment=1.000000
[MOS-Core] Per-constraint details:
[MOS-Core]   Radial: score=0.996, ratio=0.004, violation=0.000, loss=1.0395, threshold=247.1795
[MOS-Core]   Sign: score=0.581, ratio=0.720, violation=0.000, loss=1.2128, threshold=1.6840

[MOS-Core] Generating 6 malicious updates...
[MOS-Core] Template noise scale: 0.0001
[MOS-Core] Output norms: min=1.0395, mean=1.0396, max=1.0397
[MOS-Core] Attack completed successfully
============================================================

attack:mos_attack
defend:multi_krum
[FiniteAudit] round=24 defense=multi_krum selected_count=3 selected_malicious_count=3 selected_updates_finite=True selected_indices=[4, 0, 2]
[FiniteAudit] round=24 global_pre_finite=True benign_updates_finite=True malicious_updates_finite=True attack_budget_output_finite=True aggregate_input_finite=True aggregate_output_finite=True global_post_finite=True first_bad_stage=none rejected=False rollback=False
t  24: train_loss = 1.425, test_acc = 10.000
attack numbers = 7
[FiniteAudit] round=25 checkpoint_promoted_after_benign=True
current iteration attack ratio: 0.28

============================================================
[MOS-Core] Starting MOS-Attack
============================================================
[MOS-Core] Total parameters: 11,183,582
[MOS-Core] Benign clients: 18
[MOS-Core] Malicious slots: 7
[MOS-Core] Benign mean norm: 689.0693
[MOS-Core] Benign std (mean): 0.0010
[MOS-Core] ce_raw_norm=406274.125
[MOS-Core] cw_raw_norm=406274.125
[MOS-Core] ce_valid=True
[MOS-Core] cw_valid=True
[MOS-Core] ce_cw_cosine=1.0000001192092896
[MOS-Core] combined_pre_norm=1.0
[MOS-Core] historical_direction_valid=True
[MOS-Core] historical_direction_norm=1.039469599723816
[MOS-Core] guidance_history_cosine=0.9147977232933044
[MOS-Core] guidance_source=ce_cw_combined
[MOS-Core] guidance_fallback_used=False
[MOS-Core] final_guidance_norm=1.000000
[MOS-Core] Base radial threshold (q=0.95): 232.8737
[MOS-Core] Attack budget ratio: 1.0
[MOS-Core] current_budget=232.873734
[MOS-Core] current_budget_valid=True

[MOS-Core] Initializing constraints...
[MOS-Core] Enabled constraints: Radial, Sign
[MOS-Core] Radial weight: 1.0
[MOS-Core] Sign weight: 0.5, layer_reduce: quantile
[MOS-Core]   Radial threshold: 232.8737
[MOS-Core]   Sign threshold: 1.6155

[MOS-Core] Initializing population (size=10)...
[MOS-Core] constraint_mode=strict
[MOS-Core] objective_mode=dual
[MOS-Core] alpha_feasible=0.005859 boundary_width=7.62939e-06 refinements=13
[MOS-Boundary] alpha_feasible=0.005859 alpha_infeasible=0.005867 limiting_constraint=sign left=radial:ratio=0.00585938:score=0.994175:violation=0|sign:ratio=0.999202:score=0.5002:violation=0 right=radial:ratio=0.005867:score=0.994167:violation=0|sign:ratio=1.00119:score=0.499703:violation=0.00119042
[MOS-Core] adaptive_guided_init=True alpha_feasible=0.005859 alpha_init=0.005859 scales=[0.0, 0.0011718750000000002, 0.0023437500000000003, 0.0035156249999999997, 0.004687500000000001, 0.005859375]
[MOS-Core] Generated 6 scale-based seeds: [0.0, 0.0011718750000000002, 0.0023437500000000003, 0.0035156249999999997, 0.004687500000000001, 0.005859375]
[MOS-Core] Historical seed injected at position 3
[MOS-Core] historical_raw_norm=1.039470
[MOS-Core] historical_direction_norm=1.000000
[MOS-Core] historical_seed_target_scale=116.436867
[MOS-Core] historical_seed_final_norm=116.436867
[MOS-Core] Generated 4 random candidates (noise_scale=0.1)
[MOS-Core] Initial population norms: min=0.0000, mean=60.5379, max=196.0140
[MOS-Core] Budget ratios: min=0.0000, mean=0.2600, max=0.8417
[MOS-Core] Clipped ratio: 0.00%
[MOS-Core] Historical seed used: True

[MOS-Core] Starting NSGA-II evolution...
[MOS-Core] Generations: 100
[MOS-Core] Population size: 10
[MOS-Core] SBX eta: 15.0, crossover_prob: 0.9
[MOS-Core] Mutation scale: 0.05
[MOS-Core] Gen 1/100:
  Stealth: mean=0.900, best=1.000
  Destructiveness: mean=0.737, best=1.365
  CV: mean=0.0000, min=0.0000
  Feasibility: count=10, ratio=100.00%
  Max feasible destruct: 1.365
  Pareto front size: 8
  Budget ratio: mean=0.016, max=0.036
  Radial: mean_ratio=0.016, max_ratio=0.036, mean_score=0.984
  Sign: mean_ratio=0.464, max_ratio=0.999, mean_score=0.731
[MOS-Core] Gen 10/100:
  Stealth: mean=0.900, best=1.000
  Destructiveness: mean=0.685, best=1.382
  CV: mean=0.0000, min=0.0000
  Feasibility: count=10, ratio=100.00%
  Max feasible destruct: 1.382
  Pareto front size: 10
  Budget ratio: mean=0.032, max=0.082
  Radial: mean_ratio=0.032, max_ratio=0.082, mean_score=0.970
  Sign: mean_ratio=0.403, max_ratio=0.999, mean_score=0.762
[MOS-Core] Gen 20/100:
  Stealth: mean=0.889, best=1.000
  Destructiveness: mean=0.715, best=1.392
  CV: mean=0.0000, min=0.0000
  Feasibility: count=10, ratio=100.00%
  Max feasible destruct: 1.392
  Pareto front size: 10
  Budget ratio: mean=0.045, max=0.115
  Radial: mean_ratio=0.045, max_ratio=0.115, mean_score=0.959
  Sign: mean_ratio=0.419, max_ratio=1.000, mean_score=0.750
[MOS-Core] Gen 30/100:
  Stealth: mean=0.879, best=1.000
  Destructiveness: mean=0.800, best=1.407
  CV: mean=0.0000, min=0.0000
  Feasibility: count=10, ratio=100.00%
  Max feasible destruct: 1.407
  Pareto front size: 10
  Budget ratio: mean=0.044, max=0.134
  Radial: mean_ratio=0.044, max_ratio=0.134, mean_score=0.960
  Sign: mean_ratio=0.500, max_ratio=1.000, mean_score=0.717
[MOS-Core] Gen 40/100:
  Stealth: mean=0.881, best=1.000
  Destructiveness: mean=0.798, best=1.414
  CV: mean=0.0000, min=0.0000
  Feasibility: count=10, ratio=100.00%
  Max feasible destruct: 1.414
  Pareto front size: 10
  Budget ratio: mean=0.040, max=0.146
  Radial: mean_ratio=0.040, max_ratio=0.146, mean_score=0.964
  Sign: mean_ratio=0.501, max_ratio=0.999, mean_score=0.716
[MOS-Core] Gen 50/100:
  Stealth: mean=0.858, best=1.000
  Destructiveness: mean=0.886, best=1.419
  CV: mean=0.0000, min=0.0000
  Feasibility: count=10, ratio=100.00%
  Max feasible destruct: 1.419
  Pareto front size: 10
  Budget ratio: mean=0.062, max=0.163
  Radial: mean_ratio=0.062, max_ratio=0.163, mean_score=0.944
  Sign: mean_ratio=0.576, max_ratio=0.999, mean_score=0.685
[MOS-Core] Gen 60/100:
  Stealth: mean=0.863, best=1.000
  Destructiveness: mean=0.806, best=1.428
  CV: mean=0.0000, min=0.0000
  Feasibility: count=10, ratio=100.00%
  Max feasible destruct: 1.428
  Pareto front size: 10
  Budget ratio: mean=0.068, max=0.168
  Radial: mean_ratio=0.068, max_ratio=0.168, mean_score=0.939
  Sign: mean_ratio=0.510, max_ratio=0.999, mean_score=0.712
[MOS-Core] Gen 70/100:
  Stealth: mean=0.878, best=1.000
  Destructiveness: mean=0.694, best=1.433
  CV: mean=0.0000, min=0.0000
  Feasibility: count=10, ratio=100.00%
  Max feasible destruct: 1.433
  Pareto front size: 10
  Budget ratio: mean=0.068, max=0.158
  Radial: mean_ratio=0.068, max_ratio=0.158, mean_score=0.939
  Sign: mean_ratio=0.412, max_ratio=0.975, mean_score=0.756
[MOS-Core] Gen 80/100:
  Stealth: mean=0.875, best=1.000
  Destructiveness: mean=0.696, best=1.443
  CV: mean=0.0000, min=0.0000
  Feasibility: count=10, ratio=100.00%
  Max feasible destruct: 1.443
  Pareto front size: 10
  Budget ratio: mean=0.073, max=0.188
  Radial: mean_ratio=0.073, max_ratio=0.188, mean_score=0.934
  Sign: mean_ratio=0.408, max_ratio=0.989, mean_score=0.757
[MOS-Core] Gen 90/100:
  Stealth: mean=0.854, best=1.000
  Destructiveness: mean=0.759, best=1.456
  CV: mean=0.0000, min=0.0000
  Feasibility: count=10, ratio=100.00%
  Max feasible destruct: 1.456
  Pareto front size: 10
  Budget ratio: mean=0.099, max=0.218
  Radial: mean_ratio=0.099, max_ratio=0.218, mean_score=0.915
  Sign: mean_ratio=0.458, max_ratio=0.993, mean_score=0.733
[MOS-Core] Gen 100/100:
  Stealth: mean=0.851, best=1.000
  Destructiveness: mean=0.762, best=1.471
  CV: mean=0.0000, min=0.0000
  Feasibility: count=10, ratio=100.00%
  Max feasible destruct: 1.471
  Pareto front size: 10
  Budget ratio: mean=0.105, max=0.231
  Radial: mean_ratio=0.105, max_ratio=0.231, mean_score=0.910
  Sign: mean_ratio=0.462, max_ratio=0.992, mean_score=0.731

[MOS-Core] Selecting final solution...
[MOS-Core] Selection parameters:
  Lambda_s (stealth weight): 0.50
  Lambda_a (attack weight): 0.50
  Attack floor ratio: 0.1471

[MOS-Core] Feasibility summary:
  Feasible solutions: 10
  Feasible ratio: 100.00%
  Selection mode: feasible
  Min CV in front: 0.0000

[MOS-Core] Pareto front summary:
  Front size: 10
  Stealth range: [0.709, 1.000]
  Destructiveness range: [0.000, 1.471]
  CV range: [0.0000, 0.0000]
  Candidates after attack floor: 9

[MOS-Core] Selected solution (index=3):
[MOS-Core]   Constraint pass score (R): 0.860
[MOS-Core]   Destructiveness (A): 1.092
[MOS-Core]   Total CV: 0.0000
[MOS-Core]   Deviation norm: 1.0916
[MOS-Core]   Budget usage: 0.47%
[MOS-Core] selection_mode=balanced_knee
[MOS-Core] selected_budget_ratio=0.004688
[MOS-Core] selected_stealth=0.860038
[MOS-Core] selected_destructiveness=1.091586
[MOS-Core] selected_R=0.860038
[MOS-Core] selected_A=1.091586
[MOS-Core] selected_cv=0.000000
[MOS-Core] selected_CV=0.000000
[MOS-Core] selected_feasible=True
[MOS-Core] selected_guidance_alignment=1.000000
[MOS-Core] Per-constraint details:
[MOS-Core]   Radial: score=0.995, ratio=0.005, violation=0.000, loss=1.0916, threshold=232.8737
[MOS-Core]   Sign: score=0.589, ratio=0.697, violation=0.000, loss=1.1252, threshold=1.6155

[MOS-Core] Generating 7 malicious updates...
[MOS-Core] Template noise scale: 0.0001
[MOS-Core] Output norms: min=1.0917, mean=1.0917, max=1.0917
[MOS-Core] Attack completed successfully
============================================================

attack:mos_attack
defend:multi_krum
[FiniteAudit] round=25 defense=multi_krum selected_count=3 selected_malicious_count=3 selected_updates_finite=True selected_indices=[5, 2, 0]
[FiniteAudit] round=25 global_pre_finite=True benign_updates_finite=True malicious_updates_finite=True attack_budget_output_finite=True aggregate_input_finite=True aggregate_output_finite=True global_post_finite=True first_bad_stage=none rejected=False rollback=False
t  25: train_loss = 1.410, test_acc = 10.010
attack numbers = 6
[FiniteAudit] round=26 checkpoint_promoted_after_benign=True
current iteration attack ratio: 0.24

============================================================
[MOS-Core] Starting MOS-Attack
============================================================
[MOS-Core] Total parameters: 11,183,582
[MOS-Core] Benign clients: 19
[MOS-Core] Malicious slots: 6
[MOS-Core] Benign mean norm: 591.2198
[MOS-Core] Benign std (mean): 0.0010
[MOS-Core] ce_raw_norm=843617.5625
[MOS-Core] cw_raw_norm=843617.5625
[MOS-Core] ce_valid=True
[MOS-Core] cw_valid=True
[MOS-Core] ce_cw_cosine=0.9999998807907104
[MOS-Core] combined_pre_norm=1.0
[MOS-Core] historical_direction_valid=True
[MOS-Core] historical_direction_norm=1.0915956497192383
[MOS-Core] guidance_history_cosine=0.9140788316726685
[MOS-Core] guidance_source=ce_cw_combined
[MOS-Core] guidance_fallback_used=False
[MOS-Core] final_guidance_norm=1.000000
[MOS-Core] Base radial threshold (q=0.95): 296.7150
[MOS-Core] Attack budget ratio: 1.0
[MOS-Core] current_budget=296.714996
[MOS-Core] current_budget_valid=True

[MOS-Core] Initializing constraints...
[MOS-Core] Enabled constraints: Radial, Sign
[MOS-Core] Radial weight: 1.0
[MOS-Core] Sign weight: 0.5, layer_reduce: quantile
[MOS-Core]   Radial threshold: 296.7150
[MOS-Core]   Sign threshold: 1.8546

[MOS-Core] Initializing population (size=10)...
[MOS-Core] constraint_mode=strict
[MOS-Core] objective_mode=dual
[MOS-Core] alpha_feasible=0.004143 boundary_width=7.62939e-06 refinements=13
[MOS-Boundary] alpha_feasible=0.004143 alpha_infeasible=0.004150 limiting_constraint=sign left=radial:ratio=0.00414276:score=0.995874:violation=0|sign:ratio=0.99991:score=0.500023:violation=0 right=radial:ratio=0.00415039:score=0.995867:violation=0|sign:ratio=1.00245:score=0.499389:violation=0.00244594
[MOS-Core] adaptive_guided_init=True alpha_feasible=0.004143 alpha_init=0.004143 scales=[0.0, 0.0008285522460937501, 0.0016571044921875001, 0.00248565673828125, 0.0033142089843750003, 0.00414276123046875]
[MOS-Core] Generated 6 scale-based seeds: [0.0, 0.0008285522460937501, 0.0016571044921875001, 0.00248565673828125, 0.0033142089843750003, 0.00414276123046875]
[MOS-Core] Historical seed injected at position 3
[MOS-Core] historical_raw_norm=1.091596
[MOS-Core] historical_direction_norm=1.000000
[MOS-Core] historical_seed_target_scale=148.357498
[MOS-Core] historical_seed_final_norm=148.357498
[MOS-Core] Generated 4 random candidates (noise_scale=0.1)
[MOS-Core] Initial population norms: min=0.0000, mean=81.0457, max=281.1361
[MOS-Core] Budget ratios: min=0.0000, mean=0.2731, max=0.9475
[MOS-Core] Clipped ratio: 0.00%
[MOS-Core] Historical seed used: True

[MOS-Core] Starting NSGA-II evolution...
[MOS-Core] Generations: 100
[MOS-Core] Population size: 10
[MOS-Core] SBX eta: 15.0, crossover_prob: 0.9
[MOS-Core] Mutation scale: 0.05
[MOS-Core] Gen 1/100:
  Stealth: mean=0.875, best=1.000
  Destructiveness: mean=0.604, best=1.229
  CV: mean=0.2135, min=0.0000
  Feasibility: count=8, ratio=80.00%
  Max feasible destruct: 1.229
  Pareto front size: 7
  Budget ratio: mean=0.016, max=0.042
  Radial: mean_ratio=0.016, max_ratio=0.042, mean_score=0.985
  Sign: mean_ratio=0.990, max_ratio=5.264, mean_score=0.656
[MOS-Core] Gen 10/100:
  Stealth: mean=0.889, best=1.000
  Destructiveness: mean=0.715, best=1.240
  CV: mean=0.0000, min=0.0000
  Feasibility: count=10, ratio=100.00%
  Max feasible destruct: 1.240
  Pareto front size: 10
  Budget ratio: mean=0.025, max=0.106
  Radial: mean_ratio=0.025, max_ratio=0.106, mean_score=0.976
  Sign: mean_ratio=0.511, max_ratio=1.000, mean_score=0.714
[MOS-Core] Gen 20/100:
  Stealth: mean=0.885, best=1.000
  Destructiveness: mean=0.717, best=1.252
  CV: mean=0.0000, min=0.0000
  Feasibility: count=10, ratio=100.00%
  Max feasible destruct: 1.252
  Pareto front size: 10
  Budget ratio: mean=0.032, max=0.123
  Radial: mean_ratio=0.032, max_ratio=0.123, mean_score=0.971
  Sign: mean_ratio=0.513, max_ratio=1.000, mean_score=0.713
[MOS-Core] Gen 30/100:
  Stealth: mean=0.878, best=1.000
  Destructiveness: mean=0.719, best=1.261
  CV: mean=0.0000, min=0.0000
  Feasibility: count=10, ratio=100.00%
  Max feasible destruct: 1.261
  Pareto front size: 10
  Budget ratio: mean=0.044, max=0.183
  Radial: mean_ratio=0.044, max_ratio=0.183, mean_score=0.960
  Sign: mean_ratio=0.508, max_ratio=1.000, mean_score=0.714
[MOS-Core] Gen 40/100:
  Stealth: mean=0.874, best=1.000
  Destructiveness: mean=0.719, best=1.266
  CV: mean=0.0000, min=0.0000
  Feasibility: count=10, ratio=100.00%
  Max feasible destruct: 1.266
  Pareto front size: 10
  Budget ratio: mean=0.050, max=0.146
  Radial: mean_ratio=0.050, max_ratio=0.146, mean_score=0.954
  Sign: mean_ratio=0.510, max_ratio=1.000, mean_score=0.714
[MOS-Core] Gen 50/100:
  Stealth: mean=0.862, best=1.000
  Destructiveness: mean=0.750, best=1.276
  CV: mean=0.0000, min=0.0000
  Feasibility: count=10, ratio=100.00%
  Max feasible destruct: 1.276
  Pareto front size: 10
  Budget ratio: mean=0.066, max=0.180
  Radial: mean_ratio=0.066, max_ratio=0.180, mean_score=0.941
  Sign: mean_ratio=0.536, max_ratio=1.000, mean_score=0.704
[MOS-Core] Gen 60/100:
  Stealth: mean=0.865, best=1.000
  Destructiveness: mean=0.726, best=1.285
  CV: mean=0.0000, min=0.0000
  Feasibility: count=10, ratio=100.00%
  Max feasible destruct: 1.285
  Pareto front size: 10
  Budget ratio: mean=0.070, max=0.250
  Radial: mean_ratio=0.070, max_ratio=0.250, mean_score=0.940
  Sign: mean_ratio=0.508, max_ratio=0.993, mean_score=0.715
[MOS-Core] Gen 70/100:
  Stealth: mean=0.861, best=1.000
  Destructiveness: mean=0.728, best=1.294
  CV: mean=0.0000, min=0.0000
  Feasibility: count=10, ratio=100.00%
  Max feasible destruct: 1.294
  Pareto front size: 10
  Budget ratio: mean=0.075, max=0.240
  Radial: mean_ratio=0.075, max_ratio=0.240, mean_score=0.935
  Sign: mean_ratio=0.514, max_ratio=0.999, mean_score=0.713
[MOS-Core] Gen 80/100:
  Stealth: mean=0.859, best=1.000
  Destructiveness: mean=0.728, best=1.298
  CV: mean=0.0000, min=0.0000
  Feasibility: count=10, ratio=100.00%
  Max feasible destruct: 1.298
  Pareto front size: 10
  Budget ratio: mean=0.077, max=0.254
  Radial: mean_ratio=0.077, max_ratio=0.254, mean_score=0.933
  Sign: mean_ratio=0.515, max_ratio=0.996, mean_score=0.712
[MOS-Core] Gen 90/100:
  Stealth: mean=0.856, best=1.000
  Destructiveness: mean=0.730, best=1.305
  CV: mean=0.0000, min=0.0000
  Feasibility: count=10, ratio=100.00%
  Max feasible destruct: 1.305
  Pareto front size: 10
  Budget ratio: mean=0.083, max=0.310
  Radial: mean_ratio=0.083, max_ratio=0.310, mean_score=0.929
  Sign: mean_ratio=0.516, max_ratio=0.993, mean_score=0.710
[MOS-Core] Gen 100/100:
  Stealth: mean=0.856, best=1.000
  Destructiveness: mean=0.732, best=1.316
  CV: mean=0.0000, min=0.0000
  Feasibility: count=10, ratio=100.00%
  Max feasible destruct: 1.316
  Pareto front size: 10
  Budget ratio: mean=0.082, max=0.301
  Radial: mean_ratio=0.082, max_ratio=0.301, mean_score=0.929
  Sign: mean_ratio=0.517, max_ratio=0.999, mean_score=0.709

[MOS-Core] Selecting final solution...
[MOS-Core] Selection parameters:
  Lambda_s (stealth weight): 0.50
  Lambda_a (attack weight): 0.50
  Attack floor ratio: 0.1316

[MOS-Core] Feasibility summary:
  Feasible solutions: 10
  Feasible ratio: 100.00%
  Selection mode: feasible
  Min CV in front: 0.0000

[MOS-Core] Pareto front summary:
  Front size: 10
  Stealth range: [0.679, 1.000]
  Destructiveness range: [0.000, 1.316]
  CV range: [0.0000, 0.0000]
  Candidates after attack floor: 9

[MOS-Core] Selected solution (index=6):
[MOS-Core]   Constraint pass score (R): 0.855
[MOS-Core]   Destructiveness (A): 0.983
[MOS-Core]   Total CV: 0.0000
[MOS-Core]   Deviation norm: 0.9834
[MOS-Core]   Budget usage: 0.33%
[MOS-Core] selection_mode=balanced_knee
[MOS-Core] selected_budget_ratio=0.003314
[MOS-Core] selected_stealth=0.854915
[MOS-Core] selected_destructiveness=0.983366
[MOS-Core] selected_R=0.854915
[MOS-Core] selected_A=0.983366
[MOS-Core] selected_cv=0.000000
[MOS-Core] selected_CV=0.000000
[MOS-Core] selected_feasible=True
[MOS-Core] selected_guidance_alignment=1.000000
[MOS-Core] Per-constraint details:
[MOS-Core]   Radial: score=0.997, ratio=0.003, violation=0.000, loss=0.9834, threshold=296.7150
[MOS-Core]   Sign: score=0.571, ratio=0.750, violation=0.000, loss=1.3914, threshold=1.8546

[MOS-Core] Generating 6 malicious updates...
[MOS-Core] Template noise scale: 0.0001
[MOS-Core] Output norms: min=0.9834, mean=0.9835, max=0.9837
[MOS-Core] Attack completed successfully
============================================================

attack:mos_attack
defend:multi_krum
[FiniteAudit] round=26 defense=multi_krum selected_count=3 selected_malicious_count=3 selected_updates_finite=True selected_indices=[4, 1, 3]
[FiniteAudit] round=26 global_pre_finite=True benign_updates_finite=True malicious_updates_finite=True attack_budget_output_finite=True aggregate_input_finite=True aggregate_output_finite=True global_post_finite=True first_bad_stage=none rejected=False rollback=False
t  26: train_loss = 1.409, test_acc = 10.110
attack numbers = 7
[FiniteAudit] round=27 checkpoint_promoted_after_benign=True
current iteration attack ratio: 0.28

============================================================
[MOS-Core] Starting MOS-Attack
============================================================
[MOS-Core] Total parameters: 11,183,582
[MOS-Core] Benign clients: 18
[MOS-Core] Malicious slots: 7
[MOS-Core] Benign mean norm: 721.2769
[MOS-Core] Benign std (mean): 0.0011
[MOS-Core] ce_raw_norm=1260719.25
[MOS-Core] cw_raw_norm=1260719.25
[MOS-Core] ce_valid=True
[MOS-Core] cw_valid=True
[MOS-Core] ce_cw_cosine=1.0
[MOS-Core] combined_pre_norm=0.9999999403953552
[MOS-Core] historical_direction_valid=True
[MOS-Core] historical_direction_norm=0.9833754301071167
[MOS-Core] guidance_history_cosine=0.9282519817352295
[MOS-Core] guidance_source=ce_cw_combined
[MOS-Core] guidance_fallback_used=False
[MOS-Core] final_guidance_norm=1.000000
[MOS-Core] Base radial threshold (q=0.95): 397.9246
[MOS-Core] Attack budget ratio: 1.0
[MOS-Core] current_budget=397.924591
[MOS-Core] current_budget_valid=True

[MOS-Core] Initializing constraints...
[MOS-Core] Enabled constraints: Radial, Sign
[MOS-Core] Radial weight: 1.0
[MOS-Core] Sign weight: 0.5, layer_reduce: quantile
[MOS-Core]   Radial threshold: 397.9246
[MOS-Core]   Sign threshold: 1.5932

[MOS-Core] Initializing population (size=10)...
[MOS-Core] constraint_mode=strict
[MOS-Core] objective_mode=dual
[MOS-Core] alpha_feasible=0.002914 boundary_width=7.62939e-06 refinements=13
[MOS-Boundary] alpha_feasible=0.002914 alpha_infeasible=0.002922 limiting_constraint=sign left=radial:ratio=0.00291443:score=0.997094:violation=0|sign:ratio=0.998028:score=0.500493:violation=0 right=radial:ratio=0.00292206:score=0.997086:violation=0|sign:ratio=1.002:score=0.4995:violation=0.00200057
[MOS-Core] adaptive_guided_init=True alpha_feasible=0.002914 alpha_init=0.002914 scales=[0.0, 0.0005828857421875, 0.001165771484375, 0.0017486572265625, 0.00233154296875, 0.0029144287109375]
[MOS-Core] Generated 6 scale-based seeds: [0.0, 0.0005828857421875, 0.001165771484375, 0.0017486572265625, 0.00233154296875, 0.0029144287109375]
[MOS-Core] Historical seed injected at position 3
[MOS-Core] historical_raw_norm=0.983375
[MOS-Core] historical_direction_norm=1.000000
[MOS-Core] historical_seed_target_scale=198.962296
[MOS-Core] historical_seed_final_norm=198.962311
[MOS-Core] Generated 4 random candidates (noise_scale=0.1)
[MOS-Core] Initial population norms: min=0.0000, mean=62.0025, max=324.7901
[MOS-Core] Budget ratios: min=0.0000, mean=0.1558, max=0.8162
[MOS-Core] Clipped ratio: 0.00%
[MOS-Core] Historical seed used: True

[MOS-Core] Starting NSGA-II evolution...
[MOS-Core] Generations: 100
[MOS-Core] Population size: 10
[MOS-Core] SBX eta: 15.0, crossover_prob: 0.9
[MOS-Core] Mutation scale: 0.05
[MOS-Core] Gen 1/100:
  Stealth: mean=0.878, best=1.000
  Destructiveness: mean=0.390, best=1.160
  CV: mean=0.6557, min=0.0000
  Feasibility: count=8, ratio=80.00%
  Max feasible destruct: 1.160
  Pareto front size: 6
  Budget ratio: mean=0.016, max=0.045
  Radial: mean_ratio=0.016, max_ratio=0.045, mean_score=0.984
  Sign: mean_ratio=1.765, max_ratio=9.912, mean_score=0.665
[MOS-Core] Gen 10/100:
  Stealth: mean=0.907, best=1.000
  Destructiveness: mean=0.581, best=1.170
  CV: mean=0.0000, min=0.0000
  Feasibility: count=10, ratio=100.00%
  Max feasible destruct: 1.170
  Pareto front size: 10
  Budget ratio: mean=0.020, max=0.076
  Radial: mean_ratio=0.020, max_ratio=0.076, mean_score=0.981
  Sign: mean_ratio=0.427, max_ratio=0.998, mean_score=0.759
[MOS-Core] Gen 20/100:
  Stealth: mean=0.900, best=1.000
  Destructiveness: mean=0.584, best=1.178
  CV: mean=0.0000, min=0.0000
  Feasibility: count=10, ratio=100.00%
  Max feasible destruct: 1.178
  Pareto front size: 10
  Budget ratio: mean=0.032, max=0.109
  Radial: mean_ratio=0.032, max_ratio=0.109, mean_score=0.971
  Sign: mean_ratio=0.427, max_ratio=1.000, mean_score=0.759
[MOS-Core] Gen 30/100:
  Stealth: mean=0.890, best=1.000
  Destructiveness: mean=0.608, best=1.190
  CV: mean=0.0000, min=0.0000
  Feasibility: count=10, ratio=100.00%
  Max feasible destruct: 1.190
  Pareto front size: 10
  Budget ratio: mean=0.042, max=0.126
  Radial: mean_ratio=0.042, max_ratio=0.126, mean_score=0.961
  Sign: mean_ratio=0.426, max_ratio=0.995, mean_score=0.747
[MOS-Core] Gen 40/100:
  Stealth: mean=0.896, best=1.000
  Destructiveness: mean=0.540, best=1.195
  CV: mean=0.0000, min=0.0000
  Feasibility: count=10, ratio=100.00%
  Max feasible destruct: 1.195
  Pareto front size: 10
  Budget ratio: mean=0.048, max=0.116
  Radial: mean_ratio=0.048, max_ratio=0.116, mean_score=0.956
  Sign: mean_ratio=0.355, max_ratio=0.986, mean_score=0.776
[MOS-Core] Gen 50/100:
  Stealth: mean=0.889, best=1.000
  Destructiveness: mean=0.614, best=1.203
  CV: mean=0.0000, min=0.0000
  Feasibility: count=10, ratio=100.00%
  Max feasible destruct: 1.203
  Pareto front size: 10
  Budget ratio: mean=0.045, max=0.114
  Radial: mean_ratio=0.045, max_ratio=0.114, mean_score=0.959
  Sign: mean_ratio=0.426, max_ratio=0.995, mean_score=0.748
[MOS-Core] Gen 60/100:
  Stealth: mean=0.872, best=1.000
  Destructiveness: mean=0.685, best=1.210
  CV: mean=0.0000, min=0.0000
  Feasibility: count=10, ratio=100.00%
  Max feasible destruct: 1.210
  Pareto front size: 10
  Budget ratio: mean=0.051, max=0.127
  Radial: mean_ratio=0.051, max_ratio=0.127, mean_score=0.953
  Sign: mean_ratio=0.493, max_ratio=0.982, mean_score=0.711
[MOS-Core] Gen 70/100:
  Stealth: mean=0.889, best=1.000
  Destructiveness: mean=0.615, best=1.219
  CV: mean=0.0000, min=0.0000
  Feasibility: count=10, ratio=100.00%
  Max feasible destruct: 1.219
  Pareto front size: 10
  Budget ratio: mean=0.046, max=0.150
  Radial: mean_ratio=0.046, max_ratio=0.150, mean_score=0.959
  Sign: mean_ratio=0.421, max_ratio=0.995, mean_score=0.749
[MOS-Core] Gen 80/100:
  Stealth: mean=0.886, best=1.000
  Destructiveness: mean=0.617, best=1.226
  CV: mean=0.0000, min=0.0000
  Feasibility: count=10, ratio=100.00%
  Max feasible destruct: 1.226
  Pareto front size: 10
  Budget ratio: mean=0.050, max=0.169
  Radial: mean_ratio=0.050, max_ratio=0.169, mean_score=0.955
  Sign: mean_ratio=0.422, max_ratio=0.991, mean_score=0.748
[MOS-Core] Gen 90/100:
  Stealth: mean=0.883, best=1.000
  Destructiveness: mean=0.618, best=1.236
  CV: mean=0.0000, min=0.0000
  Feasibility: count=10, ratio=100.00%
  Max feasible destruct: 1.236
  Pareto front size: 10
  Budget ratio: mean=0.054, max=0.178
  Radial: mean_ratio=0.054, max_ratio=0.178, mean_score=0.952
  Sign: mean_ratio=0.426, max_ratio=0.998, mean_score=0.747
[MOS-Core] Gen 100/100:
  Stealth: mean=0.881, best=1.000
  Destructiveness: mean=0.620, best=1.241
  CV: mean=0.0000, min=0.0000
  Feasibility: count=10, ratio=100.00%
  Max feasible destruct: 1.241
  Pareto front size: 10
  Budget ratio: mean=0.057, max=0.187
  Radial: mean_ratio=0.057, max_ratio=0.187, mean_score=0.949
  Sign: mean_ratio=0.433, max_ratio=0.999, mean_score=0.744

[MOS-Core] Selecting final solution...
[MOS-Core] Selection parameters:
  Lambda_s (stealth weight): 0.50
  Lambda_a (attack weight): 0.50
  Attack floor ratio: 0.1241

[MOS-Core] Feasibility summary:
  Feasible solutions: 10
  Feasible ratio: 100.00%
  Selection mode: feasible
  Min CV in front: 0.0000

[MOS-Core] Pareto front summary:
  Front size: 10
  Stealth range: [0.728, 1.000]
  Destructiveness range: [0.000, 1.241]
  CV range: [0.0000, 0.0000]
  Candidates after attack floor: 9

[MOS-Core] Selected solution (index=3):
[MOS-Core]   Constraint pass score (R): 0.860
[MOS-Core]   Destructiveness (A): 0.928
[MOS-Core]   Total CV: 0.0000
[MOS-Core]   Deviation norm: 0.9278
[MOS-Core]   Budget usage: 0.23%
[MOS-Core] selection_mode=balanced_knee
[MOS-Core] selected_budget_ratio=0.002332
[MOS-Core] selected_stealth=0.860182
[MOS-Core] selected_destructiveness=0.927769
[MOS-Core] selected_R=0.860182
[MOS-Core] selected_A=0.927769
[MOS-Core] selected_cv=0.000000
[MOS-Core] selected_CV=0.000000
[MOS-Core] selected_feasible=True
[MOS-Core] selected_guidance_alignment=1.000000
[MOS-Core] Per-constraint details:
[MOS-Core]   Radial: score=0.998, ratio=0.002, violation=0.000, loss=0.9278, threshold=397.9246
[MOS-Core]   Sign: score=0.585, ratio=0.709, violation=0.000, loss=1.1293, threshold=1.5932

[MOS-Core] Generating 7 malicious updates...
[MOS-Core] Template noise scale: 0.0001
[MOS-Core] Output norms: min=0.9279, mean=0.9280, max=0.9282
[MOS-Core] Attack completed successfully
============================================================

attack:mos_attack
defend:multi_krum
[FiniteAudit] round=27 defense=multi_krum selected_count=3 selected_malicious_count=3 selected_updates_finite=True selected_indices=[5, 1, 0]
[FiniteAudit] round=27 global_pre_finite=True benign_updates_finite=True malicious_updates_finite=True attack_budget_output_finite=True aggregate_input_finite=True aggregate_output_finite=True global_post_finite=True first_bad_stage=none rejected=False rollback=False
t  27: train_loss = 1.383, test_acc = 10.340
attack numbers = 5
[FiniteAudit] round=28 checkpoint_promoted_after_benign=True
current iteration attack ratio: 0.2

============================================================
[MOS-Core] Starting MOS-Attack
============================================================
[MOS-Core] Total parameters: 11,183,582
[MOS-Core] Benign clients: 20
[MOS-Core] Malicious slots: 5
[MOS-Core] Benign mean norm: 588.8302
[MOS-Core] Benign std (mean): 0.0010
[MOS-Core] ce_raw_norm=2475592.5
[MOS-Core] cw_raw_norm=2475592.5
[MOS-Core] ce_valid=True
[MOS-Core] cw_valid=True
[MOS-Core] ce_cw_cosine=1.0
[MOS-Core] combined_pre_norm=1.0
[MOS-Core] historical_direction_valid=True
[MOS-Core] historical_direction_norm=0.9277783632278442
[MOS-Core] guidance_history_cosine=0.9380394816398621
[MOS-Core] guidance_source=ce_cw_combined
[MOS-Core] guidance_fallback_used=False
[MOS-Core] final_guidance_norm=1.000000
[MOS-Core] Base radial threshold (q=0.95): 315.7038
[MOS-Core] Attack budget ratio: 1.0
[MOS-Core] current_budget=315.703766
[MOS-Core] current_budget_valid=True

[MOS-Core] Initializing constraints...
[MOS-Core] Enabled constraints: Radial, Sign
[MOS-Core] Radial weight: 1.0
[MOS-Core] Sign weight: 0.5, layer_reduce: quantile
[MOS-Core]   Radial threshold: 315.7038
[MOS-Core]   Sign threshold: 1.7909

[MOS-Core] Initializing population (size=10)...
[MOS-Core] constraint_mode=strict
[MOS-Core] objective_mode=dual
[MOS-Core] alpha_feasible=0.003189 boundary_width=7.62939e-06 refinements=13
[MOS-Boundary] alpha_feasible=0.003189 alpha_infeasible=0.003197 limiting_constraint=sign left=radial:ratio=0.00318909:score=0.996821:violation=0|sign:ratio=0.998056:score=0.500486:violation=0 right=radial:ratio=0.00319672:score=0.996813:violation=0|sign:ratio=1.00139:score=0.499652:violation=0.00139356
[MOS-Core] adaptive_guided_init=True alpha_feasible=0.003189 alpha_init=0.003189 scales=[0.0, 0.0006378173828125001, 0.0012756347656250001, 0.0019134521484374999, 0.0025512695312500003, 0.0031890869140625]
[MOS-Core] Generated 6 scale-based seeds: [0.0, 0.0006378173828125001, 0.0012756347656250001, 0.0019134521484374999, 0.0025512695312500003, 0.0031890869140625]
[MOS-Core] Historical seed injected at position 3
[MOS-Core] historical_raw_norm=0.927778
[MOS-Core] historical_direction_norm=1.000000
[MOS-Core] historical_seed_target_scale=157.851883
[MOS-Core] historical_seed_final_norm=157.851883
[MOS-Core] Generated 4 random candidates (noise_scale=0.1)
[MOS-Core] Initial population norms: min=0.0000, mean=87.0350, max=298.7009
[MOS-Core] Budget ratios: min=0.0000, mean=0.2757, max=0.9461
[MOS-Core] Clipped ratio: 0.00%
[MOS-Core] Historical seed used: True

[MOS-Core] Starting NSGA-II evolution...
[MOS-Core] Generations: 100
[MOS-Core] Population size: 10
[MOS-Core] SBX eta: 15.0, crossover_prob: 0.9
[MOS-Core] Mutation scale: 0.05
[MOS-Core] Gen 1/100:
  Stealth: mean=0.874, best=1.000
  Destructiveness: mean=0.405, best=1.007
  CV: mean=0.1201, min=0.0000
  Feasibility: count=8, ratio=80.00%
  Max feasible destruct: 1.007
  Pareto front size: 6
  Budget ratio: mean=0.021, max=0.062
  Radial: mean_ratio=0.021, max_ratio=0.062, mean_score=0.980
  Sign: mean_ratio=0.777, max_ratio=3.132, mean_score=0.664
[MOS-Core] Gen 10/100:
  Stealth: mean=0.896, best=1.000
  Destructiveness: mean=0.526, best=1.022
  CV: mean=0.0000, min=0.0000
  Feasibility: count=10, ratio=100.00%
  Max feasible destruct: 1.022
  Pareto front size: 10
  Budget ratio: mean=0.035, max=0.107
  Radial: mean_ratio=0.035, max_ratio=0.107, mean_score=0.967
  Sign: mean_ratio=0.421, max_ratio=0.998, mean_score=0.752
[MOS-Core] Gen 20/100:
  Stealth: mean=0.886, best=1.000
  Destructiveness: mean=0.589, best=1.031
  CV: mean=0.0000, min=0.0000
  Feasibility: count=10, ratio=100.00%
  Max feasible destruct: 1.031
  Pareto front size: 10
  Budget ratio: mean=0.034, max=0.083
  Radial: mean_ratio=0.034, max_ratio=0.083, mean_score=0.968
  Sign: mean_ratio=0.496, max_ratio=0.998, mean_score=0.721
[MOS-Core] Gen 30/100:
  Stealth: mean=0.884, best=1.000
  Destructiveness: mean=0.593, best=1.050
  CV: mean=0.0000, min=0.0000
  Feasibility: count=10, ratio=100.00%
  Max feasible destruct: 1.050
  Pareto front size: 10
  Budget ratio: mean=0.038, max=0.124
  Radial: mean_ratio=0.038, max_ratio=0.124, mean_score=0.965
  Sign: mean_ratio=0.494, max_ratio=0.998, mean_score=0.721
[MOS-Core] Gen 40/100:
  Stealth: mean=0.894, best=1.000
  Destructiveness: mean=0.531, best=1.066
  CV: mean=0.0000, min=0.0000
  Feasibility: count=10, ratio=100.00%
  Max feasible destruct: 1.066
  Pareto front size: 10
  Budget ratio: mean=0.038, max=0.134
  Radial: mean_ratio=0.038, max_ratio=0.134, mean_score=0.965
  Sign: mean_ratio=0.420, max_ratio=0.993, mean_score=0.752
[MOS-Core] Gen 50/100:
  Stealth: mean=0.873, best=1.000
  Destructiveness: mean=0.593, best=1.071
  CV: mean=0.0000, min=0.0000
  Feasibility: count=10, ratio=100.00%
  Max feasible destruct: 1.071
  Pareto front size: 10
  Budget ratio: mean=0.053, max=0.152
  Radial: mean_ratio=0.053, max_ratio=0.152, mean_score=0.952
  Sign: mean_ratio=0.504, max_ratio=0.994, mean_score=0.716
[MOS-Core] Gen 60/100:
  Stealth: mean=0.864, best=1.000
  Destructiveness: mean=0.597, best=1.082
  CV: mean=0.0000, min=0.0000
  Feasibility: count=10, ratio=100.00%
  Max feasible destruct: 1.082
  Pareto front size: 10
  Budget ratio: mean=0.065, max=0.180
  Radial: mean_ratio=0.065, max_ratio=0.180, mean_score=0.941
  Sign: mean_ratio=0.511, max_ratio=0.993, mean_score=0.710
[MOS-Core] Gen 70/100:
  Stealth: mean=0.871, best=1.000
  Destructiveness: mean=0.517, best=1.097
  CV: mean=0.0000, min=0.0000
  Feasibility: count=10, ratio=100.00%
  Max feasible destruct: 1.097
  Pareto front size: 10
  Budget ratio: mean=0.073, max=0.205
  Radial: mean_ratio=0.073, max_ratio=0.205, mean_score=0.935
  Sign: mean_ratio=0.448, max_ratio=0.997, mean_score=0.745
[MOS-Core] Gen 80/100:
  Stealth: mean=0.855, best=1.000
  Destructiveness: mean=0.600, best=1.100
  CV: mean=0.0000, min=0.0000
  Feasibility: count=10, ratio=100.00%
  Max feasible destruct: 1.100
  Pareto front size: 10
  Budget ratio: mean=0.077, max=0.198
  Radial: mean_ratio=0.077, max_ratio=0.198, mean_score=0.931
  Sign: mean_ratio=0.519, max_ratio=0.999, mean_score=0.703
[MOS-Core] Gen 90/100:
  Stealth: mean=0.859, best=1.000
  Destructiveness: mean=0.559, best=1.109
  CV: mean=0.0000, min=0.0000
  Feasibility: count=10, ratio=100.00%
  Max feasible destruct: 1.109
  Pareto front size: 10
  Budget ratio: mean=0.081, max=0.242
  Radial: mean_ratio=0.081, max_ratio=0.242, mean_score=0.929
  Sign: mean_ratio=0.501, max_ratio=0.999, mean_score=0.718
[MOS-Core] Gen 100/100:
  Stealth: mean=0.860, best=1.000
  Destructiveness: mean=0.540, best=1.114
  CV: mean=0.0000, min=0.0000
  Feasibility: count=10, ratio=100.00%
  Max feasible destruct: 1.114
  Pareto front size: 10
  Budget ratio: mean=0.083, max=0.216
  Radial: mean_ratio=0.083, max_ratio=0.216, mean_score=0.927
  Sign: mean_ratio=0.491, max_ratio=0.999, mean_score=0.726

[MOS-Core] Selecting final solution...
[MOS-Core] Selection parameters:
  Lambda_s (stealth weight): 0.50
  Lambda_a (attack weight): 0.50
  Attack floor ratio: 0.1114

[MOS-Core] Feasibility summary:
  Feasible solutions: 10
  Feasible ratio: 100.00%
  Selection mode: feasible
  Min CV in front: 0.0000

[MOS-Core] Pareto front summary:
  Front size: 10
  Stealth range: [0.716, 1.000]
  Destructiveness range: [0.000, 1.114]
  CV range: [0.0000, 0.0000]
  Candidates after attack floor: 7

[MOS-Core] Selected solution (index=4):
[MOS-Core]   Constraint pass score (R): 0.859
[MOS-Core]   Destructiveness (A): 0.805
[MOS-Core]   Total CV: 0.0000
[MOS-Core]   Deviation norm: 0.8054
[MOS-Core]   Budget usage: 0.26%
[MOS-Core] selection_mode=balanced_knee
[MOS-Core] selected_budget_ratio=0.002551
[MOS-Core] selected_stealth=0.858609
[MOS-Core] selected_destructiveness=0.805438
[MOS-Core] selected_R=0.858609
[MOS-Core] selected_A=0.805438
[MOS-Core] selected_cv=0.000000
[MOS-Core] selected_CV=0.000000
[MOS-Core] selected_feasible=True
[MOS-Core] selected_guidance_alignment=1.000000
[MOS-Core] Per-constraint details:
[MOS-Core]   Radial: score=0.997, ratio=0.003, violation=0.000, loss=0.8054, threshold=315.7038
[MOS-Core]   Sign: score=0.581, ratio=0.721, violation=0.000, loss=1.2920, threshold=1.7909

[MOS-Core] Generating 5 malicious updates...
[MOS-Core] Template noise scale: 0.0001
[MOS-Core] Output norms: min=0.8056, mean=0.8057, max=0.8058
[MOS-Core] Attack completed successfully
============================================================

attack:mos_attack
defend:multi_krum
[FiniteAudit] round=28 defense=multi_krum selected_count=3 selected_malicious_count=3 selected_updates_finite=True selected_indices=[4, 2, 3]
[FiniteAudit] round=28 global_pre_finite=True benign_updates_finite=True malicious_updates_finite=True attack_budget_output_finite=True aggregate_input_finite=True aggregate_output_finite=True global_post_finite=True first_bad_stage=none rejected=False rollback=False
t  28: train_loss = 1.363, test_acc = 11.800
attack numbers = 5
[FiniteAudit] round=29 checkpoint_promoted_after_benign=True
current iteration attack ratio: 0.2

============================================================
[MOS-Core] Starting MOS-Attack
============================================================
[MOS-Core] Total parameters: 11,183,582
[MOS-Core] Benign clients: 20
[MOS-Core] Malicious slots: 5
[MOS-Core] Benign mean norm: 675.6424
[MOS-Core] Benign std (mean): 0.0012
[MOS-Core] ce_raw_norm=4393845.5
[MOS-Core] cw_raw_norm=4393845.5
[MOS-Core] ce_valid=True
[MOS-Core] cw_valid=True
[MOS-Core] ce_cw_cosine=1.0
[MOS-Core] combined_pre_norm=1.0
[MOS-Core] historical_direction_valid=True
[MOS-Core] historical_direction_norm=0.8054453730583191
[MOS-Core] guidance_history_cosine=0.9521617889404297
[MOS-Core] guidance_source=ce_cw_combined
[MOS-Core] guidance_fallback_used=False
[MOS-Core] final_guidance_norm=1.000000
[MOS-Core] Base radial threshold (q=0.95): 491.3529
[MOS-Core] Attack budget ratio: 1.0
[MOS-Core] current_budget=491.352905
[MOS-Core] current_budget_valid=True

[MOS-Core] Initializing constraints...
[MOS-Core] Enabled constraints: Radial, Sign
[MOS-Core] Radial weight: 1.0
[MOS-Core] Sign weight: 0.5, layer_reduce: quantile
[MOS-Core]   Radial threshold: 491.3529
[MOS-Core]   Sign threshold: 1.7877

[MOS-Core] Initializing population (size=10)...
[MOS-Core] constraint_mode=strict
[MOS-Core] objective_mode=dual
[MOS-Core] alpha_feasible=0.002441 boundary_width=7.62939e-06 refinements=13
[MOS-Boundary] alpha_feasible=0.002441 alpha_infeasible=0.002449 limiting_constraint=sign left=radial:ratio=0.00244141:score=0.997565:violation=0|sign:ratio=0.995944:score=0.501016:violation=0 right=radial:ratio=0.00244904:score=0.997557:violation=0|sign:ratio=1.00037:score=0.499908:violation=0.000369072
[MOS-Core] adaptive_guided_init=True alpha_feasible=0.002441 alpha_init=0.002441 scales=[0.0, 0.00048828125, 0.0009765625, 0.00146484375, 0.001953125, 0.00244140625]
[MOS-Core] Generated 6 scale-based seeds: [0.0, 0.00048828125, 0.0009765625, 0.00146484375, 0.001953125, 0.00244140625]
[MOS-Core] Historical seed injected at position 3
[MOS-Core] historical_raw_norm=0.805445
[MOS-Core] historical_direction_norm=1.000000
[MOS-Core] historical_seed_target_scale=245.676453
[MOS-Core] historical_seed_final_norm=245.676468
[MOS-Core] Generated 4 random candidates (noise_scale=0.1)
[MOS-Core] Initial population norms: min=0.0000, mean=70.4307, max=294.4287
[MOS-Core] Budget ratios: min=0.0000, mean=0.1433, max=0.5992
[MOS-Core] Clipped ratio: 0.00%
[MOS-Core] Historical seed used: True

[MOS-Core] Starting NSGA-II evolution...
[MOS-Core] Generations: 100
[MOS-Core] Population size: 10
[MOS-Core] SBX eta: 15.0, crossover_prob: 0.9
[MOS-Core] Mutation scale: 0.05
[MOS-Core] Gen 1/100:
  Stealth: mean=0.889, best=1.000
  Destructiveness: mean=0.636, best=1.200
  CV: mean=0.0000, min=0.0000
  Feasibility: count=10, ratio=100.00%
  Max feasible destruct: 1.200
  Pareto front size: 6
  Budget ratio: mean=0.013, max=0.041
  Radial: mean_ratio=0.013, max_ratio=0.041, mean_score=0.987
  Sign: mean_ratio=0.534, max_ratio=0.996, mean_score=0.691
[MOS-Core] Gen 10/100:
  Stealth: mean=0.893, best=1.000
  Destructiveness: mean=0.698, best=1.215
  CV: mean=0.0000, min=0.0000
  Feasibility: count=10, ratio=100.00%
  Max feasible destruct: 1.215
  Pareto front size: 10
  Budget ratio: mean=0.021, max=0.057
  Radial: mean_ratio=0.021, max_ratio=0.057, mean_score=0.980
  Sign: mean_ratio=0.496, max_ratio=0.996, mean_score=0.719
[MOS-Core] Gen 20/100:
  Stealth: mean=0.886, best=1.000
  Destructiveness: mean=0.703, best=1.237
  CV: mean=0.0000, min=0.0000
  Feasibility: count=10, ratio=100.00%
  Max feasible destruct: 1.237
  Pareto front size: 10
  Budget ratio: mean=0.031, max=0.101
  Radial: mean_ratio=0.031, max_ratio=0.101, mean_score=0.971
  Sign: mean_ratio=0.499, max_ratio=0.996, mean_score=0.718
[MOS-Core] Gen 30/100:
  Stealth: mean=0.881, best=1.000
  Destructiveness: mean=0.636, best=1.252
  CV: mean=0.0000, min=0.0000
  Feasibility: count=10, ratio=100.00%
  Max feasible destruct: 1.252
  Pareto front size: 10
  Budget ratio: mean=0.056, max=0.173
  Radial: mean_ratio=0.056, max_ratio=0.173, mean_score=0.950
  Sign: mean_ratio=0.447, max_ratio=0.996, mean_score=0.742
[MOS-Core] Gen 40/100:
  Stealth: mean=0.884, best=1.000
  Destructiveness: mean=0.587, best=1.271
  CV: mean=0.0000, min=0.0000
  Feasibility: count=10, ratio=100.00%
  Max feasible destruct: 1.271
  Pareto front size: 10
  Budget ratio: mean=0.055, max=0.153
  Radial: mean_ratio=0.055, max_ratio=0.153, mean_score=0.949
  Sign: mean_ratio=0.420, max_ratio=0.998, mean_score=0.754
[MOS-Core] Gen 50/100:
  Stealth: mean=0.882, best=1.000
  Destructiveness: mean=0.590, best=1.279
  CV: mean=0.0000, min=0.0000
  Feasibility: count=10, ratio=100.00%
  Max feasible destruct: 1.279
  Pareto front size: 10
  Budget ratio: mean=0.058, max=0.131
  Radial: mean_ratio=0.058, max_ratio=0.131, mean_score=0.947
  Sign: mean_ratio=0.418, max_ratio=0.969, mean_score=0.752
[MOS-Core] Gen 60/100:
  Stealth: mean=0.859, best=1.000
  Destructiveness: mean=0.718, best=1.284
  CV: mean=0.0000, min=0.0000
  Feasibility: count=10, ratio=100.00%
  Max feasible destruct: 1.284
  Pareto front size: 10
  Budget ratio: mean=0.071, max=0.151
  Radial: mean_ratio=0.071, max_ratio=0.151, mean_score=0.935
  Sign: mean_ratio=0.511, max_ratio=0.991, mean_score=0.706
[MOS-Core] Gen 70/100:
  Stealth: mean=0.881, best=1.000
  Destructiveness: mean=0.592, best=1.306
  CV: mean=0.0000, min=0.0000
  Feasibility: count=10, ratio=100.00%
  Max feasible destruct: 1.306
  Pareto front size: 10
  Budget ratio: mean=0.062, max=0.188
  Radial: mean_ratio=0.062, max_ratio=0.188, mean_score=0.944
  Sign: mean_ratio=0.412, max_ratio=0.953, mean_score=0.755
[MOS-Core] Gen 80/100:
  Stealth: mean=0.870, best=1.000
  Destructiveness: mean=0.605, best=1.319
  CV: mean=0.0000, min=0.0000
  Feasibility: count=10, ratio=100.00%
  Max feasible destruct: 1.319
  Pareto front size: 10
  Budget ratio: mean=0.080, max=0.205
  Radial: mean_ratio=0.080, max_ratio=0.205, mean_score=0.929
  Sign: mean_ratio=0.420, max_ratio=0.992, mean_score=0.752
[MOS-Core] Gen 90/100:
  Stealth: mean=0.864, best=1.000
  Destructiveness: mean=0.606, best=1.323
  CV: mean=0.0000, min=0.0000
  Feasibility: count=10, ratio=100.00%
  Max feasible destruct: 1.323
  Pareto front size: 10
  Budget ratio: mean=0.090, max=0.268
  Radial: mean_ratio=0.090, max_ratio=0.268, mean_score=0.921
  Sign: mean_ratio=0.423, max_ratio=0.981, mean_score=0.749
[MOS-Core] Gen 100/100:
  Stealth: mean=0.866, best=1.000
  Destructiveness: mean=0.608, best=1.330
  CV: mean=0.0000, min=0.0000
  Feasibility: count=10, ratio=100.00%
  Max feasible destruct: 1.330
  Pareto front size: 10
  Budget ratio: mean=0.085, max=0.252
  Radial: mean_ratio=0.085, max_ratio=0.252, mean_score=0.925
  Sign: mean_ratio=0.425, max_ratio=0.996, mean_score=0.749

[MOS-Core] Selecting final solution...
[MOS-Core] Selection parameters:
  Lambda_s (stealth weight): 0.50
  Lambda_a (attack weight): 0.50
  Attack floor ratio: 0.1330

[MOS-Core] Feasibility summary:
  Feasible solutions: 10
  Feasible ratio: 100.00%
  Selection mode: feasible
  Min CV in front: 0.0000

[MOS-Core] Pareto front summary:
  Front size: 10
  Stealth range: [0.700, 1.000]
  Destructiveness range: [0.000, 1.330]
  CV range: [0.0000, 0.0000]
  Candidates after attack floor: 8

[MOS-Core] Selected solution (index=4):
[MOS-Core]   Constraint pass score (R): 0.860
[MOS-Core]   Destructiveness (A): 0.960
[MOS-Core]   Total CV: 0.0000
[MOS-Core]   Deviation norm: 0.9597
[MOS-Core]   Budget usage: 0.20%
[MOS-Core] selection_mode=balanced_knee
[MOS-Core] selected_budget_ratio=0.001953
[MOS-Core] selected_stealth=0.859797
[MOS-Core] selected_destructiveness=0.959664
[MOS-Core] selected_R=0.859797
[MOS-Core] selected_A=0.959664
[MOS-Core] selected_cv=0.000000
[MOS-Core] selected_CV=0.000000
[MOS-Core] selected_feasible=True
[MOS-Core] selected_guidance_alignment=1.000000
[MOS-Core] Per-constraint details:
[MOS-Core]   Radial: score=0.998, ratio=0.002, violation=0.000, loss=0.9597, threshold=491.3529
[MOS-Core]   Sign: score=0.583, ratio=0.714, violation=0.000, loss=1.2772, threshold=1.7877

[MOS-Core] Generating 5 malicious updates...
[MOS-Core] Template noise scale: 0.0001
[MOS-Core] Output norms: min=0.9599, mean=0.9601, max=0.9605
[MOS-Core] Attack completed successfully
============================================================

attack:mos_attack
defend:multi_krum
[FiniteAudit] round=29 defense=multi_krum selected_count=3 selected_malicious_count=3 selected_updates_finite=True selected_indices=[2, 3, 4]
[FiniteAudit] round=29 global_pre_finite=True benign_updates_finite=True malicious_updates_finite=True attack_budget_output_finite=True aggregate_input_finite=True aggregate_output_finite=True global_post_finite=True first_bad_stage=none rejected=False rollback=False
t  29: train_loss = 1.327, test_acc = 11.600
attack numbers = 5
[FiniteAudit] round=30 checkpoint_promoted_after_benign=True
current iteration attack ratio: 0.2

============================================================
[MOS-Core] Starting MOS-Attack
============================================================
[MOS-Core] Total parameters: 11,183,582
[MOS-Core] Benign clients: 20
[MOS-Core] Malicious slots: 5
[MOS-Core] Benign mean norm: 770.3843
[MOS-Core] Benign std (mean): 0.0011
[MOS-Core] ce_raw_norm=8995484.0
[MOS-Core] cw_raw_norm=8995484.0
[MOS-Core] ce_valid=True
[MOS-Core] cw_valid=True
[MOS-Core] ce_cw_cosine=1.0
[MOS-Core] combined_pre_norm=1.0
[MOS-Core] historical_direction_valid=True
[MOS-Core] historical_direction_norm=0.9596735835075378
[MOS-Core] guidance_history_cosine=0.96004319190979
[MOS-Core] guidance_source=ce_cw_combined
[MOS-Core] guidance_fallback_used=False
[MOS-Core] final_guidance_norm=1.000000
[MOS-Core] Base radial threshold (q=0.95): 395.8982
[MOS-Core] Attack budget ratio: 1.0
[MOS-Core] current_budget=395.898163
[MOS-Core] current_budget_valid=True

[MOS-Core] Initializing constraints...
[MOS-Core] Enabled constraints: Radial, Sign
[MOS-Core] Radial weight: 1.0
[MOS-Core] Sign weight: 0.5, layer_reduce: quantile
[MOS-Core]   Radial threshold: 395.8982
[MOS-Core]   Sign threshold: 1.9255

[MOS-Core] Initializing population (size=10)...
[MOS-Core] constraint_mode=strict
[MOS-Core] objective_mode=dual
[MOS-Core] alpha_feasible=0.002769 boundary_width=7.62939e-06 refinements=13
[MOS-Boundary] alpha_feasible=0.002769 alpha_infeasible=0.002777 limiting_constraint=sign left=radial:ratio=0.00276947:score=0.997238:violation=0|sign:ratio=0.997043:score=0.50074:violation=0 right=radial:ratio=0.0027771:score=0.997231:violation=0|sign:ratio=1.00066:score=0.499835:violation=0.000661016
[MOS-Core] adaptive_guided_init=True alpha_feasible=0.002769 alpha_init=0.002769 scales=[0.0, 0.0005538940429687501, 0.0011077880859375001, 0.0016616821289062499, 0.0022155761718750003, 0.00276947021484375]
[MOS-Core] Generated 6 scale-based seeds: [0.0, 0.0005538940429687501, 0.0011077880859375001, 0.0016616821289062499, 0.0022155761718750003, 0.00276947021484375]
[MOS-Core] Historical seed injected at position 3
[MOS-Core] historical_raw_norm=0.959674
[MOS-Core] historical_direction_norm=1.000000
[MOS-Core] historical_seed_target_scale=197.949081
[MOS-Core] historical_seed_final_norm=197.949081
[MOS-Core] Generated 4 random candidates (noise_scale=0.1)
[MOS-Core] Initial population norms: min=0.0000, mean=106.2490, max=350.4739
[MOS-Core] Budget ratios: min=0.0000, mean=0.2684, max=0.8853
[MOS-Core] Clipped ratio: 0.00%
[MOS-Core] Historical seed used: True

[MOS-Core] Starting NSGA-II evolution...
[MOS-Core] Generations: 100
[MOS-Core] Population size: 10
[MOS-Core] SBX eta: 15.0, crossover_prob: 0.9
[MOS-Core] Mutation scale: 0.05
[MOS-Core] Gen 1/100:
  Stealth: mean=0.863, best=1.000
  Destructiveness: mean=0.445, best=1.096
  CV: mean=0.8269, min=0.0000
  Feasibility: count=7, ratio=70.00%
  Max feasible destruct: 1.096
  Pareto front size: 5
  Budget ratio: mean=0.019, max=0.048
  Radial: mean_ratio=0.019, max_ratio=0.048, mean_score=0.982
  Sign: mean_ratio=2.180, max_ratio=9.204, mean_score=0.627
[MOS-Core] Gen 10/100:
  Stealth: mean=0.905, best=1.000
  Destructiveness: mean=0.527, best=1.101
  CV: mean=0.0000, min=0.0000
  Feasibility: count=10, ratio=100.00%
  Max feasible destruct: 1.101
  Pareto front size: 10
  Budget ratio: mean=0.032, max=0.125
  Radial: mean_ratio=0.032, max_ratio=0.125, mean_score=0.971
  Sign: mean_ratio=0.374, max_ratio=0.998, mean_score=0.774
[MOS-Core] Gen 20/100:
  Stealth: mean=0.888, best=1.000
  Destructiveness: mean=0.639, best=1.107
  CV: mean=0.0000, min=0.0000
  Feasibility: count=10, ratio=100.00%
  Max feasible destruct: 1.107
  Pareto front size: 10
  Budget ratio: mean=0.030, max=0.105
  Radial: mean_ratio=0.030, max_ratio=0.105, mean_score=0.972
  Sign: mean_ratio=0.498, max_ratio=0.997, mean_score=0.720
[MOS-Core] Gen 30/100:
  Stealth: mean=0.888, best=1.000
  Destructiveness: mean=0.639, best=1.115
  CV: mean=0.0000, min=0.0000
  Feasibility: count=10, ratio=100.00%
  Max feasible destruct: 1.115
  Pareto front size: 10
  Budget ratio: mean=0.028, max=0.094
  Radial: mean_ratio=0.028, max_ratio=0.094, mean_score=0.973
  Sign: mean_ratio=0.503, max_ratio=0.997, mean_score=0.716
[MOS-Core] Gen 40/100:
  Stealth: mean=0.895, best=1.000
  Destructiveness: mean=0.596, best=1.121
  CV: mean=0.0000, min=0.0000
  Feasibility: count=10, ratio=100.00%
  Max feasible destruct: 1.121
  Pareto front size: 10
  Budget ratio: mean=0.030, max=0.094
  Radial: mean_ratio=0.030, max_ratio=0.094, mean_score=0.972
  Sign: mean_ratio=0.453, max_ratio=0.997, mean_score=0.740
[MOS-Core] Gen 50/100:
  Stealth: mean=0.882, best=1.000
  Destructiveness: mean=0.642, best=1.129
  CV: mean=0.0000, min=0.0000
  Feasibility: count=10, ratio=100.00%
  Max feasible destruct: 1.129
  Pareto front size: 10
  Budget ratio: mean=0.038, max=0.126
  Radial: mean_ratio=0.038, max_ratio=0.126, mean_score=0.965
  Sign: mean_ratio=0.508, max_ratio=0.997, mean_score=0.715
[MOS-Core] Gen 60/100:
  Stealth: mean=0.878, best=1.000
  Destructiveness: mean=0.643, best=1.136
  CV: mean=0.0000, min=0.0000
  Feasibility: count=10, ratio=100.00%
  Max feasible destruct: 1.136
  Pareto front size: 10
  Budget ratio: mean=0.044, max=0.156
  Radial: mean_ratio=0.044, max_ratio=0.156, mean_score=0.960
  Sign: mean_ratio=0.512, max_ratio=0.997, mean_score=0.712
[MOS-Core] Gen 70/100:
  Stealth: mean=0.882, best=1.000
  Destructiveness: mean=0.643, best=1.146
  CV: mean=0.0000, min=0.0000
  Feasibility: count=10, ratio=100.00%
  Max feasible destruct: 1.146
  Pareto front size: 10
  Budget ratio: mean=0.037, max=0.147
  Radial: mean_ratio=0.037, max_ratio=0.147, mean_score=0.966
  Sign: mean_ratio=0.508, max_ratio=0.997, mean_score=0.714
[MOS-Core] Gen 80/100:
  Stealth: mean=0.871, best=1.000
  Destructiveness: mean=0.671, best=1.153
  CV: mean=0.0000, min=0.0000
  Feasibility: count=10, ratio=100.00%
  Max feasible destruct: 1.153
  Pareto front size: 10
  Budget ratio: mean=0.053, max=0.162
  Radial: mean_ratio=0.053, max_ratio=0.162, mean_score=0.953
  Sign: mean_ratio=0.534, max_ratio=0.997, mean_score=0.706
[MOS-Core] Gen 90/100:
  Stealth: mean=0.874, best=1.000
  Destructiveness: mean=0.645, best=1.160
  CV: mean=0.0000, min=0.0000
  Feasibility: count=10, ratio=100.00%
  Max feasible destruct: 1.160
  Pareto front size: 10
  Budget ratio: mean=0.052, max=0.167
  Radial: mean_ratio=0.052, max_ratio=0.167, mean_score=0.953
  Sign: mean_ratio=0.505, max_ratio=0.996, mean_score=0.715
[MOS-Core] Gen 100/100:
  Stealth: mean=0.858, best=1.000
  Destructiveness: mean=0.658, best=1.173
  CV: mean=0.0000, min=0.0000
  Feasibility: count=10, ratio=100.00%
  Max feasible destruct: 1.173
  Pareto front size: 10
  Budget ratio: mean=0.077, max=0.207
  Radial: mean_ratio=0.077, max_ratio=0.207, mean_score=0.933
  Sign: mean_ratio=0.512, max_ratio=0.982, mean_score=0.709

[MOS-Core] Selecting final solution...
[MOS-Core] Selection parameters:
  Lambda_s (stealth weight): 0.50
  Lambda_a (attack weight): 0.50
  Attack floor ratio: 0.1173

[MOS-Core] Feasibility summary:
  Feasible solutions: 10
  Feasible ratio: 100.00%
  Selection mode: feasible
  Min CV in front: 0.0000

[MOS-Core] Pareto front summary:
  Front size: 10
  Stealth range: [0.721, 1.000]
  Destructiveness range: [0.000, 1.173]
  CV range: [0.0000, 0.0000]
  Candidates after attack floor: 9

[MOS-Core] Selected solution (index=4):
[MOS-Core]   Constraint pass score (R): 0.857
[MOS-Core]   Destructiveness (A): 0.877
[MOS-Core]   Total CV: 0.0000
[MOS-Core]   Deviation norm: 0.8771
[MOS-Core]   Budget usage: 0.22%
[MOS-Core] selection_mode=balanced_knee
[MOS-Core] selected_budget_ratio=0.002216
[MOS-Core] selected_stealth=0.857199
[MOS-Core] selected_destructiveness=0.877136
[MOS-Core] selected_R=0.857199
[MOS-Core] selected_A=0.877136
[MOS-Core] selected_cv=0.000000
[MOS-Core] selected_CV=0.000000
[MOS-Core] selected_feasible=True
[MOS-Core] selected_guidance_alignment=1.000000
[MOS-Core] Per-constraint details:
[MOS-Core]   Radial: score=0.998, ratio=0.002, violation=0.000, loss=0.8771, threshold=395.8982
[MOS-Core]   Sign: score=0.576, ratio=0.736, violation=0.000, loss=1.4173, threshold=1.9255

[MOS-Core] Generating 5 malicious updates...
[MOS-Core] Template noise scale: 0.0001
[MOS-Core] Output norms: min=0.8772, mean=0.8774, max=0.8779
[MOS-Core] Attack completed successfully
============================================================

attack:mos_attack
defend:multi_krum
[FiniteAudit] round=30 defense=multi_krum selected_count=3 selected_malicious_count=3 selected_updates_finite=True selected_indices=[3, 2, 4]
[FiniteAudit] round=30 global_pre_finite=True benign_updates_finite=True malicious_updates_finite=True attack_budget_output_finite=True aggregate_input_finite=True aggregate_output_finite=True global_post_finite=True first_bad_stage=none rejected=False rollback=False
t  30: train_loss = 1.326, test_acc = 11.330
attack numbers = 8
[FiniteAudit] round=31 checkpoint_promoted_after_benign=True
current iteration attack ratio: 0.32

============================================================
[MOS-Core] Starting MOS-Attack
============================================================
[MOS-Core] Total parameters: 11,183,582
[MOS-Core] Benign clients: 17
[MOS-Core] Malicious slots: 8
[MOS-Core] Benign mean norm: 942.2175
[MOS-Core] Benign std (mean): 0.0012
[MOS-Core] ce_raw_norm=20917160.0
[MOS-Core] cw_raw_norm=20917160.0
[MOS-Core] ce_valid=True
[MOS-Core] cw_valid=True
[MOS-Core] ce_cw_cosine=1.0000001192092896
[MOS-Core] combined_pre_norm=1.0
[MOS-Core] historical_direction_valid=True
[MOS-Core] historical_direction_norm=0.8771424889564514
[MOS-Core] guidance_history_cosine=0.9671605825424194
[MOS-Core] guidance_source=ce_cw_combined
[MOS-Core] guidance_fallback_used=False
[MOS-Core] final_guidance_norm=1.000000
[MOS-Core] Base radial threshold (q=0.95): 482.8916
[MOS-Core] Attack budget ratio: 1.0
[MOS-Core] current_budget=482.891602
[MOS-Core] current_budget_valid=True

[MOS-Core] Initializing constraints...
[MOS-Core] Enabled constraints: Radial, Sign
[MOS-Core] Radial weight: 1.0
[MOS-Core] Sign weight: 0.5, layer_reduce: quantile
[MOS-Core]   Radial threshold: 482.8916
[MOS-Core]   Sign threshold: 1.7983

[MOS-Core] Initializing population (size=10)...
[MOS-Core] constraint_mode=strict
[MOS-Core] objective_mode=dual
[MOS-Core] alpha_feasible=0.002319 boundary_width=7.62939e-06 refinements=13
[MOS-Boundary] alpha_feasible=0.002319 alpha_infeasible=0.002327 limiting_constraint=sign left=radial:ratio=0.00231934:score=0.997686:violation=0|sign:ratio=0.998119:score=0.500471:violation=0 right=radial:ratio=0.00232697:score=0.997678:violation=0|sign:ratio=1.00258:score=0.499356:violation=0.00257814
[MOS-Core] adaptive_guided_init=True alpha_feasible=0.002319 alpha_init=0.002319 scales=[0.0, 0.00046386718750000003, 0.0009277343750000001, 0.0013916015625, 0.0018554687500000001, 0.0023193359375]
[MOS-Core] Generated 6 scale-based seeds: [0.0, 0.00046386718750000003, 0.0009277343750000001, 0.0013916015625, 0.0018554687500000001, 0.0023193359375]
[MOS-Core] Historical seed injected at position 3
[MOS-Core] historical_raw_norm=0.877142
[MOS-Core] historical_direction_norm=1.000000
[MOS-Core] historical_seed_target_scale=241.445801
[MOS-Core] historical_seed_final_norm=241.445816
[MOS-Core] Generated 4 random candidates (noise_scale=0.1)
[MOS-Core] Initial population norms: min=0.0000, mean=101.3429, max=356.9162
[MOS-Core] Budget ratios: min=0.0000, mean=0.2099, max=0.7391
[MOS-Core] Clipped ratio: 0.00%
[MOS-Core] Historical seed used: True

[MOS-Core] Starting NSGA-II evolution...
[MOS-Core] Generations: 100
[MOS-Core] Population size: 10
[MOS-Core] SBX eta: 15.0, crossover_prob: 0.9
[MOS-Core] Mutation scale: 0.05
[MOS-Core] Gen 1/100:
  Stealth: mean=0.877, best=1.000
  Destructiveness: mean=0.761, best=1.121
  CV: mean=0.0000, min=0.0000
  Feasibility: count=10, ratio=100.00%
  Max feasible destruct: 1.121
  Pareto front size: 6
  Budget ratio: mean=0.015, max=0.043
  Radial: mean_ratio=0.015, max_ratio=0.043, mean_score=0.985
  Sign: mean_ratio=0.617, max_ratio=0.999, mean_score=0.659
[MOS-Core] Gen 10/100:
  Stealth: mean=0.894, best=1.000
  Destructiveness: mean=0.651, best=1.127
  CV: mean=0.0000, min=0.0000
  Feasibility: count=10, ratio=100.00%
  Max feasible destruct: 1.127
  Pareto front size: 10
  Budget ratio: mean=0.021, max=0.063
  Radial: mean_ratio=0.021, max_ratio=0.063, mean_score=0.980
  Sign: mean_ratio=0.498, max_ratio=0.999, mean_score=0.720
[MOS-Core] Gen 20/100:
  Stealth: mean=0.889, best=1.000
  Destructiveness: mean=0.654, best=1.147
  CV: mean=0.0000, min=0.0000
  Feasibility: count=10, ratio=100.00%
  Max feasible destruct: 1.147
  Pareto front size: 10
  Budget ratio: mean=0.029, max=0.088
  Radial: mean_ratio=0.029, max_ratio=0.088, mean_score=0.972
  Sign: mean_ratio=0.494, max_ratio=0.999, mean_score=0.721
[MOS-Core] Gen 30/100:
  Stealth: mean=0.884, best=1.000
  Destructiveness: mean=0.656, best=1.157
  CV: mean=0.0000, min=0.0000
  Feasibility: count=10, ratio=100.00%
  Max feasible destruct: 1.157
  Pareto front size: 10
  Budget ratio: mean=0.038, max=0.131
  Radial: mean_ratio=0.038, max_ratio=0.131, mean_score=0.965
  Sign: mean_ratio=0.490, max_ratio=0.987, mean_score=0.722
[MOS-Core] Gen 40/100:
  Stealth: mean=0.881, best=1.000
  Destructiveness: mean=0.613, best=1.174
  CV: mean=0.0000, min=0.0000
  Feasibility: count=10, ratio=100.00%
  Max feasible destruct: 1.174
  Pareto front size: 10
  Budget ratio: mean=0.058, max=0.181
  Radial: mean_ratio=0.058, max_ratio=0.181, mean_score=0.949
  Sign: mean_ratio=0.432, max_ratio=0.993, mean_score=0.747
[MOS-Core] Gen 50/100:
  Stealth: mean=0.890, best=1.000
  Destructiveness: mean=0.591, best=1.185
  CV: mean=0.0000, min=0.0000
  Feasibility: count=10, ratio=100.00%
  Max feasible destruct: 1.185
  Pareto front size: 10
  Budget ratio: mean=0.045, max=0.170
  Radial: mean_ratio=0.045, max_ratio=0.170, mean_score=0.959
  Sign: mean_ratio=0.416, max_ratio=0.964, mean_score=0.752
[MOS-Core] Gen 60/100:
  Stealth: mean=0.862, best=1.000
  Destructiveness: mean=0.669, best=1.193
  CV: mean=0.0000, min=0.0000
  Feasibility: count=10, ratio=100.00%
  Max feasible destruct: 1.193
  Pareto front size: 10
  Budget ratio: mean=0.075, max=0.201
  Radial: mean_ratio=0.075, max_ratio=0.201, mean_score=0.934
  Sign: mean_ratio=0.499, max_ratio=0.994, mean_score=0.717
[MOS-Core] Gen 70/100:
  Stealth: mean=0.858, best=1.000
  Destructiveness: mean=0.673, best=1.215
  CV: mean=0.0000, min=0.0000
  Feasibility: count=10, ratio=100.00%
  Max feasible destruct: 1.215
  Pareto front size: 10
  Budget ratio: mean=0.081, max=0.208
  Radial: mean_ratio=0.081, max_ratio=0.208, mean_score=0.929
  Sign: mean_ratio=0.503, max_ratio=0.994, mean_score=0.715
[MOS-Core] Gen 80/100:
  Stealth: mean=0.854, best=1.000
  Destructiveness: mean=0.675, best=1.224
  CV: mean=0.0000, min=0.0000
  Feasibility: count=10, ratio=100.00%
  Max feasible destruct: 1.224
  Pareto front size: 10
  Budget ratio: mean=0.086, max=0.204
  Radial: mean_ratio=0.086, max_ratio=0.204, mean_score=0.925
  Sign: mean_ratio=0.509, max_ratio=0.993, mean_score=0.711
[MOS-Core] Gen 90/100:
  Stealth: mean=0.852, best=1.000
  Destructiveness: mean=0.681, best=1.248
  CV: mean=0.0000, min=0.0000
  Feasibility: count=10, ratio=100.00%
  Max feasible destruct: 1.248
  Pareto front size: 10
  Budget ratio: mean=0.090, max=0.264
  Radial: mean_ratio=0.090, max_ratio=0.264, mean_score=0.922
  Sign: mean_ratio=0.507, max_ratio=0.993, mean_score=0.711
[MOS-Core] Gen 100/100:
  Stealth: mean=0.849, best=1.000
  Destructiveness: mean=0.684, best=1.263
  CV: mean=0.0000, min=0.0000
  Feasibility: count=10, ratio=100.00%
  Max feasible destruct: 1.263
  Pareto front size: 10
  Budget ratio: mean=0.094, max=0.268
  Radial: mean_ratio=0.094, max_ratio=0.268, mean_score=0.919
  Sign: mean_ratio=0.509, max_ratio=0.993, mean_score=0.709

[MOS-Core] Selecting final solution...
[MOS-Core] Selection parameters:
  Lambda_s (stealth weight): 0.50
  Lambda_a (attack weight): 0.50
  Attack floor ratio: 0.1263

[MOS-Core] Feasibility summary:
  Feasible solutions: 10
  Feasible ratio: 100.00%
  Selection mode: feasible
  Min CV in front: 0.0000

[MOS-Core] Pareto front summary:
  Front size: 10
  Stealth range: [0.696, 1.000]
  Destructiveness range: [0.000, 1.263]
  CV range: [0.0000, 0.0000]
  Candidates after attack floor: 9

[MOS-Core] Selected solution (index=4):
[MOS-Core]   Constraint pass score (R): 0.858
[MOS-Core]   Destructiveness (A): 0.896
[MOS-Core]   Total CV: 0.0000
[MOS-Core]   Deviation norm: 0.8960
[MOS-Core]   Budget usage: 0.19%
[MOS-Core] selection_mode=balanced_knee
[MOS-Core] selected_budget_ratio=0.001855
[MOS-Core] selected_stealth=0.858110
[MOS-Core] selected_destructiveness=0.895983
[MOS-Core] selected_R=0.858110
[MOS-Core] selected_A=0.895983
[MOS-Core] selected_cv=0.000000
[MOS-Core] selected_CV=0.000000
[MOS-Core] selected_feasible=True
[MOS-Core] selected_guidance_alignment=1.000000
[MOS-Core] Per-constraint details:
[MOS-Core]   Radial: score=0.998, ratio=0.002, violation=0.000, loss=0.8960, threshold=482.8916
[MOS-Core]   Sign: score=0.578, ratio=0.730, violation=0.000, loss=1.3128, threshold=1.7983

[MOS-Core] Generating 8 malicious updates...
[MOS-Core] Template noise scale: 0.0001
[MOS-Core] Output norms: min=0.8962, mean=0.8964, max=0.8967
[MOS-Core] Attack completed successfully
============================================================

attack:mos_attack
defend:multi_krum
[FiniteAudit] round=31 defense=multi_krum selected_count=3 selected_malicious_count=3 selected_updates_finite=True selected_indices=[6, 3, 4]
[FiniteAudit] round=31 global_pre_finite=True benign_updates_finite=True malicious_updates_finite=True attack_budget_output_finite=True aggregate_input_finite=True aggregate_output_finite=True global_post_finite=True first_bad_stage=none rejected=False rollback=False
t  31: train_loss = 1.300, test_acc = 14.230
attack numbers = 6
[FiniteAudit] round=32 checkpoint_promoted_after_benign=True
current iteration attack ratio: 0.24

============================================================
[MOS-Core] Starting MOS-Attack
============================================================
[MOS-Core] Total parameters: 11,183,582
[MOS-Core] Benign clients: 19
[MOS-Core] Malicious slots: 6
[MOS-Core] Benign mean norm: 949.1658
[MOS-Core] Benign std (mean): 0.0011
[MOS-Core] ce_raw_norm=49944676.0
[MOS-Core] cw_raw_norm=49944676.0
[MOS-Core] ce_valid=True
[MOS-Core] cw_valid=True
[MOS-Core] ce_cw_cosine=0.9999998807907104
[MOS-Core] combined_pre_norm=1.0
[MOS-Core] historical_direction_valid=True
[MOS-Core] historical_direction_norm=0.8959903120994568
[MOS-Core] guidance_history_cosine=0.9686703681945801
[MOS-Core] guidance_source=ce_cw_combined
[MOS-Core] guidance_fallback_used=False
[MOS-Core] final_guidance_norm=1.000000
[MOS-Core] Base radial threshold (q=0.95): 318.9601
[MOS-Core] Attack budget ratio: 1.0
[MOS-Core] current_budget=318.960052
[MOS-Core] current_budget_valid=True

[MOS-Core] Initializing constraints...
[MOS-Core] Enabled constraints: Radial, Sign
[MOS-Core] Radial weight: 1.0
[MOS-Core] Sign weight: 0.5, layer_reduce: quantile
[MOS-Core]   Radial threshold: 318.9601
[MOS-Core]   Sign threshold: 1.8771

[MOS-Core] Initializing population (size=10)...
[MOS-Core] constraint_mode=strict
[MOS-Core] objective_mode=dual
[MOS-Core] alpha_feasible=0.002625 boundary_width=7.62939e-06 refinements=13
[MOS-Boundary] alpha_feasible=0.002625 alpha_infeasible=0.002632 limiting_constraint=sign left=radial:ratio=0.00262451:score=0.997382:violation=0|sign:ratio=0.99797:score=0.500508:violation=0 right=radial:ratio=0.00263214:score=0.997375:violation=0|sign:ratio=1.00143:score=0.499642:violation=0.00143194
[MOS-Core] adaptive_guided_init=True alpha_feasible=0.002625 alpha_init=0.002625 scales=[0.0, 0.00052490234375, 0.0010498046875, 0.00157470703125, 0.002099609375, 0.00262451171875]
[MOS-Core] Generated 6 scale-based seeds: [0.0, 0.00052490234375, 0.0010498046875, 0.00157470703125, 0.002099609375, 0.00262451171875]
[MOS-Core] Historical seed injected at position 3
[MOS-Core] historical_raw_norm=0.895990
[MOS-Core] historical_direction_norm=1.000000
[MOS-Core] historical_seed_target_scale=159.480026
[MOS-Core] historical_seed_final_norm=159.480026
[MOS-Core] Generated 4 random candidates (noise_scale=0.1)
[MOS-Core] Initial population norms: min=0.0000, mean=76.5393, max=286.1731
[MOS-Core] Budget ratios: min=0.0000, mean=0.2400, max=0.8972
[MOS-Core] Clipped ratio: 0.00%
[MOS-Core] Historical seed used: True

[MOS-Core] Starting NSGA-II evolution...
[MOS-Core] Generations: 100
[MOS-Core] Population size: 10
[MOS-Core] SBX eta: 15.0, crossover_prob: 0.9
[MOS-Core] Mutation scale: 0.05
[MOS-Core] Gen 1/100:
  Stealth: mean=0.883, best=1.000
  Destructiveness: mean=0.365, best=0.837
  CV: mean=0.3327, min=0.0000
  Feasibility: count=9, ratio=90.00%
  Max feasible destruct: 0.837
  Pareto front size: 7
  Budget ratio: mean=0.019, max=0.051
  Radial: mean_ratio=0.019, max_ratio=0.051, mean_score=0.982
  Sign: mean_ratio=1.164, max_ratio=7.655, mean_score=0.684
[MOS-Core] Gen 10/100:
  Stealth: mean=0.894, best=1.000
  Destructiveness: mean=0.437, best=0.844
  CV: mean=0.0000, min=0.0000
  Feasibility: count=10, ratio=100.00%
  Max feasible destruct: 0.844
  Pareto front size: 10
  Budget ratio: mean=0.037, max=0.122
  Radial: mean_ratio=0.037, max_ratio=0.122, mean_score=0.966
  Sign: mean_ratio=0.428, max_ratio=0.998, mean_score=0.749
[MOS-Core] Gen 20/100:
  Stealth: mean=0.878, best=1.000
  Destructiveness: mean=0.490, best=0.857
  CV: mean=0.0000, min=0.0000
  Feasibility: count=10, ratio=100.00%
  Max feasible destruct: 0.857
  Pareto front size: 10
  Budget ratio: mean=0.047, max=0.141
  Radial: mean_ratio=0.047, max_ratio=0.141, mean_score=0.958
  Sign: mean_ratio=0.501, max_ratio=0.998, mean_score=0.719
[MOS-Core] Gen 30/100:
  Stealth: mean=0.875, best=1.000
  Destructiveness: mean=0.492, best=0.864
  CV: mean=0.0000, min=0.0000
  Feasibility: count=10, ratio=100.00%
  Max feasible destruct: 0.864
  Pareto front size: 10
  Budget ratio: mean=0.053, max=0.154
  Radial: mean_ratio=0.053, max_ratio=0.154, mean_score=0.953
  Sign: mean_ratio=0.500, max_ratio=0.999, mean_score=0.719
[MOS-Core] Gen 40/100:
  Stealth: mean=0.867, best=1.000
  Destructiveness: mean=0.510, best=0.871
  CV: mean=0.0000, min=0.0000
  Feasibility: count=10, ratio=100.00%
  Max feasible destruct: 0.871
  Pareto front size: 10
  Budget ratio: mean=0.063, max=0.227
  Radial: mean_ratio=0.063, max_ratio=0.227, mean_score=0.945
  Sign: mean_ratio=0.528, max_ratio=1.000, mean_score=0.712
[MOS-Core] Gen 50/100:
  Stealth: mean=0.878, best=1.000
  Destructiveness: mean=0.445, best=0.878
  CV: mean=0.0000, min=0.0000
  Feasibility: count=10, ratio=100.00%
  Max feasible destruct: 0.878
  Pareto front size: 10
  Budget ratio: mean=0.068, max=0.267
  Radial: mean_ratio=0.068, max_ratio=0.267, mean_score=0.942
  Sign: mean_ratio=0.427, max_ratio=0.981, mean_score=0.750
[MOS-Core] Gen 60/100:
  Stealth: mean=0.878, best=1.000
  Destructiveness: mean=0.447, best=0.890
  CV: mean=0.0000, min=0.0000
  Feasibility: count=10, ratio=100.00%
  Max feasible destruct: 0.890
  Pareto front size: 10
  Budget ratio: mean=0.067, max=0.267
  Radial: mean_ratio=0.067, max_ratio=0.267, mean_score=0.942
  Sign: mean_ratio=0.431, max_ratio=0.982, mean_score=0.748
[MOS-Core] Gen 70/100:
  Stealth: mean=0.885, best=1.000
  Destructiveness: mean=0.428, best=0.900
  CV: mean=0.0000, min=0.0000
  Feasibility: count=10, ratio=100.00%
  Max feasible destruct: 0.900
  Pareto front size: 10
  Budget ratio: mean=0.056, max=0.214
  Radial: mean_ratio=0.056, max_ratio=0.214, mean_score=0.951
  Sign: mean_ratio=0.411, max_ratio=0.997, mean_score=0.754
[MOS-Core] Gen 80/100:
  Stealth: mean=0.862, best=1.000
  Destructiveness: mean=0.488, best=0.915
  CV: mean=0.0000, min=0.0000
  Feasibility: count=10, ratio=100.00%
  Max feasible destruct: 0.915
  Pareto front size: 10
  Budget ratio: mean=0.078, max=0.270
  Radial: mean_ratio=0.078, max_ratio=0.270, mean_score=0.933
  Sign: mean_ratio=0.490, max_ratio=0.999, mean_score=0.720
[MOS-Core] Gen 90/100:
  Stealth: mean=0.862, best=1.000
  Destructiveness: mean=0.474, best=0.926
  CV: mean=0.0000, min=0.0000
  Feasibility: count=10, ratio=100.00%
  Max feasible destruct: 0.926
  Pareto front size: 10
  Budget ratio: mean=0.081, max=0.300
  Radial: mean_ratio=0.081, max_ratio=0.300, mean_score=0.931
  Sign: mean_ratio=0.490, max_ratio=0.991, mean_score=0.723
[MOS-Core] Gen 100/100:
  Stealth: mean=0.840, best=1.000
  Destructiveness: mean=0.551, best=0.941
  CV: mean=0.0000, min=0.0000
  Feasibility: count=10, ratio=100.00%
  Max feasible destruct: 0.941
  Pareto front size: 10
  Budget ratio: mean=0.094, max=0.335
  Radial: mean_ratio=0.094, max_ratio=0.335, mean_score=0.921
  Sign: mean_ratio=0.583, max_ratio=0.996, mean_score=0.678

[MOS-Core] Selecting final solution...
[MOS-Core] Selection parameters:
  Lambda_s (stealth weight): 0.50
  Lambda_a (attack weight): 0.50
  Attack floor ratio: 0.0941

[MOS-Core] Feasibility summary:
  Feasible solutions: 10
  Feasible ratio: 100.00%
  Selection mode: feasible
  Min CV in front: 0.0000

[MOS-Core] Pareto front summary:
  Front size: 10
  Stealth range: [0.667, 1.000]
  Destructiveness range: [0.000, 0.941]
  CV range: [0.0000, 0.0000]
  Candidates after attack floor: 8

[MOS-Core] Selected solution (index=6):
[MOS-Core]   Constraint pass score (R): 0.856
[MOS-Core]   Destructiveness (A): 0.670
[MOS-Core]   Total CV: 0.0000
[MOS-Core]   Deviation norm: 0.6697
[MOS-Core]   Budget usage: 0.21%
[MOS-Core] selection_mode=balanced_knee
[MOS-Core] selected_budget_ratio=0.002100
[MOS-Core] selected_stealth=0.856200
[MOS-Core] selected_destructiveness=0.669687
[MOS-Core] selected_R=0.856200
[MOS-Core] selected_A=0.669687
[MOS-Core] selected_cv=0.000000
[MOS-Core] selected_CV=0.000000
[MOS-Core] selected_feasible=True
[MOS-Core] selected_guidance_alignment=1.000000
[MOS-Core] Per-constraint details:
[MOS-Core]   Radial: score=0.998, ratio=0.002, violation=0.000, loss=0.6697, threshold=318.9601
[MOS-Core]   Sign: score=0.573, ratio=0.746, violation=0.000, loss=1.4000, threshold=1.8771

[MOS-Core] Generating 6 malicious updates...
[MOS-Core] Template noise scale: 0.0001
[MOS-Core] Output norms: min=0.6699, mean=0.6702, max=0.6707
[MOS-Core] Attack completed successfully
============================================================

attack:mos_attack
defend:multi_krum
[FiniteAudit] round=32 defense=multi_krum selected_count=3 selected_malicious_count=3 selected_updates_finite=True selected_indices=[3, 5, 4]
[FiniteAudit] round=32 global_pre_finite=True benign_updates_finite=True malicious_updates_finite=True attack_budget_output_finite=True aggregate_input_finite=True aggregate_output_finite=True global_post_finite=True first_bad_stage=none rejected=False rollback=False
t  32: train_loss = 1.273, test_acc = 18.400
attack numbers = 9
[FiniteAudit] round=33 checkpoint_promoted_after_benign=True
current iteration attack ratio: 0.36

============================================================
[MOS-Core] Starting MOS-Attack
============================================================
[MOS-Core] Total parameters: 11,183,582
[MOS-Core] Benign clients: 16
[MOS-Core] Malicious slots: 9
[MOS-Core] Benign mean norm: 889.8731
[MOS-Core] Benign std (mean): 0.0011
[MOS-Core] ce_raw_norm=75851216.0
[MOS-Core] cw_raw_norm=75851216.0
[MOS-Core] ce_valid=True
[MOS-Core] cw_valid=True
[MOS-Core] ce_cw_cosine=0.9999998807907104
[MOS-Core] combined_pre_norm=0.9999999403953552
[MOS-Core] historical_direction_valid=True
[MOS-Core] historical_direction_norm=0.6696915626525879
[MOS-Core] guidance_history_cosine=0.9772915244102478
[MOS-Core] guidance_source=ce_cw_combined
[MOS-Core] guidance_fallback_used=False
[MOS-Core] final_guidance_norm=1.000000
[MOS-Core] Base radial threshold (q=0.95): 433.9542
[MOS-Core] Attack budget ratio: 1.0
[MOS-Core] current_budget=433.954224
[MOS-Core] current_budget_valid=True

[MOS-Core] Initializing constraints...
[MOS-Core] Enabled constraints: Radial, Sign
[MOS-Core] Radial weight: 1.0
[MOS-Core] Sign weight: 0.5, layer_reduce: quantile
[MOS-Core]   Radial threshold: 433.9542
[MOS-Core]   Sign threshold: 1.8602

[MOS-Core] Initializing population (size=10)...
[MOS-Core] constraint_mode=strict
[MOS-Core] objective_mode=dual
[MOS-Core] alpha_feasible=0.002388 boundary_width=7.62939e-06 refinements=13
[MOS-Boundary] alpha_feasible=0.002388 alpha_infeasible=0.002396 limiting_constraint=sign left=radial:ratio=0.002388:score=0.997618:violation=0|sign:ratio=0.997744:score=0.500565:violation=0 right=radial:ratio=0.00239563:score=0.99761:violation=0|sign:ratio=1.00216:score=0.499461:violation=0.00215781
[MOS-Core] adaptive_guided_init=True alpha_feasible=0.002388 alpha_init=0.002388 scales=[0.0, 0.00047760009765625, 0.0009552001953125, 0.0014328002929687499, 0.001910400390625, 0.00238800048828125]
[MOS-Core] Generated 6 scale-based seeds: [0.0, 0.00047760009765625, 0.0009552001953125, 0.0014328002929687499, 0.001910400390625, 0.00238800048828125]
[MOS-Core] Historical seed injected at position 3
[MOS-Core] historical_raw_norm=0.669692
[MOS-Core] historical_direction_norm=1.000000
[MOS-Core] historical_seed_target_scale=216.977112
[MOS-Core] historical_seed_final_norm=216.977097
[MOS-Core] Generated 4 random candidates (noise_scale=0.1)
[MOS-Core] Initial population norms: min=0.0000, mean=116.5530, max=356.2485
[MOS-Core] Budget ratios: min=0.0000, mean=0.2686, max=0.8209
[MOS-Core] Clipped ratio: 0.00%
[MOS-Core] Historical seed used: True

[MOS-Core] Starting NSGA-II evolution...
[MOS-Core] Generations: 100
[MOS-Core] Population size: 10
[MOS-Core] SBX eta: 15.0, crossover_prob: 0.9
[MOS-Core] Mutation scale: 0.05
[MOS-Core] Gen 1/100:
  Stealth: mean=0.899, best=1.000
  Destructiveness: mean=0.580, best=1.036
  CV: mean=0.0000, min=0.0000
  Feasibility: count=10, ratio=100.00%
  Max feasible destruct: 1.036
  Pareto front size: 7
  Budget ratio: mean=0.013, max=0.035
  Radial: mean_ratio=0.013, max_ratio=0.035, mean_score=0.987
  Sign: mean_ratio=0.498, max_ratio=1.000, mean_score=0.723
[MOS-Core] Gen 10/100:
  Stealth: mean=0.893, best=1.000
  Destructiveness: mean=0.565, best=1.059
  CV: mean=0.0000, min=0.0000
  Feasibility: count=10, ratio=100.00%
  Max feasible destruct: 1.059
  Pareto front size: 10
  Budget ratio: mean=0.033, max=0.095
  Radial: mean_ratio=0.033, max_ratio=0.095, mean_score=0.969
  Sign: mean_ratio=0.452, max_ratio=0.998, mean_score=0.742
[MOS-Core] Gen 20/100:
  Stealth: mean=0.885, best=1.000
  Destructiveness: mean=0.605, best=1.063
  CV: mean=0.0000, min=0.0000
  Feasibility: count=10, ratio=100.00%
  Max feasible destruct: 1.063
  Pareto front size: 10
  Budget ratio: mean=0.033, max=0.146
  Radial: mean_ratio=0.033, max_ratio=0.146, mean_score=0.970
  Sign: mean_ratio=0.508, max_ratio=0.999, mean_score=0.714
[MOS-Core] Gen 30/100:
  Stealth: mean=0.899, best=1.000
  Destructiveness: mean=0.543, best=1.067
  CV: mean=0.0000, min=0.0000
  Feasibility: count=10, ratio=100.00%
  Max feasible destruct: 1.067
  Pareto front size: 10
  Budget ratio: mean=0.031, max=0.172
  Radial: mean_ratio=0.031, max_ratio=0.172, mean_score=0.972
  Sign: mean_ratio=0.436, max_ratio=0.998, mean_score=0.754
[MOS-Core] Gen 40/100:
  Stealth: mean=0.854, best=1.000
  Destructiveness: mean=0.696, best=1.084
  CV: mean=0.0000, min=0.0000
  Feasibility: count=10, ratio=100.00%
  Max feasible destruct: 1.084
  Pareto front size: 10
  Budget ratio: mean=0.063, max=0.223
  Radial: mean_ratio=0.063, max_ratio=0.223, mean_score=0.946
  Sign: mean_ratio=0.601, max_ratio=0.998, mean_score=0.671
[MOS-Core] Gen 50/100:
  Stealth: mean=0.866, best=1.000
  Destructiveness: mean=0.614, best=1.085
  CV: mean=0.0000, min=0.0000
  Feasibility: count=10, ratio=100.00%
  Max feasible destruct: 1.085
  Pareto front size: 10
  Budget ratio: mean=0.068, max=0.233
  Radial: mean_ratio=0.068, max_ratio=0.233, mean_score=0.941
  Sign: mean_ratio=0.510, max_ratio=0.997, mean_score=0.715
[MOS-Core] Gen 60/100:
  Stealth: mean=0.848, best=1.000
  Destructiveness: mean=0.678, best=1.104
  CV: mean=0.0000, min=0.0000
  Feasibility: count=10, ratio=100.00%
  Max feasible destruct: 1.104
  Pareto front size: 10
  Budget ratio: mean=0.076, max=0.265
  Radial: mean_ratio=0.076, max_ratio=0.265, mean_score=0.936
  Sign: mean_ratio=0.601, max_ratio=0.999, mean_score=0.672
[MOS-Core] Gen 70/100:
  Stealth: mean=0.844, best=1.000
  Destructiveness: mean=0.681, best=1.123
  CV: mean=0.0000, min=0.0000
  Feasibility: count=10, ratio=100.00%
  Max feasible destruct: 1.123
  Pareto front size: 10
  Budget ratio: mean=0.081, max=0.291
  Radial: mean_ratio=0.081, max_ratio=0.291, mean_score=0.931
  Sign: mean_ratio=0.602, max_ratio=0.997, mean_score=0.670
[MOS-Core] Gen 80/100:
  Stealth: mean=0.841, best=1.000
  Destructiveness: mean=0.685, best=1.136
  CV: mean=0.0000, min=0.0000
  Feasibility: count=10, ratio=100.00%
  Max feasible destruct: 1.136
  Pareto front size: 10
  Budget ratio: mean=0.087, max=0.317
  Radial: mean_ratio=0.087, max_ratio=0.317, mean_score=0.926
  Sign: mean_ratio=0.601, max_ratio=0.996, mean_score=0.670
[MOS-Core] Gen 90/100:
  Stealth: mean=0.854, best=1.000
  Destructiveness: mean=0.624, best=1.153
  CV: mean=0.0000, min=0.0000
  Feasibility: count=10, ratio=100.00%
  Max feasible destruct: 1.153
  Pareto front size: 10
  Budget ratio: mean=0.085, max=0.343
  Radial: mean_ratio=0.085, max_ratio=0.343, mean_score=0.930
  Sign: mean_ratio=0.523, max_ratio=0.997, mean_score=0.702
[MOS-Core] Gen 100/100:
  Stealth: mean=0.865, best=1.000
  Destructiveness: mean=0.624, best=1.184
  CV: mean=0.0000, min=0.0000
  Feasibility: count=10, ratio=100.00%
  Max feasible destruct: 1.184
  Pareto front size: 10
  Budget ratio: mean=0.062, max=0.275
  Radial: mean_ratio=0.062, max_ratio=0.275, mean_score=0.946
  Sign: mean_ratio=0.522, max_ratio=0.999, mean_score=0.703

[MOS-Core] Selecting final solution...
[MOS-Core] Selection parameters:
  Lambda_s (stealth weight): 0.50
  Lambda_a (attack weight): 0.50
  Attack floor ratio: 0.1184

[MOS-Core] Feasibility summary:
  Feasible solutions: 10
  Feasible ratio: 100.00%
  Selection mode: feasible
  Min CV in front: 0.0000

[MOS-Core] Pareto front summary:
  Front size: 10
  Stealth range: [0.690, 1.000]
  Destructiveness range: [0.000, 1.184]
  CV range: [0.0000, 0.0000]
  Candidates after attack floor: 8

[MOS-Core] Selected solution (index=5):
[MOS-Core]   Constraint pass score (R): 0.857
[MOS-Core]   Destructiveness (A): 0.829
[MOS-Core]   Total CV: 0.0000
[MOS-Core]   Deviation norm: 0.8290
[MOS-Core]   Budget usage: 0.19%
[MOS-Core] selection_mode=balanced_knee
[MOS-Core] selected_budget_ratio=0.001910
[MOS-Core] selected_stealth=0.857307
[MOS-Core] selected_destructiveness=0.829020
[MOS-Core] selected_R=0.857307
[MOS-Core] selected_A=0.829020
[MOS-Core] selected_cv=0.000000
[MOS-Core] selected_CV=0.000000
[MOS-Core] selected_feasible=True
[MOS-Core] selected_guidance_alignment=1.000000
[MOS-Core] Per-constraint details:
[MOS-Core]   Radial: score=0.998, ratio=0.002, violation=0.000, loss=0.8290, threshold=433.9542
[MOS-Core]   Sign: score=0.576, ratio=0.737, violation=0.000, loss=1.3708, threshold=1.8602

[MOS-Core] Generating 9 malicious updates...
[MOS-Core] Template noise scale: 0.0001
[MOS-Core] Output norms: min=0.8292, mean=0.8293, max=0.8295
[MOS-Core] Attack completed successfully
============================================================

attack:mos_attack
defend:multi_krum
[FiniteAudit] round=33 defense=multi_krum selected_count=3 selected_malicious_count=3 selected_updates_finite=True selected_indices=[1, 7, 6]
[FiniteAudit] round=33 global_pre_finite=True benign_updates_finite=True malicious_updates_finite=True attack_budget_output_finite=True aggregate_input_finite=True aggregate_output_finite=True global_post_finite=True first_bad_stage=none rejected=False rollback=False
t  33: train_loss = 1.268, test_acc = 15.530
attack numbers = 8
[FiniteAudit] round=34 checkpoint_promoted_after_benign=True
current iteration attack ratio: 0.32

============================================================
[MOS-Core] Starting MOS-Attack
============================================================
[MOS-Core] Total parameters: 11,183,582
[MOS-Core] Benign clients: 17
[MOS-Core] Malicious slots: 8
[MOS-Core] Benign mean norm: 969.5283
[MOS-Core] Benign std (mean): 0.0011
[MOS-Core] ce_raw_norm=153770336.0
[MOS-Core] cw_raw_norm=153770336.0
[MOS-Core] ce_valid=True
[MOS-Core] cw_valid=True
[MOS-Core] ce_cw_cosine=1.0000001192092896
[MOS-Core] combined_pre_norm=1.0
[MOS-Core] historical_direction_valid=True
[MOS-Core] historical_direction_norm=0.8290263414382935
[MOS-Core] guidance_history_cosine=0.9742698669433594
[MOS-Core] guidance_source=ce_cw_combined
[MOS-Core] guidance_fallback_used=False
[MOS-Core] final_guidance_norm=1.000000
[MOS-Core] Base radial threshold (q=0.95): 461.5227
[MOS-Core] Attack budget ratio: 1.0
[MOS-Core] current_budget=461.522736
[MOS-Core] current_budget_valid=True

[MOS-Core] Initializing constraints...
[MOS-Core] Enabled constraints: Radial, Sign
[MOS-Core] Radial weight: 1.0
[MOS-Core] Sign weight: 0.5, layer_reduce: quantile
[MOS-Core]   Radial threshold: 461.5227
[MOS-Core]   Sign threshold: 1.7587

[MOS-Core] Initializing population (size=10)...
[MOS-Core] constraint_mode=strict
[MOS-Core] objective_mode=dual
[MOS-Core] alpha_feasible=0.001778 boundary_width=7.62939e-06 refinements=13
[MOS-Boundary] alpha_feasible=0.001778 alpha_infeasible=0.001785 limiting_constraint=sign left=radial:ratio=0.00177765:score=0.998226:violation=0|sign:ratio=0.996974:score=0.500758:violation=0 right=radial:ratio=0.00178528:score=0.998218:violation=0|sign:ratio=1.00271:score=0.499324:violation=0.00270867
[MOS-Core] adaptive_guided_init=True alpha_feasible=0.001778 alpha_init=0.001778 scales=[0.0, 0.00035552978515625, 0.0007110595703125, 0.0010665893554687499, 0.001422119140625, 0.00177764892578125]
[MOS-Core] Generated 6 scale-based seeds: [0.0, 0.00035552978515625, 0.0007110595703125, 0.0010665893554687499, 0.001422119140625, 0.00177764892578125]
[MOS-Core] Historical seed injected at position 3
[MOS-Core] historical_raw_norm=0.829026
[MOS-Core] historical_direction_norm=1.000000
[MOS-Core] historical_seed_target_scale=230.761368
[MOS-Core] historical_seed_final_norm=230.761383
[MOS-Core] Generated 4 random candidates (noise_scale=0.1)
[MOS-Core] Initial population norms: min=0.0000, mean=151.4958, max=346.4171
[MOS-Core] Budget ratios: min=0.0000, mean=0.3283, max=0.7506
[MOS-Core] Clipped ratio: 0.00%
[MOS-Core] Historical seed used: True

[MOS-Core] Starting NSGA-II evolution...
[MOS-Core] Generations: 100
[MOS-Core] Population size: 10
[MOS-Core] SBX eta: 15.0, crossover_prob: 0.9
[MOS-Core] Mutation scale: 0.05
[MOS-Core] Gen 1/100:
  Stealth: mean=0.879, best=1.000
  Destructiveness: mean=0.433, best=0.820
  CV: mean=0.2945, min=0.0000
  Feasibility: count=9, ratio=90.00%
  Max feasible destruct: 0.820
  Pareto front size: 6
  Budget ratio: mean=0.014, max=0.041
  Radial: mean_ratio=0.014, max_ratio=0.041, mean_score=0.986
  Sign: mean_ratio=1.133, max_ratio=6.890, mean_score=0.663
[MOS-Core] Gen 10/100:
  Stealth: mean=0.903, best=1.000
  Destructiveness: mean=0.429, best=0.832
  CV: mean=0.0000, min=0.0000
  Feasibility: count=10, ratio=100.00%
  Max feasible destruct: 0.832
  Pareto front size: 10
  Budget ratio: mean=0.022, max=0.078
  Radial: mean_ratio=0.022, max_ratio=0.078, mean_score=0.979
  Sign: mean_ratio=0.420, max_ratio=0.997, mean_score=0.752
[MOS-Core] Gen 20/100:
  Stealth: mean=0.898, best=1.000
  Destructiveness: mean=0.430, best=0.841
  CV: mean=0.0000, min=0.0000
  Feasibility: count=10, ratio=100.00%
  Max feasible destruct: 0.841
  Pareto front size: 10
  Budget ratio: mean=0.030, max=0.101
  Radial: mean_ratio=0.030, max_ratio=0.101, mean_score=0.972
  Sign: mean_ratio=0.423, max_ratio=0.997, mean_score=0.751
[MOS-Core] Gen 30/100:
  Stealth: mean=0.896, best=1.000
  Destructiveness: mean=0.431, best=0.845
  CV: mean=0.0000, min=0.0000
  Feasibility: count=10, ratio=100.00%
  Max feasible destruct: 0.845
  Pareto front size: 10
  Budget ratio: mean=0.034, max=0.089
  Radial: mean_ratio=0.034, max_ratio=0.089, mean_score=0.969
  Sign: mean_ratio=0.425, max_ratio=0.996, mean_score=0.749
[MOS-Core] Gen 40/100:
  Stealth: mean=0.892, best=1.000
  Destructiveness: mean=0.433, best=0.854
  CV: mean=0.0000, min=0.0000
  Feasibility: count=10, ratio=100.00%
  Max feasible destruct: 0.854
  Pareto front size: 10
  Budget ratio: mean=0.039, max=0.101
  Radial: mean_ratio=0.039, max_ratio=0.101, mean_score=0.964
  Sign: mean_ratio=0.427, max_ratio=0.999, mean_score=0.748
[MOS-Core] Gen 50/100:
  Stealth: mean=0.881, best=1.000
  Destructiveness: mean=0.457, best=0.874
  CV: mean=0.0000, min=0.0000
  Feasibility: count=10, ratio=100.00%
  Max feasible destruct: 0.874
  Pareto front size: 10
  Budget ratio: mean=0.050, max=0.114
  Radial: mean_ratio=0.050, max_ratio=0.114, mean_score=0.954
  Sign: mean_ratio=0.442, max_ratio=0.976, mean_score=0.733
[MOS-Core] Gen 60/100:
  Stealth: mean=0.886, best=1.000
  Destructiveness: mean=0.441, best=0.891
  CV: mean=0.0000, min=0.0000
  Feasibility: count=10, ratio=100.00%
  Max feasible destruct: 0.891
  Pareto front size: 10
  Budget ratio: mean=0.051, max=0.127
  Radial: mean_ratio=0.051, max_ratio=0.127, mean_score=0.954
  Sign: mean_ratio=0.424, max_ratio=0.976, mean_score=0.750
[MOS-Core] Gen 70/100:
  Stealth: mean=0.869, best=1.000
  Destructiveness: mean=0.478, best=0.904
  CV: mean=0.0000, min=0.0000
  Feasibility: count=10, ratio=100.00%
  Max feasible destruct: 0.904
  Pareto front size: 10
  Budget ratio: mean=0.060, max=0.173
  Radial: mean_ratio=0.060, max_ratio=0.173, mean_score=0.947
  Sign: mean_ratio=0.490, max_ratio=0.983, mean_score=0.714
[MOS-Core] Gen 80/100:
  Stealth: mean=0.852, best=1.000
  Destructiveness: mean=0.516, best=0.927
  CV: mean=0.0000, min=0.0000
  Feasibility: count=10, ratio=100.00%
  Max feasible destruct: 0.927
  Pareto front size: 10
  Budget ratio: mean=0.072, max=0.199
  Radial: mean_ratio=0.072, max_ratio=0.199, mean_score=0.936
  Sign: mean_ratio=0.558, max_ratio=0.987, mean_score=0.683
[MOS-Core] Gen 90/100:
  Stealth: mean=0.862, best=1.000
  Destructiveness: mean=0.488, best=0.942
  CV: mean=0.0000, min=0.0000
  Feasibility: count=10, ratio=100.00%
  Max feasible destruct: 0.942
  Pareto front size: 10
  Budget ratio: mean=0.069, max=0.177
  Radial: mean_ratio=0.069, max_ratio=0.177, mean_score=0.939
  Sign: mean_ratio=0.505, max_ratio=0.993, mean_score=0.708
[MOS-Core] Gen 100/100:
  Stealth: mean=0.845, best=1.000
  Destructiveness: mean=0.528, best=0.958
  CV: mean=0.0000, min=0.0000
  Feasibility: count=10, ratio=100.00%
  Max feasible destruct: 0.958
  Pareto front size: 10
  Budget ratio: mean=0.080, max=0.218
  Radial: mean_ratio=0.080, max_ratio=0.218, mean_score=0.930
  Sign: mean_ratio=0.577, max_ratio=0.987, mean_score=0.675

[MOS-Core] Selecting final solution...
[MOS-Core] Selection parameters:
  Lambda_s (stealth weight): 0.50
  Lambda_a (attack weight): 0.50
  Attack floor ratio: 0.0958

[MOS-Core] Feasibility summary:
  Feasible solutions: 10
  Feasible ratio: 100.00%
  Selection mode: feasible
  Min CV in front: 0.0000

[MOS-Core] Pareto front summary:
  Front size: 10
  Stealth range: [0.715, 1.000]
  Destructiveness range: [0.000, 0.958]
  CV range: [0.0000, 0.0000]
  Candidates after attack floor: 8

[MOS-Core] Selected solution (index=7):
[MOS-Core]   Constraint pass score (R): 0.860
[MOS-Core]   Destructiveness (A): 0.656
[MOS-Core]   Total CV: 0.0000
[MOS-Core]   Deviation norm: 0.6563
[MOS-Core]   Budget usage: 0.14%
[MOS-Core] selection_mode=balanced_knee
[MOS-Core] selected_budget_ratio=0.001422
[MOS-Core] selected_stealth=0.859666
[MOS-Core] selected_destructiveness=0.656336
[MOS-Core] selected_R=0.859666
[MOS-Core] selected_A=0.656336
[MOS-Core] selected_cv=0.000000
[MOS-Core] selected_CV=0.000000
[MOS-Core] selected_feasible=True
[MOS-Core] selected_guidance_alignment=1.000000
[MOS-Core] Per-constraint details:
[MOS-Core]   Radial: score=0.999, ratio=0.001, violation=0.000, loss=0.6563, threshold=461.5227
[MOS-Core]   Sign: score=0.582, ratio=0.719, violation=0.000, loss=1.2639, threshold=1.7587

[MOS-Core] Generating 8 malicious updates...
[MOS-Core] Template noise scale: 0.0001
[MOS-Core] Output norms: min=0.6565, mean=0.6569, max=0.6579
[MOS-Core] Attack completed successfully
============================================================

attack:mos_attack
defend:multi_krum
[FiniteAudit] round=34 defense=multi_krum selected_count=3 selected_malicious_count=3 selected_updates_finite=True selected_indices=[3, 0, 4]
[FiniteAudit] round=34 global_pre_finite=True benign_updates_finite=True malicious_updates_finite=True attack_budget_output_finite=True aggregate_input_finite=True aggregate_output_finite=True global_post_finite=True first_bad_stage=none rejected=False rollback=False
t  34: train_loss = 1.251, test_acc = 21.270
attack numbers = 0
[FiniteAudit] round=35 checkpoint_promoted_after_benign=True
current iteration attack ratio: 0.0
attack:mos_attack
defend:multi_krum
[FiniteAudit] round=35 defense=multi_krum selected_count=3 selected_malicious_count=0 selected_updates_finite=True selected_indices=[1, 0, 2]
[FiniteAudit] round=35 global_pre_finite=True benign_updates_finite=True malicious_updates_finite=True attack_budget_output_finite=True aggregate_input_finite=True aggregate_output_finite=True global_post_finite=True first_bad_stage=none rejected=False rollback=False
t  35: train_loss = 1.218, test_acc = 53.920
attack numbers = 6
[FiniteAudit] round=36 checkpoint_promoted_after_benign=True
current iteration attack ratio: 0.24

============================================================
[MOS-Core] Starting MOS-Attack
============================================================
[MOS-Core] Total parameters: 11,183,582
[MOS-Core] Benign clients: 19
[MOS-Core] Malicious slots: 6
[MOS-Core] Benign mean norm: 283.7743
[MOS-Core] Benign std (mean): 0.0011
[MOS-Core] ce_raw_norm=183302368.0
[MOS-Core] cw_raw_norm=183302368.0
[MOS-Core] ce_valid=True
[MOS-Core] cw_valid=True
[MOS-Core] ce_cw_cosine=1.0
[MOS-Core] combined_pre_norm=1.0
[MOS-Core] historical_direction_valid=True
[MOS-Core] historical_direction_norm=0.6563403010368347
[MOS-Core] guidance_history_cosine=0.9690601229667664
[MOS-Core] guidance_source=ce_cw_combined
[MOS-Core] guidance_fallback_used=False
[MOS-Core] final_guidance_norm=1.000000
[MOS-Core] Base radial threshold (q=0.95): 456.7253
[MOS-Core] Attack budget ratio: 1.0
[MOS-Core] current_budget=456.725281
[MOS-Core] current_budget_valid=True

[MOS-Core] Initializing constraints...
[MOS-Core] Enabled constraints: Radial, Sign
[MOS-Core] Radial weight: 1.0
[MOS-Core] Sign weight: 0.5, layer_reduce: quantile
[MOS-Core]   Radial threshold: 456.7253
[MOS-Core]   Sign threshold: 1.4038

[MOS-Core] Initializing population (size=10)...
[MOS-Core] constraint_mode=strict
[MOS-Core] objective_mode=dual
[MOS-Core] alpha_feasible=0.001663 boundary_width=7.62939e-06 refinements=13
[MOS-Boundary] alpha_feasible=0.001663 alpha_infeasible=0.001671 limiting_constraint=sign left=radial:ratio=0.00166321:score=0.99834:violation=0|sign:ratio=0.997938:score=0.500516:violation=0 right=radial:ratio=0.00167084:score=0.998332:violation=0|sign:ratio=1.00311:score=0.499224:violation=0.00310779
[MOS-Core] adaptive_guided_init=True alpha_feasible=0.001663 alpha_init=0.001663 scales=[0.0, 0.0003326416015625, 0.000665283203125, 0.0009979248046874999, 0.00133056640625, 0.0016632080078125]
[MOS-Core] Generated 6 scale-based seeds: [0.0, 0.0003326416015625, 0.000665283203125, 0.0009979248046874999, 0.00133056640625, 0.0016632080078125]
[MOS-Core] Historical seed injected at position 3
[MOS-Core] historical_raw_norm=0.656340
[MOS-Core] historical_direction_norm=1.000000
[MOS-Core] historical_seed_target_scale=228.362640
[MOS-Core] historical_seed_final_norm=228.362656
[MOS-Core] Generated 4 random candidates (noise_scale=0.1)
[MOS-Core] Initial population norms: min=0.0000, mean=128.4342, max=407.4894
[MOS-Core] Budget ratios: min=0.0000, mean=0.2812, max=0.8922
[MOS-Core] Clipped ratio: 0.00%
[MOS-Core] Historical seed used: True

[MOS-Core] Starting NSGA-II evolution...
[MOS-Core] Generations: 100
[MOS-Core] Population size: 10
[MOS-Core] SBX eta: 15.0, crossover_prob: 0.9
[MOS-Core] Mutation scale: 0.05
[MOS-Core] Gen 1/100:
  Stealth: mean=0.896, best=1.000
  Destructiveness: mean=0.410, best=0.760
  CV: mean=0.0000, min=0.0000
  Feasibility: count=10, ratio=100.00%
  Max feasible destruct: 0.760
  Pareto front size: 6
  Budget ratio: mean=0.015, max=0.041
  Radial: mean_ratio=0.015, max_ratio=0.041, mean_score=0.986
  Sign: mean_ratio=0.500, max_ratio=0.998, mean_score=0.715
[MOS-Core] Gen 10/100:
  Stealth: mean=0.882, best=1.000
  Destructiveness: mean=0.442, best=0.766
  CV: mean=0.0000, min=0.0000
  Feasibility: count=10, ratio=100.00%
  Max feasible destruct: 0.766
  Pareto front size: 10
  Budget ratio: mean=0.031, max=0.105
  Radial: mean_ratio=0.031, max_ratio=0.105, mean_score=0.971
  Sign: mean_ratio=0.528, max_ratio=0.998, mean_score=0.703
[MOS-Core] Gen 20/100:
  Stealth: mean=0.884, best=1.000
  Destructiveness: mean=0.412, best=0.769
  CV: mean=0.0000, min=0.0000
  Feasibility: count=10, ratio=100.00%
  Max feasible destruct: 0.769
  Pareto front size: 10
  Budget ratio: mean=0.038, max=0.128
  Radial: mean_ratio=0.038, max_ratio=0.128, mean_score=0.964
  Sign: mean_ratio=0.501, max_ratio=0.998, mean_score=0.724
[MOS-Core] Gen 30/100:
  Stealth: mean=0.861, best=1.000
  Destructiveness: mean=0.445, best=0.776
  CV: mean=0.0000, min=0.0000
  Feasibility: count=10, ratio=100.00%
  Max feasible destruct: 0.776
  Pareto front size: 10
  Budget ratio: mean=0.066, max=0.172
  Radial: mean_ratio=0.066, max_ratio=0.172, mean_score=0.940
  Sign: mean_ratio=0.529, max_ratio=0.997, mean_score=0.702
[MOS-Core] Gen 40/100:
  Stealth: mean=0.875, best=1.000
  Destructiveness: mean=0.370, best=0.778
  CV: mean=0.0000, min=0.0000
  Feasibility: count=10, ratio=100.00%
  Max feasible destruct: 0.778
  Pareto front size: 10
  Budget ratio: mean=0.071, max=0.223
  Radial: mean_ratio=0.071, max_ratio=0.223, mean_score=0.937
  Sign: mean_ratio=0.430, max_ratio=0.991, mean_score=0.750
[MOS-Core] Gen 50/100:
  Stealth: mean=0.858, best=1.000
  Destructiveness: mean=0.388, best=0.783
  CV: mean=0.0000, min=0.0000
  Feasibility: count=10, ratio=100.00%
  Max feasible destruct: 0.783
  Pareto front size: 10
  Budget ratio: mean=0.098, max=0.262
  Radial: mean_ratio=0.098, max_ratio=0.262, mean_score=0.915
  Sign: mean_ratio=0.450, max_ratio=0.991, mean_score=0.743
[MOS-Core] Gen 60/100:
  Stealth: mean=0.875, best=1.000
  Destructiveness: mean=0.372, best=0.786
  CV: mean=0.0000, min=0.0000
  Feasibility: count=10, ratio=100.00%
  Max feasible destruct: 0.786
  Pareto front size: 10
  Budget ratio: mean=0.070, max=0.210
  Radial: mean_ratio=0.070, max_ratio=0.210, mean_score=0.937
  Sign: mean_ratio=0.429, max_ratio=0.995, mean_score=0.750
[MOS-Core] Gen 70/100:
  Stealth: mean=0.860, best=1.000
  Destructiveness: mean=0.375, best=0.791
  CV: mean=0.0000, min=0.0000
  Feasibility: count=10, ratio=100.00%
  Max feasible destruct: 0.791
  Pareto front size: 10
  Budget ratio: mean=0.098, max=0.267
  Radial: mean_ratio=0.098, max_ratio=0.267, mean_score=0.916
  Sign: mean_ratio=0.433, max_ratio=0.999, mean_score=0.748
[MOS-Core] Gen 80/100:
  Stealth: mean=0.855, best=1.000
  Destructiveness: mean=0.377, best=0.799
  CV: mean=0.0000, min=0.0000
  Feasibility: count=10, ratio=100.00%
  Max feasible destruct: 0.799
  Pareto front size: 10
  Budget ratio: mean=0.103, max=0.238
  Radial: mean_ratio=0.103, max_ratio=0.238, mean_score=0.911
  Sign: mean_ratio=0.437, max_ratio=0.997, mean_score=0.744
[MOS-Core] Gen 90/100:
  Stealth: mean=0.858, best=1.000
  Destructiveness: mean=0.379, best=0.809
  CV: mean=0.0000, min=0.0000
  Feasibility: count=10, ratio=100.00%
  Max feasible destruct: 0.809
  Pareto front size: 10
  Budget ratio: mean=0.094, max=0.267
  Radial: mean_ratio=0.094, max_ratio=0.267, mean_score=0.918
  Sign: mean_ratio=0.446, max_ratio=0.998, mean_score=0.739
[MOS-Core] Gen 100/100:
  Stealth: mean=0.857, best=1.000
  Destructiveness: mean=0.380, best=0.819
  CV: mean=0.0000, min=0.0000
  Feasibility: count=10, ratio=100.00%
  Max feasible destruct: 0.819
  Pareto front size: 10
  Budget ratio: mean=0.097, max=0.293
  Radial: mean_ratio=0.097, max_ratio=0.293, mean_score=0.916
  Sign: mean_ratio=0.445, max_ratio=0.996, mean_score=0.738

[MOS-Core] Selecting final solution...
[MOS-Core] Selection parameters:
  Lambda_s (stealth weight): 0.50
  Lambda_a (attack weight): 0.50
  Attack floor ratio: 0.0819

[MOS-Core] Feasibility summary:
  Feasible solutions: 10
  Feasible ratio: 100.00%
  Selection mode: feasible
  Min CV in front: 0.0000

[MOS-Core] Pareto front summary:
  Front size: 10
  Stealth range: [0.684, 1.000]
  Destructiveness range: [0.000, 0.819]
  CV range: [0.0000, 0.0000]
  Candidates after attack floor: 8

[MOS-Core] Selected solution (index=2):
[MOS-Core]   Constraint pass score (R): 0.854
[MOS-Core]   Destructiveness (A): 0.608
[MOS-Core]   Total CV: 0.0000
[MOS-Core]   Deviation norm: 0.6077
[MOS-Core]   Budget usage: 0.13%
[MOS-Core] selection_mode=balanced_knee
[MOS-Core] selected_budget_ratio=0.001331
[MOS-Core] selected_stealth=0.853749
[MOS-Core] selected_destructiveness=0.607699
[MOS-Core] selected_R=0.853749
[MOS-Core] selected_A=0.607699
[MOS-Core] selected_cv=0.000000
[MOS-Core] selected_CV=0.000000
[MOS-Core] selected_feasible=True
[MOS-Core] selected_guidance_alignment=1.000000
[MOS-Core] Per-constraint details:
[MOS-Core]   Radial: score=0.999, ratio=0.001, violation=0.000, loss=0.6077, threshold=456.7253
[MOS-Core]   Sign: score=0.564, ratio=0.773, violation=0.000, loss=1.0856, threshold=1.4038

[MOS-Core] Generating 6 malicious updates...
[MOS-Core] Template noise scale: 0.0001
[MOS-Core] Output norms: min=0.6081, mean=0.6088, max=0.6100
[MOS-Core] Attack completed successfully
============================================================

attack:mos_attack
defend:multi_krum
[FiniteAudit] round=36 defense=multi_krum selected_count=3 selected_malicious_count=3 selected_updates_finite=True selected_indices=[0, 4, 2]
[FiniteAudit] round=36 global_pre_finite=True benign_updates_finite=True malicious_updates_finite=True attack_budget_output_finite=True aggregate_input_finite=True aggregate_output_finite=True global_post_finite=True first_bad_stage=none rejected=False rollback=False
t  36: train_loss = 1.233, test_acc = 27.550
attack numbers = 8
[FiniteAudit] round=37 checkpoint_promoted_after_benign=True
current iteration attack ratio: 0.32

============================================================
[MOS-Core] Starting MOS-Attack
============================================================
[MOS-Core] Total parameters: 11,183,582
[MOS-Core] Benign clients: 17
[MOS-Core] Malicious slots: 8
[MOS-Core] Benign mean norm: 534.4684
[MOS-Core] Benign std (mean): 0.0011
[MOS-Core] ce_raw_norm=346798816.0
[MOS-Core] cw_raw_norm=346798816.0
[MOS-Core] ce_valid=True
[MOS-Core] cw_valid=True
[MOS-Core] ce_cw_cosine=1.0
[MOS-Core] combined_pre_norm=1.0
[MOS-Core] historical_direction_valid=True
[MOS-Core] historical_direction_norm=0.6077032685279846
[MOS-Core] guidance_history_cosine=0.958747386932373
[MOS-Core] guidance_source=ce_cw_combined
[MOS-Core] guidance_fallback_used=False
[MOS-Core] final_guidance_norm=1.000000
[MOS-Core] Base radial threshold (q=0.95): 474.9598
[MOS-Core] Attack budget ratio: 1.0
[MOS-Core] current_budget=474.959839
[MOS-Core] current_budget_valid=True

[MOS-Core] Initializing constraints...
[MOS-Core] Enabled constraints: Radial, Sign
[MOS-Core] Radial weight: 1.0
[MOS-Core] Sign weight: 0.5, layer_reduce: quantile
[MOS-Core]   Radial threshold: 474.9598
[MOS-Core]   Sign threshold: 1.8787

[MOS-Core] Initializing population (size=10)...
[MOS-Core] constraint_mode=strict
[MOS-Core] objective_mode=dual
[MOS-Core] alpha_feasible=0.001579 boundary_width=7.62939e-06 refinements=13
[MOS-Boundary] alpha_feasible=0.001579 alpha_infeasible=0.001587 limiting_constraint=sign left=radial:ratio=0.00157928:score=0.998423:violation=0|sign:ratio=0.997361:score=0.500661:violation=0 right=radial:ratio=0.00158691:score=0.998416:violation=0|sign:ratio=1.00371:score=0.499074:violation=0.00371027
[MOS-Core] adaptive_guided_init=True alpha_feasible=0.001579 alpha_init=0.001579 scales=[0.0, 0.00031585693359375004, 0.0006317138671875001, 0.0009475708007812499, 0.0012634277343750002, 0.00157928466796875]
[MOS-Core] Generated 6 scale-based seeds: [0.0, 0.00031585693359375004, 0.0006317138671875001, 0.0009475708007812499, 0.0012634277343750002, 0.00157928466796875]
[MOS-Core] Historical seed injected at position 3
[MOS-Core] historical_raw_norm=0.607703
[MOS-Core] historical_direction_norm=1.000000
[MOS-Core] historical_seed_target_scale=237.479919
[MOS-Core] historical_seed_final_norm=237.479919
[MOS-Core] Generated 4 random candidates (noise_scale=0.1)
[MOS-Core] Initial population norms: min=0.0000, mean=145.6749, max=419.9669
[MOS-Core] Budget ratios: min=0.0000, mean=0.3067, max=0.8842
[MOS-Core] Clipped ratio: 0.00%
[MOS-Core] Historical seed used: True

[MOS-Core] Starting NSGA-II evolution...
[MOS-Core] Generations: 100
[MOS-Core] Population size: 10
[MOS-Core] SBX eta: 15.0, crossover_prob: 0.9
[MOS-Core] Mutation scale: 0.05
[MOS-Core] Gen 1/100:
  Stealth: mean=0.881, best=1.000
  Destructiveness: mean=0.383, best=0.750
  CV: mean=0.2558, min=0.0000
  Feasibility: count=8, ratio=80.00%
  Max feasible destruct: 0.750
  Pareto front size: 7
  Budget ratio: mean=0.019, max=0.047
  Radial: mean_ratio=0.019, max_ratio=0.047, mean_score=0.982
  Sign: mean_ratio=1.035, max_ratio=6.113, mean_score=0.679
[MOS-Core] Gen 10/100:
  Stealth: mean=0.897, best=1.000
  Destructiveness: mean=0.407, best=0.761
  CV: mean=0.0000, min=0.0000
  Feasibility: count=10, ratio=100.00%
  Max feasible destruct: 0.761
  Pareto front size: 10
  Budget ratio: mean=0.028, max=0.097
  Radial: mean_ratio=0.028, max_ratio=0.097, mean_score=0.974
  Sign: mean_ratio=0.449, max_ratio=0.997, mean_score=0.743
[MOS-Core] Gen 20/100:
  Stealth: mean=0.881, best=1.000
  Destructiveness: mean=0.440, best=0.775
  CV: mean=0.0000, min=0.0000
  Feasibility: count=10, ratio=100.00%
  Max feasible destruct: 0.775
  Pareto front size: 10
  Budget ratio: mean=0.043, max=0.157
  Radial: mean_ratio=0.043, max_ratio=0.157, mean_score=0.961
  Sign: mean_ratio=0.494, max_ratio=0.997, mean_score=0.720
[MOS-Core] Gen 30/100:
  Stealth: mean=0.868, best=1.000
  Destructiveness: mean=0.445, best=0.793
  CV: mean=0.0000, min=0.0000
  Feasibility: count=10, ratio=100.00%
  Max feasible destruct: 0.793
  Pareto front size: 10
  Budget ratio: mean=0.062, max=0.211
  Radial: mean_ratio=0.062, max_ratio=0.211, mean_score=0.945
  Sign: mean_ratio=0.507, max_ratio=0.996, mean_score=0.714
[MOS-Core] Gen 40/100:
  Stealth: mean=0.869, best=1.000
  Destructiveness: mean=0.448, best=0.808
  CV: mean=0.0000, min=0.0000
  Feasibility: count=10, ratio=100.00%
  Max feasible destruct: 0.808
  Pareto front size: 10
  Budget ratio: mean=0.064, max=0.217
  Radial: mean_ratio=0.064, max_ratio=0.217, mean_score=0.944
  Sign: mean_ratio=0.498, max_ratio=0.977, mean_score=0.718
[MOS-Core] Gen 50/100:
  Stealth: mean=0.875, best=1.000
  Destructiveness: mean=0.404, best=0.814
  CV: mean=0.0000, min=0.0000
  Feasibility: count=10, ratio=100.00%
  Max feasible destruct: 0.814
  Pareto front size: 10
  Budget ratio: mean=0.068, max=0.173
  Radial: mean_ratio=0.068, max_ratio=0.173, mean_score=0.940
  Sign: mean_ratio=0.433, max_ratio=0.989, mean_score=0.745
[MOS-Core] Gen 60/100:
  Stealth: mean=0.870, best=1.000
  Destructiveness: mean=0.436, best=0.824
  CV: mean=0.0000, min=0.0000
  Feasibility: count=10, ratio=100.00%
  Max feasible destruct: 0.824
  Pareto front size: 10
  Budget ratio: mean=0.061, max=0.179
  Radial: mean_ratio=0.061, max_ratio=0.179, mean_score=0.945
  Sign: mean_ratio=0.484, max_ratio=0.977, mean_score=0.721
[MOS-Core] Gen 70/100:
  Stealth: mean=0.870, best=1.000
  Destructiveness: mean=0.439, best=0.837
  CV: mean=0.0000, min=0.0000
  Feasibility: count=10, ratio=100.00%
  Max feasible destruct: 0.837
  Pareto front size: 10
  Budget ratio: mean=0.062, max=0.202
  Radial: mean_ratio=0.062, max_ratio=0.202, mean_score=0.945
  Sign: mean_ratio=0.482, max_ratio=0.990, mean_score=0.721
[MOS-Core] Gen 80/100:
  Stealth: mean=0.843, best=1.000
  Destructiveness: mean=0.512, best=0.848
  CV: mean=0.0000, min=0.0000
  Feasibility: count=10, ratio=100.00%
  Max feasible destruct: 0.848
  Pareto front size: 10
  Budget ratio: mean=0.086, max=0.233
  Radial: mean_ratio=0.086, max_ratio=0.233, mean_score=0.925
  Sign: mean_ratio=0.574, max_ratio=0.999, mean_score=0.678
[MOS-Core] Gen 90/100:
  Stealth: mean=0.869, best=1.000
  Destructiveness: mean=0.442, best=0.852
  CV: mean=0.0000, min=0.0000
  Feasibility: count=10, ratio=100.00%
  Max feasible destruct: 0.852
  Pareto front size: 10
  Budget ratio: mean=0.066, max=0.215
  Radial: mean_ratio=0.066, max_ratio=0.215, mean_score=0.942
  Sign: mean_ratio=0.481, max_ratio=0.986, mean_score=0.722
[MOS-Core] Gen 100/100:
  Stealth: mean=0.836, best=1.000
  Destructiveness: mean=0.499, best=0.867
  CV: mean=0.0000, min=0.0000
  Feasibility: count=10, ratio=100.00%
  Max feasible destruct: 0.867
  Pareto front size: 10
  Budget ratio: mean=0.099, max=0.237
  Radial: mean_ratio=0.099, max_ratio=0.237, mean_score=0.915
  Sign: mean_ratio=0.567, max_ratio=0.999, mean_score=0.677

[MOS-Core] Selecting final solution...
[MOS-Core] Selection parameters:
  Lambda_s (stealth weight): 0.50
  Lambda_a (attack weight): 0.50
  Attack floor ratio: 0.0867

[MOS-Core] Feasibility summary:
  Feasible solutions: 10
  Feasible ratio: 100.00%
  Selection mode: feasible
  Min CV in front: 0.0000

[MOS-Core] Pareto front summary:
  Front size: 10
  Stealth range: [0.706, 1.000]
  Destructiveness range: [0.000, 0.867]
  CV range: [0.0000, 0.0000]
  Candidates after attack floor: 9

[MOS-Core] Selected solution (index=6):
[MOS-Core]   Constraint pass score (R): 0.858
[MOS-Core]   Destructiveness (A): 0.600
[MOS-Core]   Total CV: 0.0000
[MOS-Core]   Deviation norm: 0.6001
[MOS-Core]   Budget usage: 0.13%
[MOS-Core] selection_mode=balanced_knee
[MOS-Core] selected_budget_ratio=0.001263
[MOS-Core] selected_stealth=0.857809
[MOS-Core] selected_destructiveness=0.600074
[MOS-Core] selected_R=0.857809
[MOS-Core] selected_A=0.600074
[MOS-Core] selected_cv=0.000000
[MOS-Core] selected_CV=0.000000
[MOS-Core] selected_feasible=True
[MOS-Core] selected_guidance_alignment=1.000000
[MOS-Core] Per-constraint details:
[MOS-Core]   Radial: score=0.999, ratio=0.001, violation=0.000, loss=0.6001, threshold=474.9598
[MOS-Core]   Sign: score=0.576, ratio=0.736, violation=0.000, loss=1.3832, threshold=1.8787

[MOS-Core] Generating 8 malicious updates...
[MOS-Core] Template noise scale: 0.0001
[MOS-Core] Output norms: min=0.6004, mean=0.6011, max=0.6021
[MOS-Core] Attack completed successfully
============================================================

attack:mos_attack
defend:multi_krum
[FiniteAudit] round=37 defense=multi_krum selected_count=3 selected_malicious_count=3 selected_updates_finite=True selected_indices=[3, 1, 7]
[FiniteAudit] round=37 global_pre_finite=True benign_updates_finite=True malicious_updates_finite=True attack_budget_output_finite=True aggregate_input_finite=True aggregate_output_finite=True global_post_finite=True first_bad_stage=none rejected=False rollback=False
t  37: train_loss = 1.188, test_acc = 33.420
attack numbers = 3
[FiniteAudit] round=38 checkpoint_promoted_after_benign=True
current iteration attack ratio: 0.12

============================================================
[MOS-Core] Starting MOS-Attack
============================================================
[MOS-Core] Total parameters: 11,183,582
[MOS-Core] Benign clients: 22
[MOS-Core] Malicious slots: 3
[MOS-Core] Benign mean norm: 987.2183
[MOS-Core] Benign std (mean): 0.0012
[MOS-Core] ce_raw_norm=817671040.0
[MOS-Core] cw_raw_norm=817671040.0
[MOS-Core] ce_valid=True
[MOS-Core] cw_valid=True
[MOS-Core] ce_cw_cosine=1.0000001192092896
[MOS-Core] combined_pre_norm=1.0
[MOS-Core] historical_direction_valid=True
[MOS-Core] historical_direction_norm=0.6000774502754211
[MOS-Core] guidance_history_cosine=0.9899827241897583
[MOS-Core] guidance_source=ce_cw_combined
[MOS-Core] guidance_fallback_used=False
[MOS-Core] final_guidance_norm=1.000000
[MOS-Core] Base radial threshold (q=0.95): 454.2647
[MOS-Core] Attack budget ratio: 1.0
[MOS-Core] current_budget=454.264679
[MOS-Core] current_budget_valid=True

[MOS-Core] Initializing constraints...
[MOS-Core] Enabled constraints: Radial, Sign
[MOS-Core] Radial weight: 1.0
[MOS-Core] Sign weight: 0.5, layer_reduce: quantile
[MOS-Core]   Radial threshold: 454.2647
[MOS-Core]   Sign threshold: 1.9634

[MOS-Core] Initializing population (size=10)...
[MOS-Core] constraint_mode=strict
[MOS-Core] objective_mode=dual
[MOS-Core] alpha_feasible=0.001793 boundary_width=7.62939e-06 refinements=13
[MOS-Boundary] alpha_feasible=0.001793 alpha_infeasible=0.001801 limiting_constraint=sign left=radial:ratio=0.00179291:score=0.99821:violation=0|sign:ratio=0.996723:score=0.500821:violation=0 right=radial:ratio=0.00180054:score=0.998203:violation=0|sign:ratio=1.00234:score=0.499415:violation=0.00234199
[MOS-Core] adaptive_guided_init=True alpha_feasible=0.001793 alpha_init=0.001793 scales=[0.0, 0.00035858154296875, 0.0007171630859375, 0.00107574462890625, 0.001434326171875, 0.00179290771484375]
[MOS-Core] Generated 6 scale-based seeds: [0.0, 0.00035858154296875, 0.0007171630859375, 0.00107574462890625, 0.001434326171875, 0.00179290771484375]
[MOS-Core] Historical seed injected at position 3
[MOS-Core] historical_raw_norm=0.600077
[MOS-Core] historical_direction_norm=1.000000
[MOS-Core] historical_seed_target_scale=227.132339
[MOS-Core] historical_seed_final_norm=227.132339
[MOS-Core] Generated 4 random candidates (noise_scale=0.1)
[MOS-Core] Initial population norms: min=0.0000, mean=128.4117, max=289.2952
[MOS-Core] Budget ratios: min=0.0000, mean=0.2827, max=0.6368
[MOS-Core] Clipped ratio: 0.00%
[MOS-Core] Historical seed used: True

[MOS-Core] Starting NSGA-II evolution...
[MOS-Core] Generations: 100
[MOS-Core] Population size: 10
[MOS-Core] SBX eta: 15.0, crossover_prob: 0.9
[MOS-Core] Mutation scale: 0.05
[MOS-Core] Gen 1/100:
  Stealth: mean=0.911, best=1.000
  Destructiveness: mean=0.375, best=0.814
  CV: mean=0.0000, min=0.0000
  Feasibility: count=10, ratio=100.00%
  Max feasible destruct: 0.814
  Pareto front size: 6
  Budget ratio: mean=0.018, max=0.055
  Radial: mean_ratio=0.018, max_ratio=0.055, mean_score=0.983
  Sign: mean_ratio=0.388, max_ratio=0.997, mean_score=0.768
[MOS-Core] Gen 10/100:
  Stealth: mean=0.888, best=1.000
  Destructiveness: mean=0.475, best=0.827
  CV: mean=0.0000, min=0.0000
  Feasibility: count=10, ratio=100.00%
  Max feasible destruct: 0.827
  Pareto front size: 10
  Budget ratio: mean=0.026, max=0.071
  Radial: mean_ratio=0.026, max_ratio=0.071, mean_score=0.975
  Sign: mean_ratio=0.511, max_ratio=0.997, mean_score=0.712
[MOS-Core] Gen 20/100:
  Stealth: mean=0.879, best=1.000
  Destructiveness: mean=0.479, best=0.846
  CV: mean=0.0000, min=0.0000
  Feasibility: count=10, ratio=100.00%
  Max feasible destruct: 0.846
  Pareto front size: 10
  Budget ratio: mean=0.042, max=0.168
  Radial: mean_ratio=0.042, max_ratio=0.168, mean_score=0.962
  Sign: mean_ratio=0.510, max_ratio=0.997, mean_score=0.711
[MOS-Core] Gen 30/100:
  Stealth: mean=0.867, best=1.000
  Destructiveness: mean=0.481, best=0.854
  CV: mean=0.0000, min=0.0000
  Feasibility: count=10, ratio=100.00%
  Max feasible destruct: 0.854
  Pareto front size: 10
  Budget ratio: mean=0.065, max=0.231
  Radial: mean_ratio=0.065, max_ratio=0.231, mean_score=0.944
  Sign: mean_ratio=0.512, max_ratio=0.995, mean_score=0.712
[MOS-Core] Gen 40/100:
  Stealth: mean=0.873, best=1.000
  Destructiveness: mean=0.486, best=0.869
  CV: mean=0.0000, min=0.0000
  Feasibility: count=10, ratio=100.00%
  Max feasible destruct: 0.869
  Pareto front size: 10
  Budget ratio: mean=0.051, max=0.159
  Radial: mean_ratio=0.051, max_ratio=0.159, mean_score=0.954
  Sign: mean_ratio=0.513, max_ratio=1.000, mean_score=0.710
[MOS-Core] Gen 50/100:
  Stealth: mean=0.868, best=1.000
  Destructiveness: mean=0.488, best=0.882
  CV: mean=0.0000, min=0.0000
  Feasibility: count=10, ratio=100.00%
  Max feasible destruct: 0.882
  Pareto front size: 10
  Budget ratio: mean=0.059, max=0.189
  Radial: mean_ratio=0.059, max_ratio=0.189, mean_score=0.948
  Sign: mean_ratio=0.518, max_ratio=1.000, mean_score=0.709
[MOS-Core] Gen 60/100:
  Stealth: mean=0.868, best=1.000
  Destructiveness: mean=0.489, best=0.887
  CV: mean=0.0000, min=0.0000
  Feasibility: count=10, ratio=100.00%
  Max feasible destruct: 0.887
  Pareto front size: 10
  Budget ratio: mean=0.060, max=0.201
  Radial: mean_ratio=0.060, max_ratio=0.201, mean_score=0.947
  Sign: mean_ratio=0.516, max_ratio=1.000, mean_score=0.710
[MOS-Core] Gen 70/100:
  Stealth: mean=0.862, best=1.000
  Destructiveness: mean=0.507, best=0.897
  CV: mean=0.0000, min=0.0000
  Feasibility: count=10, ratio=100.00%
  Max feasible destruct: 0.897
  Pareto front size: 10
  Budget ratio: mean=0.067, max=0.257
  Radial: mean_ratio=0.067, max_ratio=0.257, mean_score=0.942
  Sign: mean_ratio=0.542, max_ratio=0.995, mean_score=0.701
[MOS-Core] Gen 80/100:
  Stealth: mean=0.869, best=1.000
  Destructiveness: mean=0.492, best=0.908
  CV: mean=0.0000, min=0.0000
  Feasibility: count=10, ratio=100.00%
  Max feasible destruct: 0.908
  Pareto front size: 10
  Budget ratio: mean=0.059, max=0.218
  Radial: mean_ratio=0.059, max_ratio=0.218, mean_score=0.949
  Sign: mean_ratio=0.512, max_ratio=0.999, mean_score=0.711
[MOS-Core] Gen 90/100:
  Stealth: mean=0.868, best=1.000
  Destructiveness: mean=0.495, best=0.940
  CV: mean=0.0000, min=0.0000
  Feasibility: count=10, ratio=100.00%
  Max feasible destruct: 0.940
  Pareto front size: 10
  Budget ratio: mean=0.061, max=0.224
  Radial: mean_ratio=0.061, max_ratio=0.224, mean_score=0.947
  Sign: mean_ratio=0.514, max_ratio=0.998, mean_score=0.710
[MOS-Core] Gen 100/100:
  Stealth: mean=0.868, best=1.000
  Destructiveness: mean=0.491, best=0.954
  CV: mean=0.0000, min=0.0000
  Feasibility: count=10, ratio=100.00%
  Max feasible destruct: 0.954
  Pareto front size: 10
  Budget ratio: mean=0.052, max=0.210
  Radial: mean_ratio=0.052, max_ratio=0.210, mean_score=0.954
  Sign: mean_ratio=0.530, max_ratio=0.996, mean_score=0.698

[MOS-Core] Selecting final solution...
[MOS-Core] Selection parameters:
  Lambda_s (stealth weight): 0.50
  Lambda_a (attack weight): 0.50
  Attack floor ratio: 0.0954

[MOS-Core] Feasibility summary:
  Feasible solutions: 10
  Feasible ratio: 100.00%
  Selection mode: feasible
  Min CV in front: 0.0000

[MOS-Core] Pareto front summary:
  Front size: 10
  Stealth range: [0.720, 1.000]
  Destructiveness range: [0.000, 0.954]
  CV range: [0.0000, 0.0000]
  Candidates after attack floor: 8

[MOS-Core] Selected solution (index=4):
[MOS-Core]   Constraint pass score (R): 0.858
[MOS-Core]   Destructiveness (A): 0.652
[MOS-Core]   Total CV: 0.0000
[MOS-Core]   Deviation norm: 0.6516
[MOS-Core]   Budget usage: 0.14%
[MOS-Core] selection_mode=balanced_knee
[MOS-Core] selected_budget_ratio=0.001434
[MOS-Core] selected_stealth=0.857723
[MOS-Core] selected_destructiveness=0.651560
[MOS-Core] selected_R=0.857723
[MOS-Core] selected_A=0.651560
[MOS-Core] selected_cv=0.000000
[MOS-Core] selected_CV=0.000000
[MOS-Core] selected_feasible=True
[MOS-Core] selected_guidance_alignment=1.000000
[MOS-Core] Per-constraint details:
[MOS-Core]   Radial: score=0.999, ratio=0.001, violation=0.000, loss=0.6516, threshold=454.2647
[MOS-Core]   Sign: score=0.576, ratio=0.736, violation=0.000, loss=1.4451, threshold=1.9634

[MOS-Core] Generating 3 malicious updates...
[MOS-Core] Template noise scale: 0.0001
[MOS-Core] Output norms: min=0.6518, mean=0.6519, max=0.6521
[MOS-Core] Attack completed successfully
============================================================

attack:mos_attack
defend:multi_krum
[FiniteAudit] round=38 defense=multi_krum selected_count=3 selected_malicious_count=3 selected_updates_finite=True selected_indices=[2, 0, 1]
[FiniteAudit] round=38 global_pre_finite=True benign_updates_finite=True malicious_updates_finite=True attack_budget_output_finite=True aggregate_input_finite=True aggregate_output_finite=True global_post_finite=True first_bad_stage=none rejected=False rollback=False
t  38: train_loss = 1.158, test_acc = 30.520
attack numbers = 5
[FiniteAudit] round=39 checkpoint_promoted_after_benign=True
current iteration attack ratio: 0.2

============================================================
[MOS-Core] Starting MOS-Attack
============================================================
[MOS-Core] Total parameters: 11,183,582
[MOS-Core] Benign clients: 20
[MOS-Core] Malicious slots: 5
[MOS-Core] Benign mean norm: 1066.5901
[MOS-Core] Benign std (mean): 0.0012
[MOS-Core] ce_raw_norm=1704773888.0
[MOS-Core] cw_raw_norm=1704773888.0
[MOS-Core] ce_valid=True
[MOS-Core] cw_valid=True
[MOS-Core] ce_cw_cosine=1.0
[MOS-Core] combined_pre_norm=1.0
[MOS-Core] historical_direction_valid=True
[MOS-Core] historical_direction_norm=0.6515637636184692
[MOS-Core] guidance_history_cosine=0.9892457127571106
[MOS-Core] guidance_source=ce_cw_combined
[MOS-Core] guidance_fallback_used=False
[MOS-Core] final_guidance_norm=1.000000
[MOS-Core] Base radial threshold (q=0.95): 601.0158
[MOS-Core] Attack budget ratio: 1.0
[MOS-Core] current_budget=601.015808
[MOS-Core] current_budget_valid=True

[MOS-Core] Initializing constraints...
[MOS-Core] Enabled constraints: Radial, Sign
[MOS-Core] Radial weight: 1.0
[MOS-Core] Sign weight: 0.5, layer_reduce: quantile
[MOS-Core]   Radial threshold: 601.0158
[MOS-Core]   Sign threshold: 2.0932

[MOS-Core] Initializing population (size=10)...
[MOS-Core] constraint_mode=strict
[MOS-Core] objective_mode=dual
[MOS-Core] alpha_feasible=0.001358 boundary_width=7.62939e-06 refinements=13
[MOS-Boundary] alpha_feasible=0.001358 alpha_infeasible=0.001366 limiting_constraint=sign left=radial:ratio=0.00135803:score=0.998644:violation=0|sign:ratio=0.996555:score=0.500863:violation=0 right=radial:ratio=0.00136566:score=0.998636:violation=0|sign:ratio=1.00341:score=0.499148:violation=0.00341308
[MOS-Core] adaptive_guided_init=True alpha_feasible=0.001358 alpha_init=0.001358 scales=[0.0, 0.0002716064453125, 0.000543212890625, 0.0008148193359375, 0.00108642578125, 0.0013580322265625]
[MOS-Core] Generated 6 scale-based seeds: [0.0, 0.0002716064453125, 0.000543212890625, 0.0008148193359375, 0.00108642578125, 0.0013580322265625]
[MOS-Core] Historical seed injected at position 3
[MOS-Core] historical_raw_norm=0.651564
[MOS-Core] historical_direction_norm=1.000000
[MOS-Core] historical_seed_target_scale=300.507904
[MOS-Core] historical_seed_final_norm=300.507874
[MOS-Core] Generated 4 random candidates (noise_scale=0.1)
[MOS-Core] Initial population norms: min=0.0000, mean=136.3452, max=474.2630
[MOS-Core] Budget ratios: min=0.0000, mean=0.2269, max=0.7891
[MOS-Core] Clipped ratio: 0.00%
[MOS-Core] Historical seed used: True

[MOS-Core] Starting NSGA-II evolution...
[MOS-Core] Generations: 100
[MOS-Core] Population size: 10
[MOS-Core] SBX eta: 15.0, crossover_prob: 0.9
[MOS-Core] Mutation scale: 0.05
[MOS-Core] Gen 1/100:
  Stealth: mean=0.895, best=1.000
  Destructiveness: mean=0.473, best=0.817
  CV: mean=0.0000, min=0.0000
  Feasibility: count=10, ratio=100.00%
  Max feasible destruct: 0.817
  Pareto front size: 6
  Budget ratio: mean=0.016, max=0.043
  Radial: mean_ratio=0.016, max_ratio=0.043, mean_score=0.985
  Sign: mean_ratio=0.524, max_ratio=0.998, mean_score=0.715
[MOS-Core] Gen 10/100:
  Stealth: mean=0.895, best=1.000
  Destructiveness: mean=0.476, best=0.827
  CV: mean=0.0000, min=0.0000
  Feasibility: count=10, ratio=100.00%
  Max feasible destruct: 0.827
  Pareto front size: 10
  Budget ratio: mean=0.019, max=0.052
  Radial: mean_ratio=0.019, max_ratio=0.052, mean_score=0.982
  Sign: mean_ratio=0.499, max_ratio=0.997, mean_score=0.720
[MOS-Core] Gen 20/100:
  Stealth: mean=0.888, best=1.000
  Destructiveness: mean=0.478, best=0.840
  CV: mean=0.0000, min=0.0000
  Feasibility: count=10, ratio=100.00%
  Max feasible destruct: 0.840
  Pareto front size: 10
  Budget ratio: mean=0.028, max=0.093
  Radial: mean_ratio=0.028, max_ratio=0.093, mean_score=0.973
  Sign: mean_ratio=0.503, max_ratio=0.997, mean_score=0.717
[MOS-Core] Gen 30/100:
  Stealth: mean=0.882, best=1.000
  Destructiveness: mean=0.495, best=0.851
  CV: mean=0.0000, min=0.0000
  Feasibility: count=10, ratio=100.00%
  Max feasible destruct: 0.851
  Pareto front size: 10
  Budget ratio: mean=0.030, max=0.107
  Radial: mean_ratio=0.030, max_ratio=0.107, mean_score=0.972
  Sign: mean_ratio=0.523, max_ratio=1.000, mean_score=0.704
[MOS-Core] Gen 40/100:
  Stealth: mean=0.885, best=1.000
  Destructiveness: mean=0.479, best=0.855
  CV: mean=0.0000, min=0.0000
  Feasibility: count=10, ratio=100.00%
  Max feasible destruct: 0.855
  Pareto front size: 10
  Budget ratio: mean=0.033, max=0.106
  Radial: mean_ratio=0.033, max_ratio=0.106, mean_score=0.969
  Sign: mean_ratio=0.503, max_ratio=0.997, mean_score=0.717
[MOS-Core] Gen 50/100:
  Stealth: mean=0.892, best=1.000
  Destructiveness: mean=0.448, best=0.867
  CV: mean=0.0000, min=0.0000
  Feasibility: count=10, ratio=100.00%
  Max feasible destruct: 0.867
  Pareto front size: 10
  Budget ratio: mean=0.035, max=0.126
  Radial: mean_ratio=0.035, max_ratio=0.126, mean_score=0.968
  Sign: mean_ratio=0.456, max_ratio=0.999, mean_score=0.739
[MOS-Core] Gen 60/100:
  Stealth: mean=0.894, best=1.000
  Destructiveness: mean=0.402, best=0.876
  CV: mean=0.0000, min=0.0000
  Feasibility: count=10, ratio=100.00%
  Max feasible destruct: 0.876
  Pareto front size: 10
  Budget ratio: mean=0.044, max=0.146
  Radial: mean_ratio=0.044, max_ratio=0.146, mean_score=0.960
  Sign: mean_ratio=0.392, max_ratio=0.997, mean_score=0.762
[MOS-Core] Gen 70/100:
  Stealth: mean=0.874, best=1.000
  Destructiveness: mean=0.490, best=0.885
  CV: mean=0.0000, min=0.0000
  Feasibility: count=10, ratio=100.00%
  Max feasible destruct: 0.885
  Pareto front size: 10
  Budget ratio: mean=0.050, max=0.142
  Radial: mean_ratio=0.050, max_ratio=0.142, mean_score=0.954
  Sign: mean_ratio=0.509, max_ratio=0.997, mean_score=0.714
[MOS-Core] Gen 80/100:
  Stealth: mean=0.885, best=1.000
  Destructiveness: mean=0.421, best=0.901
  CV: mean=0.0000, min=0.0000
  Feasibility: count=10, ratio=100.00%
  Max feasible destruct: 0.901
  Pareto front size: 10
  Budget ratio: mean=0.048, max=0.150
  Radial: mean_ratio=0.048, max_ratio=0.150, mean_score=0.956
  Sign: mean_ratio=0.433, max_ratio=0.997, mean_score=0.744
[MOS-Core] Gen 90/100:
  Stealth: mean=0.871, best=1.000
  Destructiveness: mean=0.471, best=0.901
  CV: mean=0.0000, min=0.0000
  Feasibility: count=10, ratio=100.00%
  Max feasible destruct: 0.901
  Pareto front size: 10
  Budget ratio: mean=0.053, max=0.156
  Radial: mean_ratio=0.053, max_ratio=0.156, mean_score=0.951
  Sign: mean_ratio=0.510, max_ratio=0.999, mean_score=0.712
[MOS-Core] Gen 100/100:
  Stealth: mean=0.868, best=1.000
  Destructiveness: mean=0.474, best=0.918
  CV: mean=0.0000, min=0.0000
  Feasibility: count=10, ratio=100.00%
  Max feasible destruct: 0.918
  Pareto front size: 10
  Budget ratio: mean=0.059, max=0.165
  Radial: mean_ratio=0.059, max_ratio=0.165, mean_score=0.946
  Sign: mean_ratio=0.513, max_ratio=0.993, mean_score=0.712

[MOS-Core] Selecting final solution...
[MOS-Core] Selection parameters:
  Lambda_s (stealth weight): 0.50
  Lambda_a (attack weight): 0.50
  Attack floor ratio: 0.0918

[MOS-Core] Feasibility summary:
  Feasible solutions: 10
  Feasible ratio: 100.00%
  Selection mode: feasible
  Min CV in front: 0.0000

[MOS-Core] Pareto front summary:
  Front size: 10
  Stealth range: [0.739, 1.000]
  Destructiveness range: [0.000, 0.918]
  CV range: [0.0000, 0.0000]
  Candidates after attack floor: 8

[MOS-Core] Selected solution (index=3):
[MOS-Core]   Constraint pass score (R): 0.858
[MOS-Core]   Destructiveness (A): 0.653
[MOS-Core]   Total CV: 0.0000
[MOS-Core]   Deviation norm: 0.6530
[MOS-Core]   Budget usage: 0.11%
[MOS-Core] selection_mode=balanced_knee
[MOS-Core] selected_budget_ratio=0.001086
[MOS-Core] selected_stealth=0.857609
[MOS-Core] selected_destructiveness=0.652956
[MOS-Core] selected_R=0.857609
[MOS-Core] selected_A=0.652956
[MOS-Core] selected_cv=0.000000
[MOS-Core] selected_CV=0.000000
[MOS-Core] selected_feasible=True
[MOS-Core] selected_guidance_alignment=1.000000
[MOS-Core] Per-constraint details:
[MOS-Core]   Radial: score=0.999, ratio=0.001, violation=0.000, loss=0.6530, threshold=601.0158
[MOS-Core]   Sign: score=0.575, ratio=0.739, violation=0.000, loss=1.5471, threshold=2.0932

[MOS-Core] Generating 5 malicious updates...
[MOS-Core] Template noise scale: 0.0001
[MOS-Core] Output norms: min=0.6532, mean=0.6534, max=0.6535
[MOS-Core] Attack completed successfully
============================================================

attack:mos_attack
defend:multi_krum
[FiniteAudit] round=39 defense=multi_krum selected_count=3 selected_malicious_count=3 selected_updates_finite=True selected_indices=[1, 0, 4]
[FiniteAudit] round=39 global_pre_finite=True benign_updates_finite=True malicious_updates_finite=True attack_budget_output_finite=True aggregate_input_finite=True aggregate_output_finite=True global_post_finite=True first_bad_stage=none rejected=False rollback=False
t  39: train_loss = 1.161, test_acc = 27.770
attack numbers = 5
[FiniteAudit] round=40 checkpoint_promoted_after_benign=True
current iteration attack ratio: 0.2

============================================================
[MOS-Core] Starting MOS-Attack
============================================================
[MOS-Core] Total parameters: 11,183,582
[MOS-Core] Benign clients: 20
[MOS-Core] Malicious slots: 5
[MOS-Core] Benign mean norm: 1099.3413
[MOS-Core] Benign std (mean): 0.0012
[MOS-Core] ce_raw_norm=3733108224.0
[MOS-Core] cw_raw_norm=3733108224.0
[MOS-Core] ce_valid=True
[MOS-Core] cw_valid=True
[MOS-Core] ce_cw_cosine=1.0000001192092896
[MOS-Core] combined_pre_norm=1.0
[MOS-Core] historical_direction_valid=True
[MOS-Core] historical_direction_norm=0.6529590487480164
[MOS-Core] guidance_history_cosine=0.9899086952209473
[MOS-Core] guidance_source=ce_cw_combined
[MOS-Core] guidance_fallback_used=False
[MOS-Core] final_guidance_norm=1.000000
[MOS-Core] Base radial threshold (q=0.95): 749.4792
[MOS-Core] Attack budget ratio: 1.0
[MOS-Core] current_budget=749.479248
[MOS-Core] current_budget_valid=True

[MOS-Core] Initializing constraints...
[MOS-Core] Enabled constraints: Radial, Sign
[MOS-Core] Radial weight: 1.0
[MOS-Core] Sign weight: 0.5, layer_reduce: quantile
[MOS-Core]   Radial threshold: 749.4792
[MOS-Core]   Sign threshold: 2.1913

[MOS-Core] Initializing population (size=10)...
[MOS-Core] constraint_mode=strict
[MOS-Core] objective_mode=dual
[MOS-Core] alpha_feasible=0.001106 boundary_width=7.62939e-06 refinements=13
[MOS-Boundary] alpha_feasible=0.001106 alpha_infeasible=0.001114 limiting_constraint=sign left=radial:ratio=0.00110626:score=0.998895:violation=0|sign:ratio=0.992281:score=0.501937:violation=0 right=radial:ratio=0.00111389:score=0.998887:violation=0|sign:ratio=1.00066:score=0.499834:violation=0.00066328
[MOS-Core] adaptive_guided_init=True alpha_feasible=0.001106 alpha_init=0.001106 scales=[0.0, 0.00022125244140625, 0.0004425048828125, 0.00066375732421875, 0.000885009765625, 0.00110626220703125]
[MOS-Core] Generated 6 scale-based seeds: [0.0, 0.00022125244140625, 0.0004425048828125, 0.00066375732421875, 0.000885009765625, 0.00110626220703125]
[MOS-Core] Historical seed injected at position 3
[MOS-Core] historical_raw_norm=0.652959
[MOS-Core] historical_direction_norm=1.000000
[MOS-Core] historical_seed_target_scale=374.739624
[MOS-Core] historical_seed_final_norm=374.739624
[MOS-Core] Generated 4 random candidates (noise_scale=0.1)
[MOS-Core] Initial population norms: min=0.0000, mean=159.1791, max=585.2278
[MOS-Core] Budget ratios: min=0.0000, mean=0.2124, max=0.7808
[MOS-Core] Clipped ratio: 0.00%
[MOS-Core] Historical seed used: True

[MOS-Core] Starting NSGA-II evolution...
[MOS-Core] Generations: 100
[MOS-Core] Population size: 10
[MOS-Core] SBX eta: 15.0, crossover_prob: 0.9
[MOS-Core] Mutation scale: 0.05
[MOS-Core] Gen 1/100:
  Stealth: mean=0.889, best=1.000
  Destructiveness: mean=0.497, best=0.829
  CV: mean=0.0000, min=0.0000
  Feasibility: count=10, ratio=100.00%
  Max feasible destruct: 0.829
  Pareto front size: 6
  Budget ratio: mean=0.014, max=0.050
  Radial: mean_ratio=0.014, max_ratio=0.050, mean_score=0.986
  Sign: mean_ratio=0.557, max_ratio=0.999, mean_score=0.695
[MOS-Core] Gen 10/100:
  Stealth: mean=0.910, best=1.000
  Destructiveness: mean=0.399, best=0.833
  CV: mean=0.0000, min=0.0000
  Feasibility: count=10, ratio=100.00%
  Max feasible destruct: 0.833
  Pareto front size: 10
  Budget ratio: mean=0.016, max=0.042
  Radial: mean_ratio=0.016, max_ratio=0.042, mean_score=0.985
  Sign: mean_ratio=0.415, max_ratio=0.992, mean_score=0.759
[MOS-Core] Gen 20/100:
  Stealth: mean=0.897, best=1.000
  Destructiveness: mean=0.418, best=0.849
  CV: mean=0.0000, min=0.0000
  Feasibility: count=10, ratio=100.00%
  Max feasible destruct: 0.849
  Pareto front size: 10
  Budget ratio: mean=0.032, max=0.129
  Radial: mean_ratio=0.032, max_ratio=0.129, mean_score=0.970
  Sign: mean_ratio=0.443, max_ratio=0.992, mean_score=0.750
[MOS-Core] Gen 30/100:
  Stealth: mean=0.863, best=1.000
  Destructiveness: mean=0.557, best=0.869
  CV: mean=0.0000, min=0.0000
  Feasibility: count=10, ratio=100.00%
  Max feasible destruct: 0.869
  Pareto front size: 10
  Budget ratio: mean=0.043, max=0.129
  Radial: mean_ratio=0.043, max_ratio=0.129, mean_score=0.960
  Sign: mean_ratio=0.605, max_ratio=0.992, mean_score=0.667
[MOS-Core] Gen 40/100:
  Stealth: mean=0.895, best=1.000
  Destructiveness: mean=0.426, best=0.884
  CV: mean=0.0000, min=0.0000
  Feasibility: count=10, ratio=100.00%
  Max feasible destruct: 0.884
  Pareto front size: 10
  Budget ratio: mean=0.038, max=0.120
  Radial: mean_ratio=0.038, max_ratio=0.120, mean_score=0.965
  Sign: mean_ratio=0.439, max_ratio=0.999, mean_score=0.754
[MOS-Core] Gen 50/100:
  Stealth: mean=0.884, best=1.000
  Destructiveness: mean=0.489, best=0.892
  CV: mean=0.0000, min=0.0000
  Feasibility: count=10, ratio=100.00%
  Max feasible destruct: 0.892
  Pareto front size: 10
  Budget ratio: mean=0.033, max=0.115
  Radial: mean_ratio=0.033, max_ratio=0.115, mean_score=0.969
  Sign: mean_ratio=0.510, max_ratio=0.992, mean_score=0.713
[MOS-Core] Gen 60/100:
  Stealth: mean=0.881, best=1.000
  Destructiveness: mean=0.492, best=0.913
  CV: mean=0.0000, min=0.0000
  Feasibility: count=10, ratio=100.00%
  Max feasible destruct: 0.913
  Pareto front size: 10
  Budget ratio: mean=0.036, max=0.105
  Radial: mean_ratio=0.036, max_ratio=0.105, mean_score=0.967
  Sign: mean_ratio=0.514, max_ratio=0.999, mean_score=0.711
[MOS-Core] Gen 70/100:
  Stealth: mean=0.876, best=1.000
  Destructiveness: mean=0.502, best=0.919
  CV: mean=0.0000, min=0.0000
  Feasibility: count=10, ratio=100.00%
  Max feasible destruct: 0.919
  Pareto front size: 10
  Budget ratio: mean=0.044, max=0.121
  Radial: mean_ratio=0.044, max_ratio=0.121, mean_score=0.960
  Sign: mean_ratio=0.517, max_ratio=0.998, mean_score=0.709
[MOS-Core] Gen 80/100:
  Stealth: mean=0.881, best=1.000
  Destructiveness: mean=0.496, best=0.933
  CV: mean=0.0000, min=0.0000
  Feasibility: count=10, ratio=100.00%
  Max feasible destruct: 0.933
  Pareto front size: 10
  Budget ratio: mean=0.036, max=0.104
  Radial: mean_ratio=0.036, max_ratio=0.104, mean_score=0.967
  Sign: mean_ratio=0.517, max_ratio=0.996, mean_score=0.708
[MOS-Core] Gen 90/100:
  Stealth: mean=0.865, best=1.000
  Destructiveness: mean=0.527, best=0.940
  CV: mean=0.0000, min=0.0000
  Feasibility: count=10, ratio=100.00%
  Max feasible destruct: 0.940
  Pareto front size: 10
  Budget ratio: mean=0.053, max=0.109
  Radial: mean_ratio=0.053, max_ratio=0.109, mean_score=0.951
  Sign: mean_ratio=0.555, max_ratio=0.999, mean_score=0.693
[MOS-Core] Gen 100/100:
  Stealth: mean=0.874, best=1.000
  Destructiveness: mean=0.466, best=0.963
  CV: mean=0.0000, min=0.0000
  Feasibility: count=10, ratio=100.00%
  Max feasible destruct: 0.963
  Pareto front size: 10
  Budget ratio: mean=0.060, max=0.120
  Radial: mean_ratio=0.060, max_ratio=0.120, mean_score=0.945
  Sign: mean_ratio=0.468, max_ratio=0.993, mean_score=0.730

[MOS-Core] Selecting final solution...
[MOS-Core] Selection parameters:
  Lambda_s (stealth weight): 0.50
  Lambda_a (attack weight): 0.50
  Attack floor ratio: 0.0963

[MOS-Core] Feasibility summary:
  Feasible solutions: 10
  Feasible ratio: 100.00%
  Selection mode: feasible
  Min CV in front: 0.0000

[MOS-Core] Pareto front summary:
  Front size: 10
  Stealth range: [0.763, 1.000]
  Destructiveness range: [0.000, 0.963]
  CV range: [0.0000, 0.0000]
  Candidates after attack floor: 9

[MOS-Core] Selected solution (index=4):
[MOS-Core]   Constraint pass score (R): 0.856
[MOS-Core]   Destructiveness (A): 0.663
[MOS-Core]   Total CV: 0.0000
[MOS-Core]   Deviation norm: 0.6633
[MOS-Core]   Budget usage: 0.09%
[MOS-Core] selection_mode=balanced_knee
[MOS-Core] selected_budget_ratio=0.000885
[MOS-Core] selected_stealth=0.856388
[MOS-Core] selected_destructiveness=0.663293
[MOS-Core] selected_R=0.856388
[MOS-Core] selected_A=0.663293
[MOS-Core] selected_cv=0.000000
[MOS-Core] selected_CV=0.000000
[MOS-Core] selected_feasible=True
[MOS-Core] selected_guidance_alignment=1.000000
[MOS-Core] Per-constraint details:
[MOS-Core]   Radial: score=0.999, ratio=0.001, violation=0.000, loss=0.6633, threshold=749.4792
[MOS-Core]   Sign: score=0.571, ratio=0.752, violation=0.000, loss=1.6468, threshold=2.1913

[MOS-Core] Generating 5 malicious updates...
[MOS-Core] Template noise scale: 0.0001
[MOS-Core] Output norms: min=0.6636, mean=0.6658, max=0.6686
[MOS-Core] Attack completed successfully
============================================================

[MOS-Core] alpha_feasible=1.000000 boundary_width=0.000000 refinements=0
[MOS-Boundary] alpha_feasible=1.000000 alpha_infeasible=none limiting_constraint=none left=radial:ratio=1:score=0.5:violation=1.19209e-07 right=none
[MOS-Core] alpha_feasible=0.001106 boundary_width=7.62939e-06 refinements=13
[MOS-Boundary] alpha_feasible=0.001106 alpha_infeasible=0.001114 limiting_constraint=sign left=sign:ratio=0.992281:score=0.501937:violation=0 right=sign:ratio=1.00066:score=0.499834:violation=0.00066328
[MOS-Core] alpha_feasible=0.001106 boundary_width=7.62939e-06 refinements=13
[MOS-Boundary] alpha_feasible=0.001106 alpha_infeasible=0.001114 limiting_constraint=sign left=radial:ratio=0.00110626:score=0.998895:violation=0|sign:ratio=0.992281:score=0.501937:violation=0 right=radial:ratio=0.00111389:score=0.998887:violation=0|sign:ratio=1.00066:score=0.499834:violation=0.00066328
[MOS-Core] alpha_feasible=0.001106 boundary_width=7.62939e-06 refinements=13
[MOS-Boundary] alpha_feasible=0.001106 alpha_infeasible=0.001114 limiting_constraint=sign left=radial:ratio=0.00110626:score=0.998895:violation=0|sign:ratio=0.992281:score=0.501937:violation=0 right=radial:ratio=0.00111389:score=0.998887:violation=0|sign:ratio=1.00066:score=0.499834:violation=0.00066328

============================================================
[MOS-Core] Starting MOS-Attack
============================================================
[MOS-Core] Total parameters: 11,183,582
[MOS-Core] Benign clients: 20
[MOS-Core] Malicious slots: 5
[MOS-Core] Benign mean norm: 1099.3413
[MOS-Core] Benign std (mean): 0.0012
[MOS-Core] ce_raw_norm=3733108224.0
[MOS-Core] cw_raw_norm=3733108224.0
[MOS-Core] ce_valid=True
[MOS-Core] cw_valid=True
[MOS-Core] ce_cw_cosine=1.0000001192092896
[MOS-Core] combined_pre_norm=1.0
[MOS-Core] historical_direction_valid=True
[MOS-Core] historical_direction_norm=0.6529590487480164
[MOS-Core] guidance_history_cosine=0.9899086952209473
[MOS-Core] guidance_source=ce_cw_combined
[MOS-Core] guidance_fallback_used=False
[MOS-Core] final_guidance_norm=1.000000
[MOS-Core] Base radial threshold (q=0.95): 749.4792
[MOS-Core] Attack budget ratio: 1.0
[MOS-Core] current_budget=749.479248
[MOS-Core] current_budget_valid=True

[MOS-Core] Initializing constraints...
[MOS-Core] Enabled constraints: Radial, Sign
[MOS-Core] Radial weight: 1.0
[MOS-Core] Sign weight: 0.5, layer_reduce: quantile
[MOS-Core]   Radial threshold: 749.4792
[MOS-Core]   Sign threshold: 2.1913

[MOS-Core] Initializing population (size=10)...
[MOS-Core] constraint_mode=strict
[MOS-Core] objective_mode=dual
[MOS-Core] alpha_feasible=0.001106 boundary_width=7.62939e-06 refinements=13
[MOS-Boundary] alpha_feasible=0.001106 alpha_infeasible=0.001114 limiting_constraint=sign left=radial:ratio=0.00110626:score=0.998895:violation=0|sign:ratio=0.992281:score=0.501937:violation=0 right=radial:ratio=0.00111389:score=0.998887:violation=0|sign:ratio=1.00066:score=0.499834:violation=0.00066328
[MOS-Core] adaptive_guided_init=True alpha_feasible=0.001106 alpha_init=0.001106 scales=[0.0, 0.00022125244140625, 0.0004425048828125, 0.00066375732421875, 0.000885009765625, 0.00110626220703125]
[MOS-Core] Generated 6 scale-based seeds: [0.0, 0.00022125244140625, 0.0004425048828125, 0.00066375732421875, 0.000885009765625, 0.00110626220703125]
[MOS-Core] Historical seed injected at position 3
[MOS-Core] historical_raw_norm=0.652959
[MOS-Core] historical_direction_norm=1.000000
[MOS-Core] historical_seed_target_scale=374.739624
[MOS-Core] historical_seed_final_norm=374.739624
[MOS-Core] Generated 4 random candidates (noise_scale=0.1)
[MOS-Core] Initial population norms: min=0.0000, mean=223.1121, max=694.9477
[MOS-Core] Budget ratios: min=0.0000, mean=0.2977, max=0.9272
[MOS-Core] Clipped ratio: 0.00%
[MOS-Core] Historical seed used: True

[MOS-Core] Starting NSGA-II evolution...
[MOS-Core] Generations: 100
[MOS-Core] Population size: 10
[MOS-Core] SBX eta: 15.0, crossover_prob: 0.9
[MOS-Core] Mutation scale: 0.05
[MOS-Core] Gen 1/100:
  Stealth: mean=0.906, best=1.000
  Destructiveness: mean=0.431, best=0.830
  CV: mean=0.0000, min=0.0000
  Feasibility: count=10, ratio=100.00%
  Max feasible destruct: 0.830
  Pareto front size: 8
  Budget ratio: mean=0.011, max=0.025
  Radial: mean_ratio=0.011, max_ratio=0.025, mean_score=0.989
  Sign: mean_ratio=0.455, max_ratio=0.993, mean_score=0.740
[MOS-Core] Gen 10/100:
  Stealth: mean=0.892, best=1.000
  Destructiveness: mean=0.483, best=0.839
  CV: mean=0.0000, min=0.0000
  Feasibility: count=10, ratio=100.00%
  Max feasible destruct: 0.839
  Pareto front size: 10
  Budget ratio: mean=0.019, max=0.055
  Radial: mean_ratio=0.019, max_ratio=0.055, mean_score=0.982
  Sign: mean_ratio=0.513, max_ratio=0.994, mean_score=0.712
[MOS-Core] Gen 20/100:
  Stealth: mean=0.883, best=1.000
  Destructiveness: mean=0.485, best=0.842
  CV: mean=0.0000, min=0.0000
  Feasibility: count=10, ratio=100.00%
  Max feasible destruct: 0.842
  Pareto front size: 10
  Budget ratio: mean=0.033, max=0.105
  Radial: mean_ratio=0.033, max_ratio=0.105, mean_score=0.969
  Sign: mean_ratio=0.518, max_ratio=0.999, mean_score=0.709
[MOS-Core] Gen 30/100:
  Stealth: mean=0.895, best=1.000
  Destructiveness: mean=0.436, best=0.844
  CV: mean=0.0000, min=0.0000
  Feasibility: count=10, ratio=100.00%
  Max feasible destruct: 0.844
  Pareto front size: 10
  Budget ratio: mean=0.029, max=0.110
  Radial: mean_ratio=0.029, max_ratio=0.110, mean_score=0.973
  Sign: mean_ratio=0.444, max_ratio=0.999, mean_score=0.738
[MOS-Core] Gen 40/100:
  Stealth: mean=0.878, best=1.000
  Destructiveness: mean=0.489, best=0.857
  CV: mean=0.0000, min=0.0000
  Feasibility: count=10, ratio=100.00%
  Max feasible destruct: 0.857
  Pareto front size: 10
  Budget ratio: mean=0.043, max=0.203
  Radial: mean_ratio=0.043, max_ratio=0.203, mean_score=0.962
  Sign: mean_ratio=0.515, max_ratio=0.994, mean_score=0.710
[MOS-Core] Gen 50/100:
  Stealth: mean=0.879, best=1.000
  Destructiveness: mean=0.489, best=0.866
  CV: mean=0.0000, min=0.0000
  Feasibility: count=10, ratio=100.00%
  Max feasible destruct: 0.866
  Pareto front size: 10
  Budget ratio: mean=0.042, max=0.189
  Radial: mean_ratio=0.042, max_ratio=0.189, mean_score=0.963
  Sign: mean_ratio=0.514, max_ratio=0.999, mean_score=0.712
[MOS-Core] Gen 60/100:
  Stealth: mean=0.846, best=1.000
  Destructiveness: mean=0.547, best=0.872
  CV: mean=0.0000, min=0.0000
  Feasibility: count=10, ratio=100.00%
  Max feasible destruct: 0.872
  Pareto front size: 10
  Budget ratio: mean=0.085, max=0.274
  Radial: mean_ratio=0.085, max_ratio=0.274, mean_score=0.928
  Sign: mean_ratio=0.588, max_ratio=0.999, mean_score=0.681
[MOS-Core] Gen 70/100:
  Stealth: mean=0.856, best=1.000
  Destructiveness: mean=0.482, best=0.883
  CV: mean=0.0000, min=0.0000
  Feasibility: count=10, ratio=100.00%
  Max feasible destruct: 0.883
  Pareto front size: 10
  Budget ratio: mean=0.080, max=0.238
  Radial: mean_ratio=0.080, max_ratio=0.238, mean_score=0.930
  Sign: mean_ratio=0.518, max_ratio=0.996, mean_score=0.709
[MOS-Core] Gen 80/100:
  Stealth: mean=0.857, best=1.000
  Destructiveness: mean=0.481, best=0.896
  CV: mean=0.0000, min=0.0000
  Feasibility: count=10, ratio=100.00%
  Max feasible destruct: 0.896
  Pareto front size: 10
  Budget ratio: mean=0.077, max=0.285
  Radial: mean_ratio=0.077, max_ratio=0.285, mean_score=0.933
  Sign: mean_ratio=0.521, max_ratio=0.994, mean_score=0.706
[MOS-Core] Gen 90/100:
  Stealth: mean=0.855, best=1.000
  Destructiveness: mean=0.434, best=0.915
  CV: mean=0.0000, min=0.0000
  Feasibility: count=10, ratio=100.00%
  Max feasible destruct: 0.915
  Pareto front size: 10
  Budget ratio: mean=0.107, max=0.425
  Radial: mean_ratio=0.107, max_ratio=0.425, mean_score=0.913
  Sign: mean_ratio=0.457, max_ratio=0.997, mean_score=0.738
[MOS-Core] Gen 100/100:
  Stealth: mean=0.829, best=1.000
  Destructiveness: mean=0.543, best=0.942
  CV: mean=0.0000, min=0.0000
  Feasibility: count=10, ratio=100.00%
  Max feasible destruct: 0.942
  Pareto front size: 10
  Budget ratio: mean=0.123, max=0.493
  Radial: mean_ratio=0.123, max_ratio=0.493, mean_score=0.904
  Sign: mean_ratio=0.592, max_ratio=0.996, mean_score=0.678

[MOS-Core] Selecting final solution...
[MOS-Core] Selection parameters:
  Lambda_s (stealth weight): 0.50
  Lambda_a (attack weight): 0.50
  Attack floor ratio: 0.0942

[MOS-Core] Feasibility summary:
  Feasible solutions: 10
  Feasible ratio: 100.00%
  Selection mode: feasible
  Min CV in front: 0.0000

[MOS-Core] Pareto front summary:
  Front size: 10
  Stealth range: [0.616, 1.000]
  Destructiveness range: [0.000, 0.942]
  CV range: [0.0000, 0.0000]
  Candidates after attack floor: 8

[MOS-Core] Selected solution (index=6):
[MOS-Core]   Constraint pass score (R): 0.856
[MOS-Core]   Destructiveness (A): 0.663
[MOS-Core]   Total CV: 0.0000
[MOS-Core]   Deviation norm: 0.6633
[MOS-Core]   Budget usage: 0.09%
[MOS-Core] selection_mode=balanced_knee
[MOS-Core] selected_budget_ratio=0.000885
[MOS-Core] selected_stealth=0.856388
[MOS-Core] selected_destructiveness=0.663293
[MOS-Core] selected_R=0.856388
[MOS-Core] selected_A=0.663293
[MOS-Core] selected_cv=0.000000
[MOS-Core] selected_CV=0.000000
[MOS-Core] selected_feasible=True
[MOS-Core] selected_guidance_alignment=1.000000
[MOS-Core] Per-constraint details:
[MOS-Core]   Radial: score=0.999, ratio=0.001, violation=0.000, loss=0.6633, threshold=749.4792
[MOS-Core]   Sign: score=0.571, ratio=0.752, violation=0.000, loss=1.6468, threshold=2.1913

[MOS-Core] Generating 5 malicious updates...
[MOS-Core] Template noise scale: 0.0001
[MOS-Core] Output norms: min=0.6642, mean=0.6656, max=0.6673
[MOS-Core] Attack completed successfully
============================================================


============================================================
[MOS-Core] Starting MOS-Attack
============================================================
[MOS-Core] Total parameters: 11,183,582
[MOS-Core] Benign clients: 20
[MOS-Core] Malicious slots: 5
[MOS-Core] Benign mean norm: 1099.3413
[MOS-Core] Benign std (mean): 0.0012
[MOS-Core] ce_raw_norm=3733108224.0
[MOS-Core] cw_raw_norm=3733108224.0
[MOS-Core] ce_valid=True
[MOS-Core] cw_valid=True
[MOS-Core] ce_cw_cosine=1.0000001192092896
[MOS-Core] combined_pre_norm=1.0
[MOS-Core] historical_direction_valid=True
[MOS-Core] historical_direction_norm=0.6529590487480164
[MOS-Core] guidance_history_cosine=0.9899086952209473
[MOS-Core] guidance_source=ce_cw_combined
[MOS-Core] guidance_fallback_used=False
[MOS-Core] final_guidance_norm=1.000000
[MOS-Core] Base radial threshold (q=0.95): 749.4792
[MOS-Core] Attack budget ratio: 1.0
[MOS-Core] current_budget=749.479248
[MOS-Core] current_budget_valid=True

[MOS-Core] Initializing constraints...
[MOS-Core] Enabled constraints: Radial, Sign
[MOS-Core] Radial weight: 1.0
[MOS-Core] Sign weight: 0.5, layer_reduce: quantile
[MOS-Core]   Radial threshold: 749.4792
[MOS-Core]   Sign threshold: 2.1913

[MOS-Core] Initializing population (size=10)...
[MOS-Core] constraint_mode=strict
[MOS-Core] objective_mode=a_only
[MOS-Core] alpha_feasible=0.001106 boundary_width=7.62939e-06 refinements=13
[MOS-Boundary] alpha_feasible=0.001106 alpha_infeasible=0.001114 limiting_constraint=sign left=radial:ratio=0.00110626:score=0.998895:violation=0|sign:ratio=0.992281:score=0.501937:violation=0 right=radial:ratio=0.00111389:score=0.998887:violation=0|sign:ratio=1.00066:score=0.499834:violation=0.00066328
[MOS-Core] adaptive_guided_init=True alpha_feasible=0.001106 alpha_init=0.001106 scales=[0.0, 0.00022125244140625, 0.0004425048828125, 0.00066375732421875, 0.000885009765625, 0.00110626220703125]
[MOS-Core] Generated 6 scale-based seeds: [0.0, 0.00022125244140625, 0.0004425048828125, 0.00066375732421875, 0.000885009765625, 0.00110626220703125]
[MOS-Core] Historical seed injected at position 3
[MOS-Core] historical_raw_norm=0.652959
[MOS-Core] historical_direction_norm=1.000000
[MOS-Core] historical_seed_target_scale=374.739624
[MOS-Core] historical_seed_final_norm=374.739624
[MOS-Core] Generated 4 random candidates (noise_scale=0.1)
[MOS-Core] Initial population norms: min=0.0000, mean=223.1121, max=694.9477
[MOS-Core] Budget ratios: min=0.0000, mean=0.2977, max=0.9272
[MOS-Core] Clipped ratio: 0.00%
[MOS-Core] Historical seed used: True

[MOS-Core] Starting NSGA-II evolution...
[MOS-Core] Generations: 100
[MOS-Core] Population size: 10
[MOS-Core] SBX eta: 15.0, crossover_prob: 0.9
[MOS-Core] Mutation scale: 0.05
[MOS-Core] Gen 1/100:
  Stealth: mean=0.860, best=0.932
  Destructiveness: mean=0.630, best=0.830
  CV: mean=0.0000, min=0.0000
  Feasibility: count=10, ratio=100.00%
  Max feasible destruct: 0.830
  Pareto front size: 1
  Budget ratio: mean=0.016, max=0.027
  Radial: mean_ratio=0.016, max_ratio=0.027, mean_score=0.984
  Sign: mean_ratio=0.696, max_ratio=0.993, mean_score=0.612
[MOS-Core] Gen 10/100:
  Stealth: mean=0.800, best=0.810
  Destructiveness: mean=0.836, best=0.836
  CV: mean=0.0000, min=0.0000
  Feasibility: count=10, ratio=100.00%
  Max feasible destruct: 0.836
  Pareto front size: 1
  Budget ratio: mean=0.054, max=0.077
  Radial: mean_ratio=0.054, max_ratio=0.077, mean_score=0.949
  Sign: mean_ratio=0.994, max_ratio=0.999, mean_score=0.501
[MOS-Core] Gen 20/100:
  Stealth: mean=0.789, best=0.800
  Destructiveness: mean=0.838, best=0.839
  CV: mean=0.0000, min=0.0000
  Feasibility: count=10, ratio=100.00%
  Max feasible destruct: 0.839
  Pareto front size: 1
  Budget ratio: mean=0.072, max=0.099
  Radial: mean_ratio=0.072, max_ratio=0.099, mean_score=0.933
  Sign: mean_ratio=0.994, max_ratio=0.999, mean_score=0.502
[MOS-Core] Gen 30/100:
  Stealth: mean=0.760, best=0.781
  Destructiveness: mean=0.841, best=0.841
  CV: mean=0.0000, min=0.0000
  Feasibility: count=10, ratio=100.00%
  Max feasible destruct: 0.841
  Pareto front size: 1
  Budget ratio: mean=0.125, max=0.155
  Radial: mean_ratio=0.125, max_ratio=0.155, mean_score=0.889
  Sign: mean_ratio=0.995, max_ratio=0.999, mean_score=0.501
[MOS-Core] Gen 40/100:
  Stealth: mean=0.734, best=0.754
  Destructiveness: mean=0.843, best=0.844
  CV: mean=0.0000, min=0.0000
  Feasibility: count=10, ratio=100.00%
  Max feasible destruct: 0.844
  Pareto front size: 1
  Budget ratio: mean=0.176, max=0.200
  Radial: mean_ratio=0.176, max_ratio=0.200, mean_score=0.850
  Sign: mean_ratio=0.997, max_ratio=1.000, mean_score=0.501
[MOS-Core] Gen 50/100:
  Stealth: mean=0.755, best=0.770
  Destructiveness: mean=0.846, best=0.846
  CV: mean=0.0000, min=0.0000
  Feasibility: count=10, ratio=100.00%
  Max feasible destruct: 0.846
  Pareto front size: 1
  Budget ratio: mean=0.134, max=0.168
  Radial: mean_ratio=0.134, max_ratio=0.168, mean_score=0.882
  Sign: mean_ratio=0.994, max_ratio=0.998, mean_score=0.501
[MOS-Core] Gen 60/100:
  Stealth: mean=0.729, best=0.748
  Destructiveness: mean=0.849, best=0.849
  CV: mean=0.0000, min=0.0000
  Feasibility: count=10, ratio=100.00%
  Max feasible destruct: 0.849
  Pareto front size: 1
  Budget ratio: mean=0.188, max=0.249
  Radial: mean_ratio=0.188, max_ratio=0.249, mean_score=0.842
  Sign: mean_ratio=0.992, max_ratio=1.000, mean_score=0.502
[MOS-Core] Gen 70/100:
  Stealth: mean=0.722, best=0.745
  Destructiveness: mean=0.851, best=0.852
  CV: mean=0.0000, min=0.0000
  Feasibility: count=10, ratio=100.00%
  Max feasible destruct: 0.852
  Pareto front size: 1
  Budget ratio: mean=0.202, max=0.240
  Radial: mean_ratio=0.202, max_ratio=0.240, mean_score=0.833
  Sign: mean_ratio=0.997, max_ratio=1.000, mean_score=0.501
[MOS-Core] Gen 80/100:
  Stealth: mean=0.726, best=0.754
  Destructiveness: mean=0.854, best=0.854
  CV: mean=0.0000, min=0.0000
  Feasibility: count=10, ratio=100.00%
  Max feasible destruct: 0.854
  Pareto front size: 1
  Budget ratio: mean=0.197, max=0.281
  Radial: mean_ratio=0.197, max_ratio=0.281, mean_score=0.838
  Sign: mean_ratio=0.989, max_ratio=0.993, mean_score=0.503
[MOS-Core] Gen 90/100:
  Stealth: mean=0.741, best=0.756
  Destructiveness: mean=0.855, best=0.856
  CV: mean=0.0000, min=0.0000
  Feasibility: count=10, ratio=100.00%
  Max feasible destruct: 0.856
  Pareto front size: 1
  Budget ratio: mean=0.163, max=0.219
  Radial: mean_ratio=0.163, max_ratio=0.219, mean_score=0.860
  Sign: mean_ratio=0.996, max_ratio=1.000, mean_score=0.501
[MOS-Core] Gen 100/100:
  Stealth: mean=0.737, best=0.752
  Destructiveness: mean=0.858, best=0.858
  CV: mean=0.0000, min=0.0000
  Feasibility: count=10, ratio=100.00%
  Max feasible destruct: 0.858
  Pareto front size: 1
  Budget ratio: mean=0.172, max=0.214
  Radial: mean_ratio=0.172, max_ratio=0.214, mean_score=0.854
  Sign: mean_ratio=0.993, max_ratio=0.999, mean_score=0.502

[MOS-Core] Selecting final solution...
[MOS-Core] Selection parameters:
  Lambda_s (stealth weight): 0.50
  Lambda_a (attack weight): 0.50
  Attack floor ratio: 0.0000

[MOS-Core] Feasibility summary:
  Feasible solutions: 10
  Feasible ratio: 100.00%
  Selection mode: feasible
  Min CV in front: 0.0000

[MOS-Core] Pareto front summary:
  Front size: 10
  Stealth range: [0.717, 0.752]
  Destructiveness range: [0.857, 0.858]
  CV range: [0.0000, 0.0000]
  Candidates after attack floor: 10

[MOS-Core] Selected solution (index=0):
[MOS-Core]   Constraint pass score (R): 0.746
[MOS-Core]   Destructiveness (A): 0.858
[MOS-Core]   Total CV: 0.0000
[MOS-Core]   Deviation norm: 114.1411
[MOS-Core]   Budget usage: 15.23%
[MOS-Core] selection_mode=a_only
[MOS-Core] selected_budget_ratio=0.152294
[MOS-Core] selected_stealth=0.746156
[MOS-Core] selected_destructiveness=0.858007
[MOS-Core] selected_R=0.746156
[MOS-Core] selected_A=0.858007
[MOS-Core] selected_cv=0.000000
[MOS-Core] selected_CV=0.000000
[MOS-Core] selected_feasible=True
[MOS-Core] selected_guidance_alignment=0.007517
[MOS-Core] Per-constraint details:
[MOS-Core]   Radial: score=0.868, ratio=0.152, violation=0.000, loss=114.1411, threshold=749.4792
[MOS-Core]   Sign: score=0.503, ratio=0.989, violation=0.000, loss=2.1669, threshold=2.1913

[MOS-Core] Generating 5 malicious updates...
[MOS-Core] Template noise scale: 0.0001
[MOS-Core] Output norms: min=114.1009, mean=114.1369, max=114.1838
[MOS-Core] Attack completed successfully
============================================================

[MOS-Diagnostics] round=40 proxy=10 sign=3 shadow=2
attack:mos_attack
defend:multi_krum
[FiniteAudit] round=40 defense=multi_krum selected_count=3 selected_malicious_count=3 selected_updates_finite=True selected_indices=[4, 0, 1]
[FiniteAudit] round=40 global_pre_finite=True benign_updates_finite=True malicious_updates_finite=True attack_budget_output_finite=True aggregate_input_finite=True aggregate_output_finite=True global_post_finite=True first_bad_stage=none rejected=False rollback=False
t  40: train_loss = 1.116, test_acc = 27.730
attack numbers = 3
[FiniteAudit] round=41 checkpoint_promoted_after_benign=True
current iteration attack ratio: 0.12

============================================================
[MOS-Core] Starting MOS-Attack
============================================================
[MOS-Core] Total parameters: 11,183,582
[MOS-Core] Benign clients: 22
[MOS-Core] Malicious slots: 3
[MOS-Core] Benign mean norm: 1525.0051
[MOS-Core] Benign std (mean): 0.0013
[MOS-Core] ce_raw_norm=5955474944.0
[MOS-Core] cw_raw_norm=5955474944.0
[MOS-Core] ce_valid=True
[MOS-Core] cw_valid=True
[MOS-Core] ce_cw_cosine=1.0
[MOS-Core] combined_pre_norm=1.0
[MOS-Core] historical_direction_valid=True
[MOS-Core] historical_direction_norm=0.6632965207099915
[MOS-Core] guidance_history_cosine=0.9912025928497314
[MOS-Core] guidance_source=ce_cw_combined
[MOS-Core] guidance_fallback_used=False
[MOS-Core] final_guidance_norm=1.000000
[MOS-Core] Base radial threshold (q=0.95): 691.6917
[MOS-Core] Attack budget ratio: 1.0
[MOS-Core] current_budget=691.691650
[MOS-Core] current_budget_valid=True

[MOS-Core] Initializing constraints...
[MOS-Core] Enabled constraints: Radial, Sign
[MOS-Core] Radial weight: 1.0
[MOS-Core] Sign weight: 0.5, layer_reduce: quantile
[MOS-Core]   Radial threshold: 691.6917
[MOS-Core]   Sign threshold: 2.1630

[MOS-Core] Initializing population (size=10)...
[MOS-Core] constraint_mode=strict
[MOS-Core] objective_mode=dual
[MOS-Core] alpha_feasible=0.001289 boundary_width=7.62939e-06 refinements=13
[MOS-Boundary] alpha_feasible=0.001289 alpha_infeasible=0.001297 limiting_constraint=sign left=radial:ratio=0.00128937:score=0.998712:violation=0|sign:ratio=0.997376:score=0.500657:violation=0 right=radial:ratio=0.001297:score=0.998705:violation=0|sign:ratio=1.0048:score=0.498804:violation=0.00479615
[MOS-Core] adaptive_guided_init=True alpha_feasible=0.001289 alpha_init=0.001289 scales=[0.0, 0.00025787353515625003, 0.0005157470703125001, 0.0007736206054687499, 0.0010314941406250001, 0.00128936767578125]
[MOS-Core] Generated 6 scale-based seeds: [0.0, 0.00025787353515625003, 0.0005157470703125001, 0.0007736206054687499, 0.0010314941406250001, 0.00128936767578125]
[MOS-Core] Historical seed injected at position 3
[MOS-Core] historical_raw_norm=0.663297
[MOS-Core] historical_direction_norm=1.000000
[MOS-Core] historical_seed_target_scale=345.845825
[MOS-Core] historical_seed_final_norm=345.845825
[MOS-Core] Generated 4 random candidates (noise_scale=0.1)
[MOS-Core] Initial population norms: min=0.0000, mean=205.9829, max=641.3975
[MOS-Core] Budget ratios: min=0.0000, mean=0.2978, max=0.9273
[MOS-Core] Clipped ratio: 0.00%
[MOS-Core] Historical seed used: True

[MOS-Core] Starting NSGA-II evolution...
[MOS-Core] Generations: 100
[MOS-Core] Population size: 10
[MOS-Core] SBX eta: 15.0, crossover_prob: 0.9
[MOS-Core] Mutation scale: 0.05
[MOS-Core] Gen 1/100:
  Stealth: mean=0.904, best=1.000
  Destructiveness: mean=0.464, best=0.893
  CV: mean=0.0000, min=0.0000
  Feasibility: count=10, ratio=100.00%
  Max feasible destruct: 0.893
  Pareto front size: 8
  Budget ratio: mean=0.012, max=0.028
  Radial: mean_ratio=0.012, max_ratio=0.028, mean_score=0.988
  Sign: mean_ratio=0.465, max_ratio=0.997, mean_score=0.734
[MOS-Core] Gen 10/100:
  Stealth: mean=0.910, best=1.000
  Destructiveness: mean=0.393, best=0.896
  CV: mean=0.0000, min=0.0000
  Feasibility: count=10, ratio=100.00%
  Max feasible destruct: 0.896
  Pareto front size: 10
  Budget ratio: mean=0.023, max=0.076
  Radial: mean_ratio=0.023, max_ratio=0.076, mean_score=0.978
  Sign: mean_ratio=0.377, max_ratio=0.997, mean_score=0.775
[MOS-Core] Gen 20/100:
  Stealth: mean=0.882, best=1.000
  Destructiveness: mean=0.521, best=0.916
  CV: mean=0.0000, min=0.0000
  Feasibility: count=10, ratio=100.00%
  Max feasible destruct: 0.916
  Pareto front size: 10
  Budget ratio: mean=0.032, max=0.146
  Radial: mean_ratio=0.032, max_ratio=0.146, mean_score=0.971
  Sign: mean_ratio=0.522, max_ratio=0.997, mean_score=0.705
[MOS-Core] Gen 30/100:
  Stealth: mean=0.870, best=1.000
  Destructiveness: mean=0.509, best=0.929
  CV: mean=0.0000, min=0.0000
  Feasibility: count=10, ratio=100.00%
  Max feasible destruct: 0.929
  Pareto front size: 10
  Budget ratio: mean=0.055, max=0.210
  Radial: mean_ratio=0.055, max_ratio=0.210, mean_score=0.951
  Sign: mean_ratio=0.522, max_ratio=1.000, mean_score=0.707
[MOS-Core] Gen 40/100:
  Stealth: mean=0.868, best=1.000
  Destructiveness: mean=0.512, best=0.943
  CV: mean=0.0000, min=0.0000
  Feasibility: count=10, ratio=100.00%
  Max feasible destruct: 0.943
  Pareto front size: 10
  Budget ratio: mean=0.058, max=0.239
  Radial: mean_ratio=0.058, max_ratio=0.239, mean_score=0.949
  Sign: mean_ratio=0.521, max_ratio=0.996, mean_score=0.707
[MOS-Core] Gen 50/100:
  Stealth: mean=0.849, best=1.000
  Destructiveness: mean=0.588, best=0.964
  CV: mean=0.0000, min=0.0000
  Feasibility: count=10, ratio=100.00%
  Max feasible destruct: 0.964
  Pareto front size: 10
  Budget ratio: mean=0.065, max=0.188
  Radial: mean_ratio=0.065, max_ratio=0.188, mean_score=0.942
  Sign: mean_ratio=0.611, max_ratio=0.993, mean_score=0.665
[MOS-Core] Gen 60/100:
  Stealth: mean=0.839, best=1.000
  Destructiveness: mean=0.598, best=0.971
  CV: mean=0.0000, min=0.0000
  Feasibility: count=10, ratio=100.00%
  Max feasible destruct: 0.971
  Pareto front size: 10
  Budget ratio: mean=0.084, max=0.216
  Radial: mean_ratio=0.084, max_ratio=0.216, mean_score=0.927
  Sign: mean_ratio=0.612, max_ratio=0.999, mean_score=0.664
[MOS-Core] Gen 70/100:
  Stealth: mean=0.835, best=1.000
  Destructiveness: mean=0.603, best=0.986
  CV: mean=0.0000, min=0.0000
  Feasibility: count=10, ratio=100.00%
  Max feasible destruct: 0.986
  Pareto front size: 10
  Budget ratio: mean=0.092, max=0.289
  Radial: mean_ratio=0.092, max_ratio=0.289, mean_score=0.921
  Sign: mean_ratio=0.613, max_ratio=0.998, mean_score=0.664
[MOS-Core] Gen 80/100:
  Stealth: mean=0.833, best=1.000
  Destructiveness: mean=0.604, best=0.992
  CV: mean=0.0000, min=0.0000
  Feasibility: count=10, ratio=100.00%
  Max feasible destruct: 0.992
  Pareto front size: 10
  Budget ratio: mean=0.097, max=0.325
  Radial: mean_ratio=0.097, max_ratio=0.325, mean_score=0.918
  Sign: mean_ratio=0.614, max_ratio=0.996, mean_score=0.662
[MOS-Core] Gen 90/100:
  Stealth: mean=0.830, best=1.000
  Destructiveness: mean=0.603, best=1.008
  CV: mean=0.0000, min=0.0000
  Feasibility: count=10, ratio=100.00%
  Max feasible destruct: 1.008
  Pareto front size: 10
  Budget ratio: mean=0.104, max=0.383
  Radial: mean_ratio=0.104, max_ratio=0.383, mean_score=0.914
  Sign: mean_ratio=0.614, max_ratio=0.992, mean_score=0.661
[MOS-Core] Gen 100/100:
  Stealth: mean=0.832, best=1.000
  Destructiveness: mean=0.606, best=1.024
  CV: mean=0.0000, min=0.0000
  Feasibility: count=10, ratio=100.00%
  Max feasible destruct: 1.024
  Pareto front size: 10
  Budget ratio: mean=0.099, max=0.333
  Radial: mean_ratio=0.099, max_ratio=0.333, mean_score=0.917
  Sign: mean_ratio=0.617, max_ratio=0.996, mean_score=0.660

[MOS-Core] Selecting final solution...
[MOS-Core] Selection parameters:
  Lambda_s (stealth weight): 0.50
  Lambda_a (attack weight): 0.50
  Attack floor ratio: 0.1024

[MOS-Core] Feasibility summary:
  Feasible solutions: 10
  Feasible ratio: 100.00%
  Selection mode: feasible
  Min CV in front: 0.0000

[MOS-Core] Pareto front summary:
  Front size: 10
  Stealth range: [0.667, 1.000]
  Destructiveness range: [0.000, 1.024]
  CV range: [0.0000, 0.0000]
  Candidates after attack floor: 8

[MOS-Core] Selected solution (index=5):
[MOS-Core]   Constraint pass score (R): 0.857
[MOS-Core]   Destructiveness (A): 0.713
[MOS-Core]   Total CV: 0.0000
[MOS-Core]   Deviation norm: 0.7135
[MOS-Core]   Budget usage: 0.10%
[MOS-Core] selection_mode=balanced_knee
[MOS-Core] selected_budget_ratio=0.001031
[MOS-Core] selected_stealth=0.856677
[MOS-Core] selected_destructiveness=0.713472
[MOS-Core] selected_R=0.856677
[MOS-Core] selected_A=0.713472
[MOS-Core] selected_cv=0.000000
[MOS-Core] selected_CV=0.000000
[MOS-Core] selected_feasible=True
[MOS-Core] selected_guidance_alignment=1.000000
[MOS-Core] Per-constraint details:
[MOS-Core]   Radial: score=0.999, ratio=0.001, violation=0.000, loss=0.7135, threshold=691.6917
[MOS-Core]   Sign: score=0.572, ratio=0.748, violation=0.000, loss=1.6178, threshold=2.1630

[MOS-Core] Generating 3 malicious updates...
[MOS-Core] Template noise scale: 0.0001
[MOS-Core] Output norms: min=0.7143, mean=0.7146, max=0.7150
[MOS-Core] Attack completed successfully
============================================================

attack:mos_attack
defend:multi_krum
[FiniteAudit] round=41 defense=multi_krum selected_count=3 selected_malicious_count=3 selected_updates_finite=True selected_indices=[1, 2, 0]
[FiniteAudit] round=41 global_pre_finite=True benign_updates_finite=True malicious_updates_finite=True attack_budget_output_finite=True aggregate_input_finite=True aggregate_output_finite=True global_post_finite=True first_bad_stage=none rejected=False rollback=False
t  41: train_loss = 1.127, test_acc = 31.110
attack numbers = 11
[FiniteAudit] round=42 checkpoint_promoted_after_benign=True
current iteration attack ratio: 0.44

============================================================
[MOS-Core] Starting MOS-Attack
============================================================
[MOS-Core] Total parameters: 11,183,582
[MOS-Core] Benign clients: 14
[MOS-Core] Malicious slots: 11
[MOS-Core] Benign mean norm: 1283.1110
[MOS-Core] Benign std (mean): 0.0012
[MOS-Core] ce_raw_norm=12973711360.0
[MOS-Core] cw_raw_norm=12973711360.0
[MOS-Core] ce_valid=True
[MOS-Core] cw_valid=True
[MOS-Core] ce_cw_cosine=1.0
[MOS-Core] combined_pre_norm=1.0
[MOS-Core] historical_direction_valid=True
[MOS-Core] historical_direction_norm=0.7134758830070496
[MOS-Core] guidance_history_cosine=0.9906679391860962
[MOS-Core] guidance_source=ce_cw_combined
[MOS-Core] guidance_fallback_used=False
[MOS-Core] final_guidance_norm=1.000000
[MOS-Core] Base radial threshold (q=0.95): 754.3073
[MOS-Core] Attack budget ratio: 1.0
[MOS-Core] current_budget=754.307251
[MOS-Core] current_budget_valid=True

[MOS-Core] Initializing constraints...
[MOS-Core] Enabled constraints: Radial, Sign
[MOS-Core] Radial weight: 1.0
[MOS-Core] Sign weight: 0.5, layer_reduce: quantile
[MOS-Core]   Radial threshold: 754.3073
[MOS-Core]   Sign threshold: 1.8713

[MOS-Core] Initializing population (size=10)...
[MOS-Core] constraint_mode=strict
[MOS-Core] objective_mode=dual
[MOS-Core] alpha_feasible=0.000916 boundary_width=7.62939e-06 refinements=13
[MOS-Boundary] alpha_feasible=0.000916 alpha_infeasible=0.000923 limiting_constraint=sign left=radial:ratio=0.000915527:score=0.999085:violation=0|sign:ratio=0.994043:score=0.501494:violation=0 right=radial:ratio=0.000923157:score=0.999078:violation=0|sign:ratio=1.00538:score=0.498659:violation=0.00537777
[MOS-Core] adaptive_guided_init=True alpha_feasible=0.000916 alpha_init=0.000916 scales=[0.0, 0.00018310546875, 0.0003662109375, 0.00054931640625, 0.000732421875, 0.00091552734375]
[MOS-Core] Generated 6 scale-based seeds: [0.0, 0.00018310546875, 0.0003662109375, 0.00054931640625, 0.000732421875, 0.00091552734375]
[MOS-Core] Historical seed injected at position 3
[MOS-Core] historical_raw_norm=0.713476
[MOS-Core] historical_direction_norm=1.000000
[MOS-Core] historical_seed_target_scale=377.153625
[MOS-Core] historical_seed_final_norm=377.153625
[MOS-Core] Generated 4 random candidates (noise_scale=0.1)
[MOS-Core] Initial population norms: min=0.0000, mean=120.7453, max=377.1536
[MOS-Core] Budget ratios: min=0.0000, mean=0.1601, max=0.5000
[MOS-Core] Clipped ratio: 0.00%
[MOS-Core] Historical seed used: True

[MOS-Core] Starting NSGA-II evolution...
[MOS-Core] Generations: 100
[MOS-Core] Population size: 10
[MOS-Core] SBX eta: 15.0, crossover_prob: 0.9
[MOS-Core] Mutation scale: 0.05
[MOS-Core] Gen 1/100:
  Stealth: mean=0.925, best=1.000
  Destructiveness: mean=0.276, best=0.691
  CV: mean=0.0000, min=0.0000
  Feasibility: count=10, ratio=100.00%
  Max feasible destruct: 0.691
  Pareto front size: 7
  Budget ratio: mean=0.017, max=0.066
  Radial: mean_ratio=0.017, max_ratio=0.066, mean_score=0.984
  Sign: mean_ratio=0.312, max_ratio=0.994, mean_score=0.809
[MOS-Core] Gen 10/100:
  Stealth: mean=0.906, best=1.000
  Destructiveness: mean=0.347, best=0.698
  CV: mean=0.0000, min=0.0000
  Feasibility: count=10, ratio=100.00%
  Max feasible destruct: 0.698
  Pareto front size: 10
  Budget ratio: mean=0.020, max=0.051
  Radial: mean_ratio=0.020, max_ratio=0.051, mean_score=0.981
  Sign: mean_ratio=0.414, max_ratio=0.994, mean_score=0.757
[MOS-Core] Gen 20/100:
  Stealth: mean=0.890, best=1.000
  Destructiveness: mean=0.361, best=0.701
  CV: mean=0.0000, min=0.0000
  Feasibility: count=10, ratio=100.00%
  Max feasible destruct: 0.701
  Pareto front size: 10
  Budget ratio: mean=0.038, max=0.121
  Radial: mean_ratio=0.038, max_ratio=0.121, mean_score=0.965
  Sign: mean_ratio=0.439, max_ratio=0.994, mean_score=0.738
[MOS-Core] Gen 30/100:
  Stealth: mean=0.901, best=1.000
  Destructiveness: mean=0.335, best=0.712
  CV: mean=0.0000, min=0.0000
  Feasibility: count=10, ratio=100.00%
  Max feasible destruct: 0.712
  Pareto front size: 10
  Budget ratio: mean=0.029, max=0.089
  Radial: mean_ratio=0.029, max_ratio=0.089, mean_score=0.973
  Sign: mean_ratio=0.413, max_ratio=0.994, mean_score=0.758
[MOS-Core] Gen 40/100:
  Stealth: mean=0.890, best=1.000
  Destructiveness: mean=0.365, best=0.714
  CV: mean=0.0000, min=0.0000
  Feasibility: count=10, ratio=100.00%
  Max feasible destruct: 0.714
  Pareto front size: 10
  Budget ratio: mean=0.034, max=0.100
  Radial: mean_ratio=0.034, max_ratio=0.100, mean_score=0.969
  Sign: mean_ratio=0.445, max_ratio=0.994, mean_score=0.732
[MOS-Core] Gen 50/100:
  Stealth: mean=0.892, best=1.000
  Destructiveness: mean=0.353, best=0.721
  CV: mean=0.0000, min=0.0000
  Feasibility: count=10, ratio=100.00%
  Max feasible destruct: 0.721
  Pareto front size: 10
  Budget ratio: mean=0.037, max=0.094
  Radial: mean_ratio=0.037, max_ratio=0.094, mean_score=0.965
  Sign: mean_ratio=0.444, max_ratio=0.994, mean_score=0.746
[MOS-Core] Gen 60/100:
  Stealth: mean=0.888, best=1.000
  Destructiveness: mean=0.367, best=0.729
  CV: mean=0.0000, min=0.0000
  Feasibility: count=10, ratio=100.00%
  Max feasible destruct: 0.729
  Pareto front size: 10
  Budget ratio: mean=0.037, max=0.106
  Radial: mean_ratio=0.037, max_ratio=0.106, mean_score=0.966
  Sign: mean_ratio=0.442, max_ratio=0.994, mean_score=0.734
[MOS-Core] Gen 70/100:
  Stealth: mean=0.881, best=1.000
  Destructiveness: mean=0.382, best=0.743
  CV: mean=0.0000, min=0.0000
  Feasibility: count=10, ratio=100.00%
  Max feasible destruct: 0.743
  Pareto front size: 10
  Budget ratio: mean=0.043, max=0.116
  Radial: mean_ratio=0.043, max_ratio=0.116, mean_score=0.961
  Sign: mean_ratio=0.478, max_ratio=0.996, mean_score=0.722
[MOS-Core] Gen 80/100:
  Stealth: mean=0.884, best=1.000
  Destructiveness: mean=0.370, best=0.755
  CV: mean=0.0000, min=0.0000
  Feasibility: count=10, ratio=100.00%
  Max feasible destruct: 0.755
  Pareto front size: 10
  Budget ratio: mean=0.042, max=0.121
  Radial: mean_ratio=0.042, max_ratio=0.121, mean_score=0.962
  Sign: mean_ratio=0.448, max_ratio=0.986, mean_score=0.730
[MOS-Core] Gen 90/100:
  Stealth: mean=0.870, best=1.000
  Destructiveness: mean=0.440, best=0.768
  CV: mean=0.0000, min=0.0000
  Feasibility: count=10, ratio=100.00%
  Max feasible destruct: 0.768
  Pareto front size: 10
  Budget ratio: mean=0.037, max=0.107
  Radial: mean_ratio=0.037, max_ratio=0.107, mean_score=0.965
  Sign: mean_ratio=0.562, max_ratio=0.989, mean_score=0.679
[MOS-Core] Gen 100/100:
  Stealth: mean=0.863, best=1.000
  Destructiveness: mean=0.463, best=0.779
  CV: mean=0.0000, min=0.0000
  Feasibility: count=10, ratio=100.00%
  Max feasible destruct: 0.779
  Pareto front size: 10
  Budget ratio: mean=0.046, max=0.113
  Radial: mean_ratio=0.046, max_ratio=0.113, mean_score=0.957
  Sign: mean_ratio=0.583, max_ratio=0.991, mean_score=0.674

[MOS-Core] Selecting final solution...
[MOS-Core] Selection parameters:
  Lambda_s (stealth weight): 0.50
  Lambda_a (attack weight): 0.50
  Attack floor ratio: 0.0779

[MOS-Core] Feasibility summary:
  Feasible solutions: 10
  Feasible ratio: 100.00%
  Selection mode: feasible
  Min CV in front: 0.0000

[MOS-Core] Pareto front summary:
  Front size: 10
  Stealth range: [0.767, 1.000]
  Destructiveness range: [0.000, 0.779]
  CV range: [0.0000, 0.0000]
  Candidates after attack floor: 8

[MOS-Core] Selected solution (index=5):
[MOS-Core]   Constraint pass score (R): 0.861
[MOS-Core]   Destructiveness (A): 0.551
[MOS-Core]   Total CV: 0.0000
[MOS-Core]   Deviation norm: 14.8726
[MOS-Core]   Budget usage: 1.97%
[MOS-Core] selection_mode=balanced_knee
[MOS-Core] selected_budget_ratio=0.019717
[MOS-Core] selected_stealth=0.860725
[MOS-Core] selected_destructiveness=0.551375
[MOS-Core] selected_R=0.860725
[MOS-Core] selected_A=0.551375
[MOS-Core] selected_cv=0.000000
[MOS-Core] selected_CV=0.000000
[MOS-Core] selected_feasible=True
[MOS-Core] selected_guidance_alignment=0.037073
[MOS-Core] Per-constraint details:
[MOS-Core]   Radial: score=0.981, ratio=0.020, violation=0.000, loss=14.8726, threshold=754.3073
[MOS-Core]   Sign: score=0.621, ratio=0.611, violation=0.000, loss=1.1428, threshold=1.8713

[MOS-Core] Generating 11 malicious updates...
[MOS-Core] Template noise scale: 0.0001
[MOS-Core] Output norms: min=14.8376, mean=14.8699, max=14.8843
[MOS-Core] Attack completed successfully
============================================================

attack:mos_attack
defend:multi_krum
[FiniteAudit] round=42 defense=multi_krum selected_count=3 selected_malicious_count=3 selected_updates_finite=True selected_indices=[7, 8, 4]
[FiniteAudit] round=42 global_pre_finite=True benign_updates_finite=True malicious_updates_finite=True attack_budget_output_finite=True aggregate_input_finite=True aggregate_output_finite=True global_post_finite=True first_bad_stage=none rejected=False rollback=False
t  42: train_loss = 1.096, test_acc = 40.890
attack numbers = 5
[FiniteAudit] round=43 checkpoint_promoted_after_benign=True
current iteration attack ratio: 0.2

============================================================
[MOS-Core] Starting MOS-Attack
============================================================
[MOS-Core] Total parameters: 11,183,582
[MOS-Core] Benign clients: 20
[MOS-Core] Malicious slots: 5
[MOS-Core] Benign mean norm: 1296.3671
[MOS-Core] Benign std (mean): 0.0013
[MOS-Core] ce_raw_norm=21387735040.0
[MOS-Core] cw_raw_norm=21387735040.0
[MOS-Core] ce_valid=True
[MOS-Core] cw_valid=True
[MOS-Core] ce_cw_cosine=1.0
[MOS-Core] combined_pre_norm=1.0
[MOS-Core] historical_direction_valid=True
[MOS-Core] historical_direction_norm=14.872566223144531
[MOS-Core] guidance_history_cosine=0.03684106841683388
[MOS-Core] guidance_source=ce_cw_combined
[MOS-Core] guidance_fallback_used=False
[MOS-Core] final_guidance_norm=1.000000
[MOS-Core] Base radial threshold (q=0.95): 906.4348
[MOS-Core] Attack budget ratio: 1.0
[MOS-Core] current_budget=906.434814
[MOS-Core] current_budget_valid=True

[MOS-Core] Initializing constraints...
[MOS-Core] Enabled constraints: Radial, Sign
[MOS-Core] Radial weight: 1.0
[MOS-Core] Sign weight: 0.5, layer_reduce: quantile
[MOS-Core]   Radial threshold: 906.4348
[MOS-Core]   Sign threshold: 2.1190

[MOS-Core] Initializing population (size=10)...
[MOS-Core] constraint_mode=strict
[MOS-Core] objective_mode=dual
[MOS-Core] alpha_feasible=0.000885 boundary_width=7.62939e-06 refinements=13
[MOS-Boundary] alpha_feasible=0.000885 alpha_infeasible=0.000893 limiting_constraint=sign left=radial:ratio=0.00088501:score=0.999116:violation=0|sign:ratio=0.997194:score=0.500703:violation=0 right=radial:ratio=0.000892639:score=0.999108:violation=0|sign:ratio=1.0078:score=0.498058:violation=0.00779998
[MOS-Core] adaptive_guided_init=True alpha_feasible=0.000885 alpha_init=0.000885 scales=[0.0, 0.00017700195312500002, 0.00035400390625000004, 0.000531005859375, 0.0007080078125000001, 0.000885009765625]
[MOS-Core] Generated 6 scale-based seeds: [0.0, 0.00017700195312500002, 0.00035400390625000004, 0.000531005859375, 0.0007080078125000001, 0.000885009765625]
[MOS-Core] Historical seed injected at position 3
[MOS-Core] historical_raw_norm=14.872566
[MOS-Core] historical_direction_norm=1.000000
[MOS-Core] historical_seed_target_scale=453.217407
[MOS-Core] historical_seed_final_norm=453.217407
[MOS-Core] Generated 4 random candidates (noise_scale=0.1)
[MOS-Core] Initial population norms: min=0.0000, mean=122.1413, max=496.8286
[MOS-Core] Budget ratios: min=0.0000, mean=0.1347, max=0.5481
[MOS-Core] Clipped ratio: 0.00%
[MOS-Core] Historical seed used: True

[MOS-Core] Starting NSGA-II evolution...
[MOS-Core] Generations: 100
[MOS-Core] Population size: 10
[MOS-Core] SBX eta: 15.0, crossover_prob: 0.9
[MOS-Core] Mutation scale: 0.05
[MOS-Core] Gen 1/100:
  Stealth: mean=0.924, best=1.000
  Destructiveness: mean=0.321, best=0.802
  CV: mean=0.0000, min=0.0000
  Feasibility: count=10, ratio=100.00%
  Max feasible destruct: 0.802
  Pareto front size: 8
  Budget ratio: mean=0.009, max=0.022
  Radial: mean_ratio=0.009, max_ratio=0.022, mean_score=0.992
  Sign: mean_ratio=0.343, max_ratio=0.997, mean_score=0.790
[MOS-Core] Gen 10/100:
  Stealth: mean=0.899, best=1.000
  Destructiveness: mean=0.404, best=0.809
  CV: mean=0.0000, min=0.0000
  Feasibility: count=10, ratio=100.00%
  Max feasible destruct: 0.809
  Pareto front size: 10
  Budget ratio: mean=0.026, max=0.095
  Radial: mean_ratio=0.026, max_ratio=0.095, mean_score=0.976
  Sign: mean_ratio=0.448, max_ratio=0.997, mean_score=0.747
[MOS-Core] Gen 20/100:
  Stealth: mean=0.900, best=1.000
  Destructiveness: mean=0.405, best=0.820
  CV: mean=0.0000, min=0.0000
  Feasibility: count=10, ratio=100.00%
  Max feasible destruct: 0.820
  Pareto front size: 10
  Budget ratio: mean=0.020, max=0.081
  Radial: mean_ratio=0.020, max_ratio=0.081, mean_score=0.981
  Sign: mean_ratio=0.447, max_ratio=0.997, mean_score=0.738
[MOS-Core] Gen 30/100:
  Stealth: mean=0.901, best=1.000
  Destructiveness: mean=0.410, best=0.838
  CV: mean=0.0000, min=0.0000
  Feasibility: count=10, ratio=100.00%
  Max feasible destruct: 0.838
  Pareto front size: 10
  Budget ratio: mean=0.021, max=0.070
  Radial: mean_ratio=0.021, max_ratio=0.070, mean_score=0.980
  Sign: mean_ratio=0.453, max_ratio=0.997, mean_score=0.744
[MOS-Core] Gen 40/100:
  Stealth: mean=0.900, best=1.000
  Destructiveness: mean=0.424, best=0.850
  CV: mean=0.0000, min=0.0000
  Feasibility: count=10, ratio=100.00%
  Max feasible destruct: 0.850
  Pareto front size: 10
  Budget ratio: mean=0.016, max=0.064
  Radial: mean_ratio=0.016, max_ratio=0.064, mean_score=0.984
  Sign: mean_ratio=0.457, max_ratio=0.997, mean_score=0.730
[MOS-Core] Gen 50/100:
  Stealth: mean=0.893, best=1.000
  Destructiveness: mean=0.427, best=0.870
  CV: mean=0.0000, min=0.0000
  Feasibility: count=10, ratio=100.00%
  Max feasible destruct: 0.870
  Pareto front size: 10
  Budget ratio: mean=0.026, max=0.081
  Radial: mean_ratio=0.026, max_ratio=0.081, mean_score=0.975
  Sign: mean_ratio=0.458, max_ratio=0.997, mean_score=0.729
[MOS-Core] Gen 60/100:
  Stealth: mean=0.888, best=1.000
  Destructiveness: mean=0.437, best=0.889
  CV: mean=0.0000, min=0.0000
  Feasibility: count=10, ratio=100.00%
  Max feasible destruct: 0.889
  Pareto front size: 10
  Budget ratio: mean=0.034, max=0.087
  Radial: mean_ratio=0.034, max_ratio=0.087, mean_score=0.968
  Sign: mean_ratio=0.461, max_ratio=0.976, mean_score=0.727
[MOS-Core] Gen 70/100:
  Stealth: mean=0.887, best=1.000
  Destructiveness: mean=0.424, best=0.895
  CV: mean=0.0000, min=0.0000
  Feasibility: count=10, ratio=100.00%
  Max feasible destruct: 0.895
  Pareto front size: 10
  Budget ratio: mean=0.037, max=0.096
  Radial: mean_ratio=0.037, max_ratio=0.096, mean_score=0.965
  Sign: mean_ratio=0.461, max_ratio=0.995, mean_score=0.730
[MOS-Core] Gen 80/100:
  Stealth: mean=0.874, best=1.000
  Destructiveness: mean=0.457, best=0.897
  CV: mean=0.0000, min=0.0000
  Feasibility: count=10, ratio=100.00%
  Max feasible destruct: 0.897
  Pareto front size: 10
  Budget ratio: mean=0.046, max=0.136
  Radial: mean_ratio=0.046, max_ratio=0.136, mean_score=0.958
  Sign: mean_ratio=0.512, max_ratio=0.998, mean_score=0.708
[MOS-Core] Gen 90/100:
  Stealth: mean=0.872, best=1.000
  Destructiveness: mean=0.459, best=0.909
  CV: mean=0.0000, min=0.0000
  Feasibility: count=10, ratio=100.00%
  Max feasible destruct: 0.909
  Pareto front size: 10
  Budget ratio: mean=0.053, max=0.215
  Radial: mean_ratio=0.053, max_ratio=0.215, mean_score=0.953
  Sign: mean_ratio=0.511, max_ratio=0.995, mean_score=0.709
[MOS-Core] Gen 100/100:
  Stealth: mean=0.880, best=1.000
  Destructiveness: mean=0.413, best=0.910
  CV: mean=0.0000, min=0.0000
  Feasibility: count=10, ratio=100.00%
  Max feasible destruct: 0.910
  Pareto front size: 10
  Budget ratio: mean=0.056, max=0.198
  Radial: mean_ratio=0.056, max_ratio=0.198, mean_score=0.950
  Sign: mean_ratio=0.448, max_ratio=0.996, mean_score=0.740

[MOS-Core] Selecting final solution...
[MOS-Core] Selection parameters:
  Lambda_s (stealth weight): 0.50
  Lambda_a (attack weight): 0.50
  Attack floor ratio: 0.0910

[MOS-Core] Feasibility summary:
  Feasible solutions: 10
  Feasible ratio: 100.00%
  Selection mode: feasible
  Min CV in front: 0.0000

[MOS-Core] Pareto front summary:
  Front size: 10
  Stealth range: [0.724, 1.000]
  Destructiveness range: [0.000, 0.910]
  CV range: [0.0000, 0.0000]
  Candidates after attack floor: 8

[MOS-Core] Selected solution (index=2):
[MOS-Core]   Constraint pass score (R): 0.856
[MOS-Core]   Destructiveness (A): 0.642
[MOS-Core]   Total CV: 0.0000
[MOS-Core]   Deviation norm: 0.6418
[MOS-Core]   Budget usage: 0.07%
[MOS-Core] selection_mode=balanced_knee
[MOS-Core] selected_budget_ratio=0.000708
[MOS-Core] selected_stealth=0.856384
[MOS-Core] selected_destructiveness=0.641760
[MOS-Core] selected_R=0.856384
[MOS-Core] selected_A=0.641760
[MOS-Core] selected_cv=0.000000
[MOS-Core] selected_CV=0.000000
[MOS-Core] selected_feasible=True
[MOS-Core] selected_guidance_alignment=1.000000
[MOS-Core] Per-constraint details:
[MOS-Core]   Radial: score=0.999, ratio=0.001, violation=0.000, loss=0.6418, threshold=906.4348
[MOS-Core]   Sign: score=0.571, ratio=0.753, violation=0.000, loss=1.5949, threshold=2.1190

[MOS-Core] Generating 5 malicious updates...
[MOS-Core] Template noise scale: 0.0001
[MOS-Core] Output norms: min=0.6422, mean=0.6429, max=0.6448
[MOS-Core] Attack completed successfully
============================================================

attack:mos_attack
defend:multi_krum
[FiniteAudit] round=43 defense=multi_krum selected_count=3 selected_malicious_count=3 selected_updates_finite=True selected_indices=[0, 1, 4]
[FiniteAudit] round=43 global_pre_finite=True benign_updates_finite=True malicious_updates_finite=True attack_budget_output_finite=True aggregate_input_finite=True aggregate_output_finite=True global_post_finite=True first_bad_stage=none rejected=False rollback=False
t  43: train_loss = 1.105, test_acc = 31.600
attack numbers = 2
[FiniteAudit] round=44 checkpoint_promoted_after_benign=True
current iteration attack ratio: 0.08

============================================================
[MOS-Core] Starting MOS-Attack
============================================================
[MOS-Core] Total parameters: 11,183,582
[MOS-Core] Benign clients: 23
[MOS-Core] Malicious slots: 2
[MOS-Core] Benign mean norm: 1507.6195
[MOS-Core] Benign std (mean): 0.0013
[MOS-Core] ce_raw_norm=36342321152.0
[MOS-Core] cw_raw_norm=36342321152.0
[MOS-Core] ce_valid=True
[MOS-Core] cw_valid=True
[MOS-Core] ce_cw_cosine=0.9999998211860657
[MOS-Core] combined_pre_norm=0.9999999403953552
[MOS-Core] historical_direction_valid=True
[MOS-Core] historical_direction_norm=0.6417629718780518
[MOS-Core] guidance_history_cosine=0.992485523223877
[MOS-Core] guidance_source=ce_cw_combined
[MOS-Core] guidance_fallback_used=False
[MOS-Core] final_guidance_norm=1.000000
[MOS-Core] Base radial threshold (q=0.95): 1144.1675
[MOS-Core] Attack budget ratio: 1.0
[MOS-Core] current_budget=1144.167480
[MOS-Core] current_budget_valid=True

[MOS-Core] Initializing constraints...
[MOS-Core] Enabled constraints: Radial, Sign
[MOS-Core] Radial weight: 1.0
[MOS-Core] Sign weight: 0.5, layer_reduce: quantile
[MOS-Core]   Radial threshold: 1144.1675
[MOS-Core]   Sign threshold: 2.2626

[MOS-Core] Initializing population (size=10)...
[MOS-Core] constraint_mode=strict
[MOS-Core] objective_mode=dual
[MOS-Core] alpha_feasible=0.000702 boundary_width=7.62939e-06 refinements=13
[MOS-Boundary] alpha_feasible=0.000702 alpha_infeasible=0.000710 limiting_constraint=sign left=radial:ratio=0.000701904:score=0.999299:violation=0|sign:ratio=0.991875:score=0.502039:violation=0 right=radial:ratio=0.000709534:score=0.999291:violation=0|sign:ratio=1.00523:score=0.498695:violation=0.0052321
[MOS-Core] adaptive_guided_init=True alpha_feasible=0.000702 alpha_init=0.000702 scales=[0.0, 0.00014038085937500002, 0.00028076171875000003, 0.00042114257812499997, 0.0005615234375000001, 0.000701904296875]
[MOS-Core] Generated 6 scale-based seeds: [0.0, 0.00014038085937500002, 0.00028076171875000003, 0.00042114257812499997, 0.0005615234375000001, 0.000701904296875]
[MOS-Core] Historical seed injected at position 3
[MOS-Core] historical_raw_norm=0.641763
[MOS-Core] historical_direction_norm=1.000000
[MOS-Core] historical_seed_target_scale=572.083740
[MOS-Core] historical_seed_final_norm=572.083740
[MOS-Core] Generated 4 random candidates (noise_scale=0.1)
[MOS-Core] Initial population norms: min=0.0000, mean=348.7024, max=989.9259
[MOS-Core] Budget ratios: min=0.0000, mean=0.3048, max=0.8652
[MOS-Core] Clipped ratio: 0.00%
[MOS-Core] Historical seed used: True

[MOS-Core] Starting NSGA-II evolution...
[MOS-Core] Generations: 100
[MOS-Core] Population size: 10
[MOS-Core] SBX eta: 15.0, crossover_prob: 0.9
[MOS-Core] Mutation scale: 0.05
[MOS-Core] Gen 1/100:
  Stealth: mean=0.920, best=1.000
  Destructiveness: mean=0.369, best=0.805
  CV: mean=0.0000, min=0.0000
  Feasibility: count=10, ratio=100.00%
  Max feasible destruct: 0.805
  Pareto front size: 7
  Budget ratio: mean=0.010, max=0.026
  Radial: mean_ratio=0.010, max_ratio=0.026, mean_score=0.990
  Sign: mean_ratio=0.387, max_ratio=0.992, mean_score=0.780
[MOS-Core] Gen 10/100:
  Stealth: mean=0.900, best=1.000
  Destructiveness: mean=0.420, best=0.814
  CV: mean=0.0000, min=0.0000
  Feasibility: count=10, ratio=100.00%
  Max feasible destruct: 0.814
  Pareto front size: 10
  Budget ratio: mean=0.024, max=0.095
  Radial: mean_ratio=0.024, max_ratio=0.095, mean_score=0.977
  Sign: mean_ratio=0.431, max_ratio=0.992, mean_score=0.746
[MOS-Core] Gen 20/100:
  Stealth: mean=0.887, best=1.000
  Destructiveness: mean=0.470, best=0.827
  CV: mean=0.0000, min=0.0000
  Feasibility: count=10, ratio=100.00%
  Max feasible destruct: 0.827
  Pareto front size: 10
  Budget ratio: mean=0.030, max=0.166
  Radial: mean_ratio=0.030, max_ratio=0.166, mean_score=0.973
  Sign: mean_ratio=0.508, max_ratio=0.999, mean_score=0.714
[MOS-Core] Gen 30/100:
  Stealth: mean=0.882, best=1.000
  Destructiveness: mean=0.473, best=0.834
  CV: mean=0.0000, min=0.0000
  Feasibility: count=10, ratio=100.00%
  Max feasible destruct: 0.834
  Pareto front size: 10
  Budget ratio: mean=0.037, max=0.135
  Radial: mean_ratio=0.037, max_ratio=0.135, mean_score=0.966
  Sign: mean_ratio=0.511, max_ratio=0.996, mean_score=0.714
[MOS-Core] Gen 40/100:
  Stealth: mean=0.867, best=1.000
  Destructiveness: mean=0.492, best=0.838
  CV: mean=0.0000, min=0.0000
  Feasibility: count=10, ratio=100.00%
  Max feasible destruct: 0.838
  Pareto front size: 10
  Budget ratio: mean=0.052, max=0.153
  Radial: mean_ratio=0.052, max_ratio=0.153, mean_score=0.953
  Sign: mean_ratio=0.533, max_ratio=0.997, mean_score=0.696
[MOS-Core] Gen 50/100:
  Stealth: mean=0.842, best=1.000
  Destructiveness: mean=0.542, best=0.846
  CV: mean=0.0000, min=0.0000
  Feasibility: count=10, ratio=100.00%
  Max feasible destruct: 0.846
  Pareto front size: 10
  Budget ratio: mean=0.086, max=0.292
  Radial: mean_ratio=0.086, max_ratio=0.292, mean_score=0.929
  Sign: mean_ratio=0.605, max_ratio=0.997, mean_score=0.668
[MOS-Core] Gen 60/100:
  Stealth: mean=0.837, best=1.000
  Destructiveness: mean=0.527, best=0.852
  CV: mean=0.0000, min=0.0000
  Feasibility: count=10, ratio=100.00%
  Max feasible destruct: 0.852
  Pareto front size: 10
  Budget ratio: mean=0.103, max=0.481
  Radial: mean_ratio=0.103, max_ratio=0.481, mean_score=0.920
  Sign: mean_ratio=0.603, max_ratio=0.997, mean_score=0.670
[MOS-Core] Gen 70/100:
  Stealth: mean=0.837, best=1.000
  Destructiveness: mean=0.530, best=0.873
  CV: mean=0.0000, min=0.0000
  Feasibility: count=10, ratio=100.00%
  Max feasible destruct: 0.873
  Pareto front size: 10
  Budget ratio: mean=0.099, max=0.451
  Radial: mean_ratio=0.099, max_ratio=0.451, mean_score=0.922
  Sign: mean_ratio=0.609, max_ratio=0.999, mean_score=0.666
[MOS-Core] Gen 80/100:
  Stealth: mean=0.831, best=1.000
  Destructiveness: mean=0.538, best=0.893
  CV: mean=0.0000, min=0.0000
  Feasibility: count=10, ratio=100.00%
  Max feasible destruct: 0.893
  Pareto front size: 10
  Budget ratio: mean=0.115, max=0.458
  Radial: mean_ratio=0.115, max_ratio=0.458, mean_score=0.913
  Sign: mean_ratio=0.608, max_ratio=0.999, mean_score=0.666
[MOS-Core] Gen 90/100:
  Stealth: mean=0.834, best=1.000
  Destructiveness: mean=0.541, best=0.906
  CV: mean=0.0000, min=0.0000
  Feasibility: count=10, ratio=100.00%
  Max feasible destruct: 0.906
  Pareto front size: 10
  Budget ratio: mean=0.105, max=0.455
  Radial: mean_ratio=0.105, max_ratio=0.455, mean_score=0.918
  Sign: mean_ratio=0.611, max_ratio=0.996, mean_score=0.664
[MOS-Core] Gen 100/100:
  Stealth: mean=0.835, best=1.000
  Destructiveness: mean=0.543, best=0.916
  CV: mean=0.0000, min=0.0000
  Feasibility: count=10, ratio=100.00%
  Max feasible destruct: 0.916
  Pareto front size: 10
  Budget ratio: mean=0.104, max=0.506
  Radial: mean_ratio=0.104, max_ratio=0.506, mean_score=0.920
  Sign: mean_ratio=0.610, max_ratio=0.996, mean_score=0.664

[MOS-Core] Selecting final solution...
[MOS-Core] Selection parameters:
  Lambda_s (stealth weight): 0.50
  Lambda_a (attack weight): 0.50
  Attack floor ratio: 0.0916

[MOS-Core] Feasibility summary:
  Feasible solutions: 10
  Feasible ratio: 100.00%
  Selection mode: feasible
  Min CV in front: 0.0000

[MOS-Core] Pareto front summary:
  Front size: 10
  Stealth range: [0.610, 1.000]
  Destructiveness range: [0.000, 0.916]
  CV range: [0.0000, 0.0000]
  Candidates after attack floor: 8

[MOS-Core] Selected solution (index=7):
[MOS-Core]   Constraint pass score (R): 0.857
[MOS-Core]   Destructiveness (A): 0.642
[MOS-Core]   Total CV: 0.0000
[MOS-Core]   Deviation norm: 0.6425
[MOS-Core]   Budget usage: 0.06%
[MOS-Core] selection_mode=balanced_knee
[MOS-Core] selected_budget_ratio=0.000562
[MOS-Core] selected_stealth=0.857018
[MOS-Core] selected_destructiveness=0.642474
[MOS-Core] selected_R=0.857018
[MOS-Core] selected_A=0.642474
[MOS-Core] selected_cv=0.000000
[MOS-Core] selected_CV=0.000000
[MOS-Core] selected_feasible=True
[MOS-Core] selected_guidance_alignment=1.000000
[MOS-Core] Per-constraint details:
[MOS-Core]   Radial: score=0.999, ratio=0.001, violation=0.000, loss=0.6425, threshold=1144.1675
[MOS-Core]   Sign: score=0.572, ratio=0.748, violation=0.000, loss=1.6918, threshold=2.2626

[MOS-Core] Generating 2 malicious updates...
[MOS-Core] Template noise scale: 0.0001
[MOS-Core] Output norms: min=0.6430, mean=0.6433, max=0.6437
[MOS-Core] Attack completed successfully
============================================================

attack:mos_attack
defend:multi_krum
[FiniteAudit] round=44 defense=multi_krum selected_count=3 selected_malicious_count=1 selected_updates_finite=True selected_indices=[10, 1, 7]
[FiniteAudit] round=44 global_pre_finite=True benign_updates_finite=True malicious_updates_finite=True attack_budget_output_finite=True aggregate_input_finite=True aggregate_output_finite=True global_post_finite=True first_bad_stage=none rejected=False rollback=False
t  44: train_loss = 1.054, test_acc = 60.080
attack numbers = 4
[FiniteAudit] round=45 checkpoint_promoted_after_benign=True
current iteration attack ratio: 0.16

============================================================
[MOS-Core] Starting MOS-Attack
============================================================
[MOS-Core] Total parameters: 11,183,582
[MOS-Core] Benign clients: 21
[MOS-Core] Malicious slots: 4
[MOS-Core] Benign mean norm: 202.3313
[MOS-Core] Benign std (mean): 0.0013
[MOS-Core] ce_raw_norm=48405651456.0
[MOS-Core] cw_raw_norm=48405651456.0
[MOS-Core] ce_valid=True
[MOS-Core] cw_valid=True
[MOS-Core] ce_cw_cosine=1.0
[MOS-Core] combined_pre_norm=1.0
[MOS-Core] historical_direction_valid=True
[MOS-Core] historical_direction_norm=0.6424769163131714
[MOS-Core] guidance_history_cosine=0.9891256093978882
[MOS-Core] guidance_source=ce_cw_combined
[MOS-Core] guidance_fallback_used=False
[MOS-Core] final_guidance_norm=1.000000
[MOS-Core] Base radial threshold (q=0.95): 794.5848
[MOS-Core] Attack budget ratio: 1.0
[MOS-Core] current_budget=794.584778
[MOS-Core] current_budget_valid=True

[MOS-Core] Initializing constraints...
[MOS-Core] Enabled constraints: Radial, Sign
[MOS-Core] Radial weight: 1.0
[MOS-Core] Sign weight: 0.5, layer_reduce: quantile
[MOS-Core]   Radial threshold: 794.5848
[MOS-Core]   Sign threshold: 1.7048

[MOS-Core] Initializing population (size=10)...
[MOS-Core] constraint_mode=strict
[MOS-Core] objective_mode=dual
[MOS-Core] alpha_feasible=0.000893 boundary_width=7.62939e-06 refinements=13
[MOS-Boundary] alpha_feasible=0.000893 alpha_infeasible=0.000900 limiting_constraint=sign left=radial:ratio=0.000892639:score=0.999108:violation=0|sign:ratio=0.994729:score=0.501321:violation=0 right=radial:ratio=0.000900268:score=0.999101:violation=0|sign:ratio=1.0047:score=0.498828:violation=0.00469935
[MOS-Core] adaptive_guided_init=True alpha_feasible=0.000893 alpha_init=0.000893 scales=[0.0, 0.00017852783203125002, 0.00035705566406250003, 0.00053558349609375, 0.0007141113281250001, 0.00089263916015625]
[MOS-Core] Generated 6 scale-based seeds: [0.0, 0.00017852783203125002, 0.00035705566406250003, 0.00053558349609375, 0.0007141113281250001, 0.00089263916015625]
[MOS-Core] Historical seed injected at position 3
[MOS-Core] historical_raw_norm=0.642477
[MOS-Core] historical_direction_norm=1.000000
[MOS-Core] historical_seed_target_scale=397.292389
[MOS-Core] historical_seed_final_norm=397.292358
[MOS-Core] Generated 4 random candidates (noise_scale=0.1)
[MOS-Core] Initial population norms: min=0.0000, mean=228.0839, max=728.0147
[MOS-Core] Budget ratios: min=0.0000, mean=0.2870, max=0.9162
[MOS-Core] Clipped ratio: 0.00%
[MOS-Core] Historical seed used: True

[MOS-Core] Starting NSGA-II evolution...
[MOS-Core] Generations: 100
[MOS-Core] Population size: 10
[MOS-Core] SBX eta: 15.0, crossover_prob: 0.9
[MOS-Core] Mutation scale: 0.05
[MOS-Core] Gen 1/100:
  Stealth: mean=0.906, best=1.000
  Destructiveness: mean=0.369, best=0.710
  CV: mean=0.0000, min=0.0000
  Feasibility: count=10, ratio=100.00%
  Max feasible destruct: 0.710
  Pareto front size: 6
  Budget ratio: mean=0.013, max=0.045
  Radial: mean_ratio=0.013, max_ratio=0.045, mean_score=0.987
  Sign: mean_ratio=0.453, max_ratio=0.995, mean_score=0.743
[MOS-Core] Gen 10/100:
  Stealth: mean=0.890, best=1.000
  Destructiveness: mean=0.370, best=0.716
  CV: mean=0.0000, min=0.0000
  Feasibility: count=10, ratio=100.00%
  Max feasible destruct: 0.716
  Pareto front size: 10
  Budget ratio: mean=0.031, max=0.103
  Radial: mean_ratio=0.031, max_ratio=0.103, mean_score=0.971
  Sign: mean_ratio=0.460, max_ratio=0.995, mean_score=0.729
[MOS-Core] Gen 20/100:
  Stealth: mean=0.888, best=1.000
  Destructiveness: mean=0.344, best=0.721
  CV: mean=0.0000, min=0.0000
  Feasibility: count=10, ratio=100.00%
  Max feasible destruct: 0.721
  Pareto front size: 10
  Budget ratio: mean=0.046, max=0.160
  Radial: mean_ratio=0.046, max_ratio=0.160, mean_score=0.958
  Sign: mean_ratio=0.431, max_ratio=0.991, mean_score=0.749
[MOS-Core] Gen 30/100:
  Stealth: mean=0.885, best=1.000
  Destructiveness: mean=0.346, best=0.726
  CV: mean=0.0000, min=0.0000
  Feasibility: count=10, ratio=100.00%
  Max feasible destruct: 0.726
  Pareto front size: 10
  Budget ratio: mean=0.054, max=0.201
  Radial: mean_ratio=0.054, max_ratio=0.201, mean_score=0.952
  Sign: mean_ratio=0.430, max_ratio=0.997, mean_score=0.752
[MOS-Core] Gen 40/100:
  Stealth: mean=0.875, best=1.000
  Destructiveness: mean=0.348, best=0.732
  CV: mean=0.0000, min=0.0000
  Feasibility: count=10, ratio=100.00%
  Max feasible destruct: 0.732
  Pareto front size: 10
  Budget ratio: mean=0.075, max=0.284
  Radial: mean_ratio=0.075, max_ratio=0.284, mean_score=0.937
  Sign: mean_ratio=0.430, max_ratio=0.997, mean_score=0.751
[MOS-Core] Gen 50/100:
  Stealth: mean=0.835, best=1.000
  Destructiveness: mean=0.479, best=0.740
  CV: mean=0.0000, min=0.0000
  Feasibility: count=10, ratio=100.00%
  Max feasible destruct: 0.740
  Pareto front size: 10
  Budget ratio: mean=0.099, max=0.382
  Radial: mean_ratio=0.099, max_ratio=0.382, mean_score=0.922
  Sign: mean_ratio=0.615, max_ratio=0.999, mean_score=0.661
[MOS-Core] Gen 60/100:
  Stealth: mean=0.832, best=1.000
  Destructiveness: mean=0.468, best=0.749
  CV: mean=0.0000, min=0.0000
  Feasibility: count=10, ratio=100.00%
  Max feasible destruct: 0.749
  Pareto front size: 10
  Budget ratio: mean=0.106, max=0.416
  Radial: mean_ratio=0.106, max_ratio=0.416, mean_score=0.915
  Sign: mean_ratio=0.611, max_ratio=0.987, mean_score=0.665
[MOS-Core] Gen 70/100:
  Stealth: mean=0.828, best=1.000
  Destructiveness: mean=0.468, best=0.751
  CV: mean=0.0000, min=0.0000
  Feasibility: count=10, ratio=100.00%
  Max feasible destruct: 0.751
  Pareto front size: 10
  Budget ratio: mean=0.112, max=0.411
  Radial: mean_ratio=0.112, max_ratio=0.411, mean_score=0.910
  Sign: mean_ratio=0.612, max_ratio=0.991, mean_score=0.663
[MOS-Core] Gen 80/100:
  Stealth: mean=0.826, best=1.000
  Destructiveness: mean=0.470, best=0.759
  CV: mean=0.0000, min=0.0000
  Feasibility: count=10, ratio=100.00%
  Max feasible destruct: 0.759
  Pareto front size: 10
  Budget ratio: mean=0.117, max=0.474
  Radial: mean_ratio=0.117, max_ratio=0.474, mean_score=0.908
  Sign: mean_ratio=0.610, max_ratio=0.979, mean_score=0.662
[MOS-Core] Gen 90/100:
  Stealth: mean=0.823, best=1.000
  Destructiveness: mean=0.474, best=0.783
  CV: mean=0.0000, min=0.0000
  Feasibility: count=10, ratio=100.00%
  Max feasible destruct: 0.783
  Pareto front size: 10
  Budget ratio: mean=0.120, max=0.426
  Radial: mean_ratio=0.120, max_ratio=0.426, mean_score=0.903
  Sign: mean_ratio=0.610, max_ratio=0.999, mean_score=0.664
[MOS-Core] Gen 100/100:
  Stealth: mean=0.817, best=1.000
  Destructiveness: mean=0.481, best=0.799
  CV: mean=0.0000, min=0.0000
  Feasibility: count=10, ratio=100.00%
  Max feasible destruct: 0.799
  Pareto front size: 10
  Budget ratio: mean=0.137, max=0.489
  Radial: mean_ratio=0.137, max_ratio=0.489, mean_score=0.894
  Sign: mean_ratio=0.608, max_ratio=0.984, mean_score=0.664

[MOS-Core] Selecting final solution...
[MOS-Core] Selection parameters:
  Lambda_s (stealth weight): 0.50
  Lambda_a (attack weight): 0.50
  Attack floor ratio: 0.0799

[MOS-Core] Feasibility summary:
  Feasible solutions: 10
  Feasible ratio: 100.00%
  Selection mode: feasible
  Min CV in front: 0.0000

[MOS-Core] Pareto front summary:
  Front size: 10
  Stealth range: [0.616, 1.000]
  Destructiveness range: [0.000, 0.799]
  CV range: [0.0000, 0.0000]
  Candidates after attack floor: 8

[MOS-Core] Selected solution (index=5):
[MOS-Core]   Constraint pass score (R): 0.855
[MOS-Core]   Destructiveness (A): 0.567
[MOS-Core]   Total CV: 0.0000
[MOS-Core]   Deviation norm: 0.5674
[MOS-Core]   Budget usage: 0.07%
[MOS-Core] selection_mode=balanced_knee
[MOS-Core] selected_budget_ratio=0.000714
[MOS-Core] selected_stealth=0.855328
[MOS-Core] selected_destructiveness=0.567419
[MOS-Core] selected_R=0.855328
[MOS-Core] selected_A=0.567419
[MOS-Core] selected_cv=0.000000
[MOS-Core] selected_CV=0.000000
[MOS-Core] selected_feasible=True
[MOS-Core] selected_guidance_alignment=1.000000
[MOS-Core] Per-constraint details:
[MOS-Core]   Radial: score=0.999, ratio=0.001, violation=0.000, loss=0.5674, threshold=794.5848
[MOS-Core]   Sign: score=0.567, ratio=0.762, violation=0.000, loss=1.2998, threshold=1.7048

[MOS-Core] Generating 4 malicious updates...
[MOS-Core] Template noise scale: 0.0001
[MOS-Core] Output norms: min=0.5682, mean=0.5694, max=0.5709
[MOS-Core] Attack completed successfully
============================================================

attack:mos_attack
defend:multi_krum
[FiniteAudit] round=45 defense=multi_krum selected_count=3 selected_malicious_count=3 selected_updates_finite=True selected_indices=[3, 2, 1]
[FiniteAudit] round=45 global_pre_finite=True benign_updates_finite=True malicious_updates_finite=True attack_budget_output_finite=True aggregate_input_finite=True aggregate_output_finite=True global_post_finite=True first_bad_stage=none rejected=False rollback=False
t  45: train_loss = 1.097, test_acc = 43.380
attack numbers = 4
[FiniteAudit] round=46 checkpoint_promoted_after_benign=True
current iteration attack ratio: 0.16

============================================================
[MOS-Core] Starting MOS-Attack
============================================================
[MOS-Core] Total parameters: 11,183,582
[MOS-Core] Benign clients: 21
[MOS-Core] Malicious slots: 4
[MOS-Core] Benign mean norm: 1451.3705
[MOS-Core] Benign std (mean): 0.0014
[MOS-Core] ce_raw_norm=73650765824.0
[MOS-Core] cw_raw_norm=73650765824.0
[MOS-Core] ce_valid=True
[MOS-Core] cw_valid=True
[MOS-Core] ce_cw_cosine=0.9999999403953552
[MOS-Core] combined_pre_norm=1.0
[MOS-Core] historical_direction_valid=True
[MOS-Core] historical_direction_norm=0.5674219727516174
[MOS-Core] guidance_history_cosine=0.9873765707015991
[MOS-Core] guidance_source=ce_cw_combined
[MOS-Core] guidance_fallback_used=False
[MOS-Core] final_guidance_norm=1.000000
[MOS-Core] Base radial threshold (q=0.95): 1433.9465
[MOS-Core] Attack budget ratio: 1.0
[MOS-Core] current_budget=1433.946533
[MOS-Core] current_budget_valid=True

[MOS-Core] Initializing constraints...
[MOS-Core] Enabled constraints: Radial, Sign
[MOS-Core] Radial weight: 1.0
[MOS-Core] Sign weight: 0.5, layer_reduce: quantile
[MOS-Core]   Radial threshold: 1433.9465
[MOS-Core]   Sign threshold: 2.1992

[MOS-Core] Initializing population (size=10)...
[MOS-Core] constraint_mode=strict
[MOS-Core] objective_mode=dual
[MOS-Core] alpha_feasible=0.000473 boundary_width=7.62939e-06 refinements=13
[MOS-Boundary] alpha_feasible=0.000473 alpha_infeasible=0.000481 limiting_constraint=sign left=radial:ratio=0.000473022:score=0.999527:violation=0|sign:ratio=0.984591:score=0.503882:violation=0 right=radial:ratio=0.000480652:score=0.99952:violation=0|sign:ratio=1.00633:score=0.498423:violation=0.00632954
[MOS-Core] adaptive_guided_init=True alpha_feasible=0.000473 alpha_init=0.000473 scales=[0.0, 9.46044921875e-05, 0.000189208984375, 0.00028381347656249997, 0.00037841796875, 0.0004730224609375]
[MOS-Core] Generated 6 scale-based seeds: [0.0, 9.46044921875e-05, 0.000189208984375, 0.00028381347656249997, 0.00037841796875, 0.0004730224609375]
[MOS-Core] Historical seed injected at position 3
[MOS-Core] historical_raw_norm=0.567422
[MOS-Core] historical_direction_norm=1.000000
[MOS-Core] historical_seed_target_scale=716.973267
[MOS-Core] historical_seed_final_norm=716.973328
[MOS-Core] Generated 4 random candidates (noise_scale=0.1)
[MOS-Core] Initial population norms: min=0.0000, mean=235.4079, max=716.9733
[MOS-Core] Budget ratios: min=0.0000, mean=0.1642, max=0.5000
[MOS-Core] Clipped ratio: 0.00%
[MOS-Core] Historical seed used: True

[MOS-Core] Starting NSGA-II evolution...
[MOS-Core] Generations: 100
[MOS-Core] Population size: 10
[MOS-Core] SBX eta: 15.0, crossover_prob: 0.9
[MOS-Core] Mutation scale: 0.05
[MOS-Core] Gen 1/100:
  Stealth: mean=0.876, best=1.000
  Destructiveness: mean=0.348, best=0.680
  CV: mean=0.2847, min=0.0000
  Feasibility: count=8, ratio=80.00%
  Max feasible destruct: 0.678
  Pareto front size: 6
  Budget ratio: mean=0.019, max=0.074
  Radial: mean_ratio=0.019, max_ratio=0.074, mean_score=0.982
  Sign: mean_ratio=1.105, max_ratio=6.685, mean_score=0.665
[MOS-Core] Gen 10/100:
  Stealth: mean=0.911, best=1.000
  Destructiveness: mean=0.327, best=0.682
  CV: mean=0.0000, min=0.0000
  Feasibility: count=10, ratio=100.00%
  Max feasible destruct: 0.682
  Pareto front size: 10
  Budget ratio: mean=0.018, max=0.054
  Radial: mean_ratio=0.018, max_ratio=0.054, mean_score=0.982
  Sign: mean_ratio=0.396, max_ratio=0.985, mean_score=0.770
[MOS-Core] Gen 20/100:
  Stealth: mean=0.911, best=1.000
  Destructiveness: mean=0.328, best=0.689
  CV: mean=0.0000, min=0.0000
  Feasibility: count=10, ratio=100.00%
  Max feasible destruct: 0.689
  Pareto front size: 10
  Budget ratio: mean=0.017, max=0.055
  Radial: mean_ratio=0.017, max_ratio=0.055, mean_score=0.984
  Sign: mean_ratio=0.405, max_ratio=0.985, mean_score=0.765
[MOS-Core] Gen 30/100:
  Stealth: mean=0.898, best=1.000
  Destructiveness: mean=0.357, best=0.701
  CV: mean=0.0000, min=0.0000
  Feasibility: count=10, ratio=100.00%
  Max feasible destruct: 0.701
  Pareto front size: 10
  Budget ratio: mean=0.024, max=0.078
  Radial: mean_ratio=0.024, max_ratio=0.078, mean_score=0.977
  Sign: mean_ratio=0.437, max_ratio=0.988, mean_score=0.740
[MOS-Core] Gen 40/100:
  Stealth: mean=0.884, best=1.000
  Destructiveness: mean=0.412, best=0.710
  CV: mean=0.0000, min=0.0000
  Feasibility: count=10, ratio=100.00%
  Max feasible destruct: 0.710
  Pareto front size: 10
  Budget ratio: mean=0.025, max=0.090
  Radial: mean_ratio=0.025, max_ratio=0.090, mean_score=0.976
  Sign: mean_ratio=0.524, max_ratio=0.987, mean_score=0.700
[MOS-Core] Gen 50/100:
  Stealth: mean=0.879, best=1.000
  Destructiveness: mean=0.417, best=0.719
  CV: mean=0.0000, min=0.0000
  Feasibility: count=10, ratio=100.00%
  Max feasible destruct: 0.719
  Pareto front size: 10
  Budget ratio: mean=0.035, max=0.104
  Radial: mean_ratio=0.035, max_ratio=0.104, mean_score=0.968
  Sign: mean_ratio=0.513, max_ratio=0.973, mean_score=0.703
[MOS-Core] Gen 60/100:
  Stealth: mean=0.879, best=1.000
  Destructiveness: mean=0.393, best=0.731
  CV: mean=0.0000, min=0.0000
  Feasibility: count=10, ratio=100.00%
  Max feasible destruct: 0.731
  Pareto front size: 10
  Budget ratio: mean=0.043, max=0.155
  Radial: mean_ratio=0.043, max_ratio=0.155, mean_score=0.961
  Sign: mean_ratio=0.500, max_ratio=0.964, mean_score=0.715
[MOS-Core] Gen 70/100:
  Stealth: mean=0.891, best=1.000
  Destructiveness: mean=0.340, best=0.741
  CV: mean=0.0000, min=0.0000
  Feasibility: count=10, ratio=100.00%
  Max feasible destruct: 0.741
  Pareto front size: 10
  Budget ratio: mean=0.044, max=0.146
  Radial: mean_ratio=0.044, max_ratio=0.146, mean_score=0.960
  Sign: mean_ratio=0.419, max_ratio=0.984, mean_score=0.755
[MOS-Core] Gen 80/100:
  Stealth: mean=0.888, best=1.000
  Destructiveness: mean=0.342, best=0.752
  CV: mean=0.0000, min=0.0000
  Feasibility: count=10, ratio=100.00%
  Max feasible destruct: 0.752
  Pareto front size: 10
  Budget ratio: mean=0.050, max=0.148
  Radial: mean_ratio=0.050, max_ratio=0.148, mean_score=0.954
  Sign: mean_ratio=0.418, max_ratio=0.986, mean_score=0.755
[MOS-Core] Gen 90/100:
  Stealth: mean=0.879, best=1.000
  Destructiveness: mean=0.349, best=0.758
  CV: mean=0.0000, min=0.0000
  Feasibility: count=10, ratio=100.00%
  Max feasible destruct: 0.758
  Pareto front size: 10
  Budget ratio: mean=0.057, max=0.137
  Radial: mean_ratio=0.057, max_ratio=0.137, mean_score=0.948
  Sign: mean_ratio=0.444, max_ratio=0.981, mean_score=0.742
[MOS-Core] Gen 100/100:
  Stealth: mean=0.883, best=1.000
  Destructiveness: mean=0.352, best=0.774
  CV: mean=0.0000, min=0.0000
  Feasibility: count=10, ratio=100.00%
  Max feasible destruct: 0.774
  Pareto front size: 10
  Budget ratio: mean=0.050, max=0.128
  Radial: mean_ratio=0.050, max_ratio=0.128, mean_score=0.954
  Sign: mean_ratio=0.447, max_ratio=0.993, mean_score=0.740

[MOS-Core] Selecting final solution...
[MOS-Core] Selection parameters:
  Lambda_s (stealth weight): 0.50
  Lambda_a (attack weight): 0.50
  Attack floor ratio: 0.0774

[MOS-Core] Feasibility summary:
  Feasible solutions: 10
  Feasible ratio: 100.00%
  Selection mode: feasible
  Min CV in front: 0.0000

[MOS-Core] Pareto front summary:
  Front size: 10
  Stealth range: [0.758, 1.000]
  Destructiveness range: [0.000, 0.774]
  CV range: [0.0000, 0.0000]
  Candidates after attack floor: 8

[MOS-Core] Selected solution (index=8):
[MOS-Core]   Constraint pass score (R): 0.861
[MOS-Core]   Destructiveness (A): 0.543
[MOS-Core]   Total CV: 0.0000
[MOS-Core]   Deviation norm: 0.5426
[MOS-Core]   Budget usage: 0.04%
[MOS-Core] selection_mode=balanced_knee
[MOS-Core] selected_budget_ratio=0.000378
[MOS-Core] selected_stealth=0.860689
[MOS-Core] selected_destructiveness=0.542629
[MOS-Core] selected_R=0.860689
[MOS-Core] selected_A=0.542629
[MOS-Core] selected_cv=0.000000
[MOS-Core] selected_CV=0.000000
[MOS-Core] selected_feasible=True
[MOS-Core] selected_guidance_alignment=1.000000
[MOS-Core] Per-constraint details:
[MOS-Core]   Radial: score=1.000, ratio=0.000, violation=0.000, loss=0.5426, threshold=1433.9465
[MOS-Core]   Sign: score=0.583, ratio=0.716, violation=0.000, loss=1.5742, threshold=2.1992

[MOS-Core] Generating 4 malicious updates...
[MOS-Core] Template noise scale: 0.0001
[MOS-Core] Output norms: min=0.5437, mean=0.5512, max=0.5569
[MOS-Core] Attack completed successfully
============================================================

attack:mos_attack
defend:multi_krum
[FiniteAudit] round=46 defense=multi_krum selected_count=3 selected_malicious_count=2 selected_updates_finite=True selected_indices=[3, 1, 16]
[FiniteAudit] round=46 global_pre_finite=True benign_updates_finite=True malicious_updates_finite=True attack_budget_output_finite=True aggregate_input_finite=True aggregate_output_finite=True global_post_finite=True first_bad_stage=none rejected=False rollback=False
t  46: train_loss = 1.036, test_acc = 60.660
attack numbers = 2
[FiniteAudit] round=47 checkpoint_promoted_after_benign=True
current iteration attack ratio: 0.08

============================================================
[MOS-Core] Starting MOS-Attack
============================================================
[MOS-Core] Total parameters: 11,183,582
[MOS-Core] Benign clients: 23
[MOS-Core] Malicious slots: 2
[MOS-Core] Benign mean norm: 977.0016
[MOS-Core] Benign std (mean): 0.0013
[MOS-Core] ce_raw_norm=98709168128.0
[MOS-Core] cw_raw_norm=98709168128.0
[MOS-Core] ce_valid=True
[MOS-Core] cw_valid=True
[MOS-Core] ce_cw_cosine=1.0
[MOS-Core] combined_pre_norm=1.0
[MOS-Core] historical_direction_valid=True
[MOS-Core] historical_direction_norm=0.5426310896873474
[MOS-Core] guidance_history_cosine=0.9894291758537292
[MOS-Core] guidance_source=ce_cw_combined
[MOS-Core] guidance_fallback_used=False
[MOS-Core] final_guidance_norm=1.000000
[MOS-Core] Base radial threshold (q=0.95): 1127.3884
[MOS-Core] Attack budget ratio: 1.0
[MOS-Core] current_budget=1127.388428
[MOS-Core] current_budget_valid=True

[MOS-Core] Initializing constraints...
[MOS-Core] Enabled constraints: Radial, Sign
[MOS-Core] Radial weight: 1.0
[MOS-Core] Sign weight: 0.5, layer_reduce: quantile
[MOS-Core]   Radial threshold: 1127.3884
[MOS-Core]   Sign threshold: 2.0108

[MOS-Core] Initializing population (size=10)...
[MOS-Core] constraint_mode=strict
[MOS-Core] objective_mode=dual
[MOS-Core] alpha_feasible=0.000687 boundary_width=7.62939e-06 refinements=13
[MOS-Boundary] alpha_feasible=0.000687 alpha_infeasible=0.000694 limiting_constraint=sign left=radial:ratio=0.000686646:score=0.999314:violation=0|sign:ratio=0.990533:score=0.502378:violation=0 right=radial:ratio=0.000694275:score=0.999306:violation=0|sign:ratio=1.00448:score=0.498881:violation=0.00448465
[MOS-Core] adaptive_guided_init=True alpha_feasible=0.000687 alpha_init=0.000687 scales=[0.0, 0.0001373291015625, 0.000274658203125, 0.0004119873046875, 0.00054931640625, 0.0006866455078125]
[MOS-Core] Generated 6 scale-based seeds: [0.0, 0.0001373291015625, 0.000274658203125, 0.0004119873046875, 0.00054931640625, 0.0006866455078125]
[MOS-Core] Historical seed injected at position 3
[MOS-Core] historical_raw_norm=0.542631
[MOS-Core] historical_direction_norm=1.000000
[MOS-Core] historical_seed_target_scale=563.694214
[MOS-Core] historical_seed_final_norm=563.694214
[MOS-Core] Generated 4 random candidates (noise_scale=0.1)
[MOS-Core] Initial population norms: min=0.0000, mean=404.3469, max=1051.3191
[MOS-Core] Budget ratios: min=0.0000, mean=0.3587, max=0.9325
[MOS-Core] Clipped ratio: 0.00%
[MOS-Core] Historical seed used: True

[MOS-Core] Starting NSGA-II evolution...
[MOS-Core] Generations: 100
[MOS-Core] Population size: 10
[MOS-Core] SBX eta: 15.0, crossover_prob: 0.9
[MOS-Core] Mutation scale: 0.05
[MOS-Core] Gen 1/100:
  Stealth: mean=0.913, best=1.000
  Destructiveness: mean=0.356, best=0.776
  CV: mean=0.0000, min=0.0000
  Feasibility: count=10, ratio=100.00%
  Max feasible destruct: 0.776
  Pareto front size: 8
  Budget ratio: mean=0.012, max=0.053
  Radial: mean_ratio=0.012, max_ratio=0.053, mean_score=0.988
  Sign: mean_ratio=0.411, max_ratio=0.991, mean_score=0.762
[MOS-Core] Gen 10/100:
  Stealth: mean=0.908, best=1.000
  Destructiveness: mean=0.373, best=0.781
  CV: mean=0.0000, min=0.0000
  Feasibility: count=10, ratio=100.00%
  Max feasible destruct: 0.781
  Pareto front size: 10
  Budget ratio: mean=0.018, max=0.053
  Radial: mean_ratio=0.018, max_ratio=0.053, mean_score=0.983
  Sign: mean_ratio=0.416, max_ratio=0.993, mean_score=0.758
[MOS-Core] Gen 20/100:
  Stealth: mean=0.907, best=1.000
  Destructiveness: mean=0.375, best=0.789
  CV: mean=0.0000, min=0.0000
  Feasibility: count=10, ratio=100.00%
  Max feasible destruct: 0.789
  Pareto front size: 10
  Budget ratio: mean=0.017, max=0.054
  Radial: mean_ratio=0.017, max_ratio=0.054, mean_score=0.983
  Sign: mean_ratio=0.422, max_ratio=0.991, mean_score=0.755
[MOS-Core] Gen 30/100:
  Stealth: mean=0.892, best=1.000
  Destructiveness: mean=0.438, best=0.804
  CV: mean=0.0000, min=0.0000
  Feasibility: count=10, ratio=100.00%
  Max feasible destruct: 0.804
  Pareto front size: 10
  Budget ratio: mean=0.018, max=0.089
  Radial: mean_ratio=0.018, max_ratio=0.089, mean_score=0.983
  Sign: mean_ratio=0.514, max_ratio=0.991, mean_score=0.711
[MOS-Core] Gen 40/100:
  Stealth: mean=0.888, best=1.000
  Destructiveness: mean=0.412, best=0.820
  CV: mean=0.0000, min=0.0000
  Feasibility: count=10, ratio=100.00%
  Max feasible destruct: 0.820
  Pareto front size: 10
  Budget ratio: mean=0.033, max=0.106
  Radial: mean_ratio=0.033, max_ratio=0.106, mean_score=0.970
  Sign: mean_ratio=0.464, max_ratio=0.995, mean_score=0.725
[MOS-Core] Gen 50/100:
  Stealth: mean=0.896, best=1.000
  Destructiveness: mean=0.381, best=0.832
  CV: mean=0.0000, min=0.0000
  Feasibility: count=10, ratio=100.00%
  Max feasible destruct: 0.832
  Pareto front size: 10
  Budget ratio: mean=0.034, max=0.113
  Radial: mean_ratio=0.034, max_ratio=0.113, mean_score=0.968
  Sign: mean_ratio=0.427, max_ratio=0.985, mean_score=0.751
[MOS-Core] Gen 60/100:
  Stealth: mean=0.882, best=1.000
  Destructiveness: mean=0.406, best=0.840
  CV: mean=0.0000, min=0.0000
  Feasibility: count=10, ratio=100.00%
  Max feasible destruct: 0.840
  Pareto front size: 10
  Budget ratio: mean=0.044, max=0.115
  Radial: mean_ratio=0.044, max_ratio=0.115, mean_score=0.959
  Sign: mean_ratio=0.462, max_ratio=0.999, mean_score=0.728
[MOS-Core] Gen 70/100:
  Stealth: mean=0.883, best=1.000
  Destructiveness: mean=0.406, best=0.850
  CV: mean=0.0000, min=0.0000
  Feasibility: count=10, ratio=100.00%
  Max feasible destruct: 0.850
  Pareto front size: 10
  Budget ratio: mean=0.046, max=0.171
  Radial: mean_ratio=0.046, max_ratio=0.171, mean_score=0.958
  Sign: mean_ratio=0.454, max_ratio=0.997, mean_score=0.733
[MOS-Core] Gen 80/100:
  Stealth: mean=0.836, best=1.000
  Destructiveness: mean=0.545, best=0.858
  CV: mean=0.0000, min=0.0000
  Feasibility: count=10, ratio=100.00%
  Max feasible destruct: 0.858
  Pareto front size: 10
  Budget ratio: mean=0.086, max=0.242
  Radial: mean_ratio=0.086, max_ratio=0.242, mean_score=0.926
  Sign: mean_ratio=0.627, max_ratio=1.000, mean_score=0.655
[MOS-Core] Gen 90/100:
  Stealth: mean=0.857, best=1.000
  Destructiveness: mean=0.450, best=0.866
  CV: mean=0.0000, min=0.0000
  Feasibility: count=10, ratio=100.00%
  Max feasible destruct: 0.866
  Pareto front size: 10
  Budget ratio: mean=0.081, max=0.259
  Radial: mean_ratio=0.081, max_ratio=0.259, mean_score=0.930
  Sign: mean_ratio=0.519, max_ratio=0.999, mean_score=0.711
[MOS-Core] Gen 100/100:
  Stealth: mean=0.871, best=1.000
  Destructiveness: mean=0.401, best=0.876
  CV: mean=0.0000, min=0.0000
  Feasibility: count=10, ratio=100.00%
  Max feasible destruct: 0.876
  Pareto front size: 10
  Budget ratio: mean=0.064, max=0.217
  Radial: mean_ratio=0.064, max_ratio=0.217, mean_score=0.943
  Sign: mean_ratio=0.469, max_ratio=0.996, mean_score=0.726

[MOS-Core] Selecting final solution...
[MOS-Core] Selection parameters:
  Lambda_s (stealth weight): 0.50
  Lambda_a (attack weight): 0.50
  Attack floor ratio: 0.0876

[MOS-Core] Feasibility summary:
  Feasible solutions: 10
  Feasible ratio: 100.00%
  Selection mode: feasible
  Min CV in front: 0.0000

[MOS-Core] Pareto front summary:
  Front size: 10
  Stealth range: [0.715, 1.000]
  Destructiveness range: [0.000, 0.876]
  CV range: [0.0000, 0.0000]
  Candidates after attack floor: 8

[MOS-Core] Selected solution (index=2):
[MOS-Core]   Constraint pass score (R): 0.858
[MOS-Core]   Destructiveness (A): 0.619
[MOS-Core]   Total CV: 0.0000
[MOS-Core]   Deviation norm: 0.6193
[MOS-Core]   Budget usage: 0.05%
[MOS-Core] selection_mode=balanced_knee
[MOS-Core] selected_budget_ratio=0.000549
[MOS-Core] selected_stealth=0.857785
[MOS-Core] selected_destructiveness=0.619290
[MOS-Core] selected_R=0.857785
[MOS-Core] selected_A=0.619290
[MOS-Core] selected_cv=0.000000
[MOS-Core] selected_CV=0.000000
[MOS-Core] selected_feasible=True
[MOS-Core] selected_guidance_alignment=1.000000
[MOS-Core] Per-constraint details:
[MOS-Core]   Radial: score=0.999, ratio=0.001, violation=0.000, loss=0.6193, threshold=1127.3884
[MOS-Core]   Sign: score=0.574, ratio=0.741, violation=0.000, loss=1.4896, threshold=2.0108

[MOS-Core] Generating 2 malicious updates...
[MOS-Core] Template noise scale: 0.0001
[MOS-Core] Output norms: min=0.6200, mean=0.6213, max=0.6226
[MOS-Core] Attack completed successfully
============================================================

attack:mos_attack
defend:multi_krum
[FiniteAudit] round=47 defense=multi_krum selected_count=3 selected_malicious_count=2 selected_updates_finite=True selected_indices=[0, 1, 19]
[FiniteAudit] round=47 global_pre_finite=True benign_updates_finite=True malicious_updates_finite=True attack_budget_output_finite=True aggregate_input_finite=True aggregate_output_finite=True global_post_finite=True first_bad_stage=none rejected=False rollback=False
t  47: train_loss = 1.037, test_acc = 52.310
attack numbers = 7
[FiniteAudit] round=48 checkpoint_promoted_after_benign=True
current iteration attack ratio: 0.28

============================================================
[MOS-Core] Starting MOS-Attack
============================================================
[MOS-Core] Total parameters: 11,183,582
[MOS-Core] Benign clients: 18
[MOS-Core] Malicious slots: 7
[MOS-Core] Benign mean norm: 920.1198
[MOS-Core] Benign std (mean): 0.0013
[MOS-Core] ce_raw_norm=145346019328.0
[MOS-Core] cw_raw_norm=145346019328.0
[MOS-Core] ce_valid=True
[MOS-Core] cw_valid=True
[MOS-Core] ce_cw_cosine=0.9999999403953552
[MOS-Core] combined_pre_norm=0.9999999403953552
[MOS-Core] historical_direction_valid=True
[MOS-Core] historical_direction_norm=0.6192929744720459
[MOS-Core] guidance_history_cosine=0.9884283542633057
[MOS-Core] guidance_source=ce_cw_combined
[MOS-Core] guidance_fallback_used=False
[MOS-Core] final_guidance_norm=1.000000
[MOS-Core] Base radial threshold (q=0.95): 1284.3236
[MOS-Core] Attack budget ratio: 1.0
[MOS-Core] current_budget=1284.323608
[MOS-Core] current_budget_valid=True

[MOS-Core] Initializing constraints...
[MOS-Core] Enabled constraints: Radial, Sign
[MOS-Core] Radial weight: 1.0
[MOS-Core] Sign weight: 0.5, layer_reduce: quantile
[MOS-Core]   Radial threshold: 1284.3236
[MOS-Core]   Sign threshold: 1.8041

[MOS-Core] Initializing population (size=10)...
[MOS-Core] constraint_mode=strict
[MOS-Core] objective_mode=dual
[MOS-Core] alpha_feasible=0.000458 boundary_width=7.62939e-06 refinements=13
[MOS-Boundary] alpha_feasible=0.000458 alpha_infeasible=0.000465 limiting_constraint=sign left=radial:ratio=0.000457764:score=0.999542:violation=0|sign:ratio=0.991273:score=0.502191:violation=0 right=radial:ratio=0.000465393:score=0.999535:violation=0|sign:ratio=1.01055:score=0.497377:violation=0.0105457
[MOS-Core] adaptive_guided_init=True alpha_feasible=0.000458 alpha_init=0.000458 scales=[0.0, 9.1552734375e-05, 0.00018310546875, 0.000274658203125, 0.0003662109375, 0.000457763671875]
[MOS-Core] Generated 6 scale-based seeds: [0.0, 9.1552734375e-05, 0.00018310546875, 0.000274658203125, 0.0003662109375, 0.000457763671875]
[MOS-Core] Historical seed injected at position 3
[MOS-Core] historical_raw_norm=0.619293
[MOS-Core] historical_direction_norm=1.000000
[MOS-Core] historical_seed_target_scale=642.161804
[MOS-Core] historical_seed_final_norm=642.161865
[MOS-Core] Generated 4 random candidates (noise_scale=0.1)
[MOS-Core] Initial population norms: min=0.0000, mean=268.1316, max=1211.5410
[MOS-Core] Budget ratios: min=0.0000, mean=0.2088, max=0.9433
[MOS-Core] Clipped ratio: 0.00%
[MOS-Core] Historical seed used: True

[MOS-Core] Starting NSGA-II evolution...
[MOS-Core] Generations: 100
[MOS-Core] Population size: 10
[MOS-Core] SBX eta: 15.0, crossover_prob: 0.9
[MOS-Core] Mutation scale: 0.05
[MOS-Core] Gen 1/100:
  Stealth: mean=0.899, best=1.000
  Destructiveness: mean=0.329, best=0.590
  CV: mean=0.0000, min=0.0000
  Feasibility: count=10, ratio=100.00%
  Max feasible destruct: 0.590
  Pareto front size: 8
  Budget ratio: mean=0.012, max=0.068
  Radial: mean_ratio=0.012, max_ratio=0.068, mean_score=0.988
  Sign: mean_ratio=0.502, max_ratio=0.991, mean_score=0.720
[MOS-Core] Gen 10/100:
  Stealth: mean=0.901, best=1.000
  Destructiveness: mean=0.296, best=0.597
  CV: mean=0.0000, min=0.0000
  Feasibility: count=10, ratio=100.00%
  Max feasible destruct: 0.597
  Pareto front size: 10
  Budget ratio: mean=0.030, max=0.126
  Radial: mean_ratio=0.030, max_ratio=0.126, mean_score=0.973
  Sign: mean_ratio=0.433, max_ratio=0.998, mean_score=0.758
[MOS-Core] Gen 20/100:
  Stealth: mean=0.889, best=1.000
  Destructiveness: mean=0.343, best=0.600
  CV: mean=0.0000, min=0.0000
  Feasibility: count=10, ratio=100.00%
  Max feasible destruct: 0.600
  Pareto front size: 10
  Budget ratio: mean=0.029, max=0.178
  Radial: mean_ratio=0.029, max_ratio=0.178, mean_score=0.974
  Sign: mean_ratio=0.505, max_ratio=0.993, mean_score=0.718
[MOS-Core] Gen 30/100:
  Stealth: mean=0.876, best=1.000
  Destructiveness: mean=0.347, best=0.610
  CV: mean=0.0000, min=0.0000
  Feasibility: count=10, ratio=100.00%
  Max feasible destruct: 0.610
  Pareto front size: 10
  Budget ratio: mean=0.048, max=0.178
  Radial: mean_ratio=0.048, max_ratio=0.178, mean_score=0.957
  Sign: mean_ratio=0.509, max_ratio=0.997, mean_score=0.714
[MOS-Core] Gen 40/100:
  Stealth: mean=0.876, best=1.000
  Destructiveness: mean=0.349, best=0.617
  CV: mean=0.0000, min=0.0000
  Feasibility: count=10, ratio=100.00%
  Max feasible destruct: 0.617
  Pareto front size: 10
  Budget ratio: mean=0.047, max=0.134
  Radial: mean_ratio=0.047, max_ratio=0.134, mean_score=0.958
  Sign: mean_ratio=0.509, max_ratio=0.998, mean_score=0.714
[MOS-Core] Gen 50/100:
  Stealth: mean=0.864, best=1.000
  Destructiveness: mean=0.351, best=0.622
  CV: mean=0.0000, min=0.0000
  Feasibility: count=10, ratio=100.00%
  Max feasible destruct: 0.622
  Pareto front size: 10
  Budget ratio: mean=0.066, max=0.182
  Radial: mean_ratio=0.066, max_ratio=0.182, mean_score=0.941
  Sign: mean_ratio=0.519, max_ratio=0.992, mean_score=0.708
[MOS-Core] Gen 60/100:
  Stealth: mean=0.867, best=1.000
  Destructiveness: mean=0.340, best=0.625
  CV: mean=0.0000, min=0.0000
  Feasibility: count=10, ratio=100.00%
  Max feasible destruct: 0.625
  Pareto front size: 10
  Budget ratio: mean=0.058, max=0.162
  Radial: mean_ratio=0.058, max_ratio=0.162, mean_score=0.947
  Sign: mean_ratio=0.520, max_ratio=0.999, mean_score=0.707
[MOS-Core] Gen 70/100:
  Stealth: mean=0.882, best=1.000
  Destructiveness: mean=0.295, best=0.626
  CV: mean=0.0000, min=0.0000
  Feasibility: count=10, ratio=100.00%
  Max feasible destruct: 0.626
  Pareto front size: 10
  Budget ratio: mean=0.050, max=0.122
  Radial: mean_ratio=0.050, max_ratio=0.122, mean_score=0.953
  Sign: mean_ratio=0.446, max_ratio=0.995, mean_score=0.738
[MOS-Core] Gen 80/100:
  Stealth: mean=0.879, best=1.000
  Destructiveness: mean=0.296, best=0.628
  CV: mean=0.0000, min=0.0000
  Feasibility: count=10, ratio=100.00%
  Max feasible destruct: 0.628
  Pareto front size: 10
  Budget ratio: mean=0.054, max=0.159
  Radial: mean_ratio=0.054, max_ratio=0.159, mean_score=0.950
  Sign: mean_ratio=0.451, max_ratio=0.988, mean_score=0.736
[MOS-Core] Gen 90/100:
  Stealth: mean=0.881, best=1.000
  Destructiveness: mean=0.296, best=0.629
  CV: mean=0.0000, min=0.0000
  Feasibility: count=10, ratio=100.00%
  Max feasible destruct: 0.629
  Pareto front size: 10
  Budget ratio: mean=0.051, max=0.128
  Radial: mean_ratio=0.051, max_ratio=0.128, mean_score=0.953
  Sign: mean_ratio=0.452, max_ratio=0.997, mean_score=0.736
[MOS-Core] Gen 100/100:
  Stealth: mean=0.861, best=1.000
  Destructiveness: mean=0.335, best=0.632
  CV: mean=0.0000, min=0.0000
  Feasibility: count=10, ratio=100.00%
  Max feasible destruct: 0.632
  Pareto front size: 10
  Budget ratio: mean=0.064, max=0.136
  Radial: mean_ratio=0.064, max_ratio=0.136, mean_score=0.941
  Sign: mean_ratio=0.526, max_ratio=0.998, mean_score=0.700

[MOS-Core] Selecting final solution...
[MOS-Core] Selection parameters:
  Lambda_s (stealth weight): 0.50
  Lambda_a (attack weight): 0.50
  Attack floor ratio: 0.0632

[MOS-Core] Feasibility summary:
  Feasible solutions: 10
  Feasible ratio: 100.00%
  Selection mode: feasible
  Min CV in front: 0.0000

[MOS-Core] Pareto front summary:
  Front size: 10
  Stealth range: [0.754, 1.000]
  Destructiveness range: [0.000, 0.632]
  CV range: [0.0000, 0.0000]
  Candidates after attack floor: 8

[MOS-Core] Selected solution (index=4):
[MOS-Core]   Constraint pass score (R): 0.857
[MOS-Core]   Destructiveness (A): 0.470
[MOS-Core]   Total CV: 0.0000
[MOS-Core]   Deviation norm: 0.4703
[MOS-Core]   Budget usage: 0.04%
[MOS-Core] selection_mode=balanced_knee
[MOS-Core] selected_budget_ratio=0.000366
[MOS-Core] selected_stealth=0.856692
[MOS-Core] selected_destructiveness=0.470332
[MOS-Core] selected_R=0.856692
[MOS-Core] selected_A=0.470332
[MOS-Core] selected_cv=0.000000
[MOS-Core] selected_CV=0.000000
[MOS-Core] selected_feasible=True
[MOS-Core] selected_guidance_alignment=1.000000
[MOS-Core] Per-constraint details:
[MOS-Core]   Radial: score=1.000, ratio=0.000, violation=0.000, loss=0.4703, threshold=1284.3236
[MOS-Core]   Sign: score=0.571, ratio=0.752, violation=0.000, loss=1.3565, threshold=1.8041

[MOS-Core] Generating 7 malicious updates...
[MOS-Core] Template noise scale: 0.0001
[MOS-Core] Output norms: min=0.4710, mean=0.4767, max=0.4843
[MOS-Core] Attack completed successfully
============================================================

attack:mos_attack
defend:multi_krum
[FiniteAudit] round=48 defense=multi_krum selected_count=3 selected_malicious_count=3 selected_updates_finite=True selected_indices=[3, 2, 6]
[FiniteAudit] round=48 global_pre_finite=True benign_updates_finite=True malicious_updates_finite=True attack_budget_output_finite=True aggregate_input_finite=True aggregate_output_finite=True global_post_finite=True first_bad_stage=none rejected=False rollback=False
t  48: train_loss = 1.014, test_acc = 50.140
attack numbers = 5
[FiniteAudit] round=49 checkpoint_promoted_after_benign=True
current iteration attack ratio: 0.2

============================================================
[MOS-Core] Starting MOS-Attack
============================================================
[MOS-Core] Total parameters: 11,183,582
[MOS-Core] Benign clients: 20
[MOS-Core] Malicious slots: 5
[MOS-Core] Benign mean norm: 1272.1672
[MOS-Core] Benign std (mean): 0.0014
[MOS-Core] ce_raw_norm=245095022592.0
[MOS-Core] cw_raw_norm=245095022592.0
[MOS-Core] ce_valid=True
[MOS-Core] cw_valid=True
[MOS-Core] ce_cw_cosine=0.9999999403953552
[MOS-Core] combined_pre_norm=1.0
[MOS-Core] historical_direction_valid=True
[MOS-Core] historical_direction_norm=0.47033336758613586
[MOS-Core] guidance_history_cosine=0.9910002946853638
[MOS-Core] guidance_source=ce_cw_combined
[MOS-Core] guidance_fallback_used=False
[MOS-Core] final_guidance_norm=1.000000
[MOS-Core] Base radial threshold (q=0.95): 1669.1384
[MOS-Core] Attack budget ratio: 1.0
[MOS-Core] current_budget=1669.138428
[MOS-Core] current_budget_valid=True

[MOS-Core] Initializing constraints...
[MOS-Core] Enabled constraints: Radial, Sign
[MOS-Core] Radial weight: 1.0
[MOS-Core] Sign weight: 0.5, layer_reduce: quantile
[MOS-Core]   Radial threshold: 1669.1384
[MOS-Core]   Sign threshold: 2.1147

[MOS-Core] Initializing population (size=10)...
[MOS-Core] constraint_mode=strict
[MOS-Core] objective_mode=dual
[MOS-Core] alpha_feasible=0.000443 boundary_width=7.62939e-06 refinements=13
[MOS-Boundary] alpha_feasible=0.000443 alpha_infeasible=0.000450 limiting_constraint=sign left=radial:ratio=0.000442505:score=0.999558:violation=0|sign:ratio=0.996881:score=0.500781:violation=0 right=radial:ratio=0.000450134:score=0.99955:violation=0|sign:ratio=1.01906:score=0.49528:violation=0.0190589
[MOS-Core] adaptive_guided_init=True alpha_feasible=0.000443 alpha_init=0.000443 scales=[0.0, 8.850097656250001e-05, 0.00017700195312500002, 0.0002655029296875, 0.00035400390625000004, 0.0004425048828125]
[MOS-Core] Generated 6 scale-based seeds: [0.0, 8.850097656250001e-05, 0.00017700195312500002, 0.0002655029296875, 0.00035400390625000004, 0.0004425048828125]
[MOS-Core] Historical seed injected at position 3
[MOS-Core] historical_raw_norm=0.470333
[MOS-Core] historical_direction_norm=1.000000
[MOS-Core] historical_seed_target_scale=834.569214
[MOS-Core] historical_seed_final_norm=834.569275
[MOS-Core] Generated 4 random candidates (noise_scale=0.1)
[MOS-Core] Initial population norms: min=0.0000, mean=295.9324, max=834.5692
[MOS-Core] Budget ratios: min=0.0000, mean=0.1773, max=0.5000
[MOS-Core] Clipped ratio: 0.00%
[MOS-Core] Historical seed used: True

[MOS-Core] Starting NSGA-II evolution...
[MOS-Core] Generations: 100
[MOS-Core] Population size: 10
[MOS-Core] SBX eta: 15.0, crossover_prob: 0.9
[MOS-Core] Mutation scale: 0.05
[MOS-Core] Gen 1/100:
  Stealth: mean=0.900, best=1.000
  Destructiveness: mean=0.414, best=0.739
  CV: mean=0.0002, min=0.0000
  Feasibility: count=9, ratio=90.00%
  Max feasible destruct: 0.739
  Pareto front size: 8
  Budget ratio: mean=0.011, max=0.032
  Radial: mean_ratio=0.011, max_ratio=0.032, mean_score=0.989
  Sign: mean_ratio=0.488, max_ratio=1.003, mean_score=0.721
[MOS-Core] Gen 10/100:
  Stealth: mean=0.906, best=1.000
  Destructiveness: mean=0.356, best=0.742
  CV: mean=0.0000, min=0.0000
  Feasibility: count=10, ratio=100.00%
  Max feasible destruct: 0.742
  Pareto front size: 10
  Budget ratio: mean=0.020, max=0.058
  Radial: mean_ratio=0.020, max_ratio=0.058, mean_score=0.981
  Sign: mean_ratio=0.421, max_ratio=0.997, mean_score=0.756
[MOS-Core] Gen 20/100:
  Stealth: mean=0.907, best=1.000
  Destructiveness: mean=0.357, best=0.748
  CV: mean=0.0000, min=0.0000
  Feasibility: count=10, ratio=100.00%
  Max feasible destruct: 0.748
  Pareto front size: 10
  Budget ratio: mean=0.019, max=0.078
  Radial: mean_ratio=0.019, max_ratio=0.078, mean_score=0.982
  Sign: mean_ratio=0.421, max_ratio=0.999, mean_score=0.757
[MOS-Core] Gen 30/100:
  Stealth: mean=0.905, best=1.000
  Destructiveness: mean=0.360, best=0.771
  CV: mean=0.0000, min=0.0000
  Feasibility: count=10, ratio=100.00%
  Max feasible destruct: 0.771
  Pareto front size: 10
  Budget ratio: mean=0.022, max=0.086
  Radial: mean_ratio=0.022, max_ratio=0.086, mean_score=0.979
  Sign: mean_ratio=0.424, max_ratio=0.997, mean_score=0.755
[MOS-Core] Gen 40/100:
  Stealth: mean=0.898, best=1.000
  Destructiveness: mean=0.391, best=0.782
  CV: mean=0.0000, min=0.0000
  Feasibility: count=10, ratio=100.00%
  Max feasible destruct: 0.782
  Pareto front size: 10
  Budget ratio: mean=0.023, max=0.083
  Radial: mean_ratio=0.023, max_ratio=0.083, mean_score=0.979
  Sign: mean_ratio=0.464, max_ratio=0.997, mean_score=0.735
[MOS-Core] Gen 50/100:
  Stealth: mean=0.880, best=1.000
  Destructiveness: mean=0.442, best=0.796
  CV: mean=0.0000, min=0.0000
  Feasibility: count=10, ratio=100.00%
  Max feasible destruct: 0.796
  Pareto front size: 10
  Budget ratio: mean=0.035, max=0.113
  Radial: mean_ratio=0.035, max_ratio=0.113, mean_score=0.967
  Sign: mean_ratio=0.539, max_ratio=0.997, mean_score=0.705
[MOS-Core] Gen 60/100:
  Stealth: mean=0.876, best=1.000
  Destructiveness: mean=0.462, best=0.816
  CV: mean=0.0000, min=0.0000
  Feasibility: count=10, ratio=100.00%
  Max feasible destruct: 0.816
  Pareto front size: 10
  Budget ratio: mean=0.035, max=0.112
  Radial: mean_ratio=0.035, max_ratio=0.112, mean_score=0.967
  Sign: mean_ratio=0.557, max_ratio=0.998, mean_score=0.693
[MOS-Core] Gen 70/100:
  Stealth: mean=0.871, best=1.000
  Destructiveness: mean=0.450, best=0.843
  CV: mean=0.0000, min=0.0000
  Feasibility: count=10, ratio=100.00%
  Max feasible destruct: 0.843
  Pareto front size: 10
  Budget ratio: mean=0.044, max=0.151
  Radial: mean_ratio=0.044, max_ratio=0.151, mean_score=0.959
  Sign: mean_ratio=0.543, max_ratio=0.998, mean_score=0.693
[MOS-Core] Gen 80/100:
  Stealth: mean=0.866, best=1.000
  Destructiveness: mean=0.452, best=0.854
  CV: mean=0.0000, min=0.0000
  Feasibility: count=10, ratio=100.00%
  Max feasible destruct: 0.854
  Pareto front size: 10
  Budget ratio: mean=0.050, max=0.176
  Radial: mean_ratio=0.050, max_ratio=0.176, mean_score=0.954
  Sign: mean_ratio=0.547, max_ratio=0.995, mean_score=0.691
[MOS-Core] Gen 90/100:
  Stealth: mean=0.880, best=1.000
  Destructiveness: mean=0.382, best=0.877
  CV: mean=0.0000, min=0.0000
  Feasibility: count=10, ratio=100.00%
  Max feasible destruct: 0.877
  Pareto front size: 10
  Budget ratio: mean=0.048, max=0.131
  Radial: mean_ratio=0.048, max_ratio=0.131, mean_score=0.955
  Sign: mean_ratio=0.458, max_ratio=0.997, mean_score=0.731
[MOS-Core] Gen 100/100:
  Stealth: mean=0.879, best=1.000
  Destructiveness: mean=0.386, best=0.900
  CV: mean=0.0000, min=0.0000
  Feasibility: count=10, ratio=100.00%
  Max feasible destruct: 0.900
  Pareto front size: 10
  Budget ratio: mean=0.049, max=0.141
  Radial: mean_ratio=0.049, max_ratio=0.141, mean_score=0.955
  Sign: mean_ratio=0.464, max_ratio=0.999, mean_score=0.726

[MOS-Core] Selecting final solution...
[MOS-Core] Selection parameters:
  Lambda_s (stealth weight): 0.50
  Lambda_a (attack weight): 0.50
  Attack floor ratio: 0.0900

[MOS-Core] Feasibility summary:
  Feasible solutions: 10
  Feasible ratio: 100.00%
  Selection mode: feasible
  Min CV in front: 0.0000

[MOS-Core] Pareto front summary:
  Front size: 10
  Stealth range: [0.751, 1.000]
  Destructiveness range: [0.000, 0.900]
  CV range: [0.0000, 0.0000]
  Candidates after attack floor: 7

[MOS-Core] Selected solution (index=5):
[MOS-Core]   Constraint pass score (R): 0.855
[MOS-Core]   Destructiveness (A): 0.591
[MOS-Core]   Total CV: 0.0000
[MOS-Core]   Deviation norm: 0.5909
[MOS-Core]   Budget usage: 0.04%
[MOS-Core] selection_mode=balanced_knee
[MOS-Core] selected_budget_ratio=0.000354
[MOS-Core] selected_stealth=0.855488
[MOS-Core] selected_destructiveness=0.590879
[MOS-Core] selected_R=0.855488
[MOS-Core] selected_A=0.590879
[MOS-Core] selected_cv=0.000000
[MOS-Core] selected_CV=0.000000
[MOS-Core] selected_feasible=True
[MOS-Core] selected_guidance_alignment=1.000000
[MOS-Core] Per-constraint details:
[MOS-Core]   Radial: score=1.000, ratio=0.000, violation=0.000, loss=0.5909, threshold=1669.1384
[MOS-Core]   Sign: score=0.567, ratio=0.763, violation=0.000, loss=1.6138, threshold=2.1147

[MOS-Core] Generating 5 malicious updates...
[MOS-Core] Template noise scale: 0.0001
[MOS-Core] Output norms: min=0.5916, mean=0.6009, max=0.6089
[MOS-Core] Attack completed successfully
============================================================

attack:mos_attack
defend:multi_krum
[FiniteAudit] round=49 defense=multi_krum selected_count=3 selected_malicious_count=3 selected_updates_finite=True selected_indices=[2, 0, 3]
[FiniteAudit] round=49 global_pre_finite=True benign_updates_finite=True malicious_updates_finite=True attack_budget_output_finite=True aggregate_input_finite=True aggregate_output_finite=True global_post_finite=True first_bad_stage=none rejected=False rollback=False
t  49: train_loss = 1.003, test_acc = 43.500
attack numbers = 3
[FiniteAudit] round=50 checkpoint_promoted_after_benign=True
current iteration attack ratio: 0.12

============================================================
[MOS-Core] Starting MOS-Attack
============================================================
[MOS-Core] Total parameters: 11,183,582
[MOS-Core] Benign clients: 22
[MOS-Core] Malicious slots: 3
[MOS-Core] Benign mean norm: 1606.9576
[MOS-Core] Benign std (mean): 0.0013
[MOS-Core] ce_raw_norm=360009662464.0
[MOS-Core] cw_raw_norm=360009662464.0
[MOS-Core] ce_valid=True
[MOS-Core] cw_valid=True
[MOS-Core] ce_cw_cosine=1.0
[MOS-Core] combined_pre_norm=1.0
[MOS-Core] historical_direction_valid=True
[MOS-Core] historical_direction_norm=0.5908814668655396
[MOS-Core] guidance_history_cosine=0.9950454831123352
[MOS-Core] guidance_source=ce_cw_combined
[MOS-Core] guidance_fallback_used=False
[MOS-Core] final_guidance_norm=1.000000
[MOS-Core] Base radial threshold (q=0.95): 1005.3356
[MOS-Core] Attack budget ratio: 1.0
[MOS-Core] current_budget=1005.335632
[MOS-Core] current_budget_valid=True

[MOS-Core] Initializing constraints...
[MOS-Core] Enabled constraints: Radial, Sign
[MOS-Core] Radial weight: 1.0
[MOS-Core] Sign weight: 0.5, layer_reduce: quantile
[MOS-Core]   Radial threshold: 1005.3356
[MOS-Core]   Sign threshold: 2.3951

[MOS-Core] Initializing population (size=10)...
[MOS-Core] constraint_mode=strict
[MOS-Core] objective_mode=dual
[MOS-Core] alpha_feasible=0.000671 boundary_width=7.62939e-06 refinements=13
[MOS-Boundary] alpha_feasible=0.000671 alpha_infeasible=0.000679 limiting_constraint=sign left=radial:ratio=0.000671387:score=0.999329:violation=0|sign:ratio=0.985894:score=0.503551:violation=0 right=radial:ratio=0.000679016:score=0.999321:violation=0|sign:ratio=1.00076:score=0.499811:violation=0.000756145
[MOS-Core] adaptive_guided_init=True alpha_feasible=0.000671 alpha_init=0.000671 scales=[0.0, 0.00013427734375, 0.0002685546875, 0.00040283203125, 0.000537109375, 0.00067138671875]
[MOS-Core] Generated 6 scale-based seeds: [0.0, 0.00013427734375, 0.0002685546875, 0.00040283203125, 0.000537109375, 0.00067138671875]
[MOS-Core] Historical seed injected at position 3
[MOS-Core] historical_raw_norm=0.590881
[MOS-Core] historical_direction_norm=1.000000
[MOS-Core] historical_seed_target_scale=502.667816
[MOS-Core] historical_seed_final_norm=502.667877
[MOS-Core] Generated 4 random candidates (noise_scale=0.1)
[MOS-Core] Initial population norms: min=0.0000, mean=158.7525, max=742.2869
[MOS-Core] Budget ratios: min=0.0000, mean=0.1579, max=0.7383
[MOS-Core] Clipped ratio: 0.00%
[MOS-Core] Historical seed used: True

[MOS-Core] Starting NSGA-II evolution...
[MOS-Core] Generations: 100
[MOS-Core] Population size: 10
[MOS-Core] SBX eta: 15.0, crossover_prob: 0.9
[MOS-Core] Mutation scale: 0.05
[MOS-Core] Gen 1/100:
  Stealth: mean=0.912, best=1.000
  Destructiveness: mean=0.324, best=0.675
  CV: mean=0.0000, min=0.0000
  Feasibility: count=10, ratio=100.00%
  Max feasible destruct: 0.675
  Pareto front size: 9
  Budget ratio: mean=0.014, max=0.047
  Radial: mean_ratio=0.014, max_ratio=0.047, mean_score=0.986
  Sign: mean_ratio=0.389, max_ratio=0.986, mean_score=0.764
[MOS-Core] Gen 10/100:
  Stealth: mean=0.899, best=1.000
  Destructiveness: mean=0.353, best=0.684
  CV: mean=0.0000, min=0.0000
  Feasibility: count=10, ratio=100.00%
  Max feasible destruct: 0.684
  Pareto front size: 10
  Budget ratio: mean=0.029, max=0.104
  Radial: mean_ratio=0.029, max_ratio=0.104, mean_score=0.973
  Sign: mean_ratio=0.420, max_ratio=0.996, mean_score=0.752
[MOS-Core] Gen 20/100:
  Stealth: mean=0.898, best=1.000
  Destructiveness: mean=0.355, best=0.691
  CV: mean=0.0000, min=0.0000
  Feasibility: count=10, ratio=100.00%
  Max feasible destruct: 0.691
  Pareto front size: 10
  Budget ratio: mean=0.027, max=0.080
  Radial: mean_ratio=0.027, max_ratio=0.080, mean_score=0.975
  Sign: mean_ratio=0.430, max_ratio=0.986, mean_score=0.744
[MOS-Core] Gen 30/100:
  Stealth: mean=0.881, best=1.000
  Destructiveness: mean=0.412, best=0.699
  CV: mean=0.0000, min=0.0000
  Feasibility: count=10, ratio=100.00%
  Max feasible destruct: 0.699
  Pareto front size: 10
  Budget ratio: mean=0.030, max=0.086
  Radial: mean_ratio=0.030, max_ratio=0.086, mean_score=0.972
  Sign: mean_ratio=0.527, max_ratio=0.986, mean_score=0.698
[MOS-Core] Gen 40/100:
  Stealth: mean=0.888, best=1.000
  Destructiveness: mean=0.370, best=0.706
  CV: mean=0.0000, min=0.0000
  Feasibility: count=10, ratio=100.00%
  Max feasible destruct: 0.706
  Pareto front size: 10
  Budget ratio: mean=0.040, max=0.177
  Radial: mean_ratio=0.040, max_ratio=0.177, mean_score=0.964
  Sign: mean_ratio=0.454, max_ratio=0.986, mean_score=0.737
[MOS-Core] Gen 50/100:
  Stealth: mean=0.884, best=1.000
  Destructiveness: mean=0.361, best=0.713
  CV: mean=0.0000, min=0.0000
  Feasibility: count=10, ratio=100.00%
  Max feasible destruct: 0.713
  Pareto front size: 10
  Budget ratio: mean=0.050, max=0.180
  Radial: mean_ratio=0.050, max_ratio=0.180, mean_score=0.955
  Sign: mean_ratio=0.452, max_ratio=0.986, mean_score=0.741
[MOS-Core] Gen 60/100:
  Stealth: mean=0.857, best=1.000
  Destructiveness: mean=0.418, best=0.725
  CV: mean=0.0000, min=0.0000
  Feasibility: count=10, ratio=100.00%
  Max feasible destruct: 0.725
  Pareto front size: 10
  Budget ratio: mean=0.070, max=0.248
  Radial: mean_ratio=0.070, max_ratio=0.248, mean_score=0.940
  Sign: mean_ratio=0.542, max_ratio=0.994, mean_score=0.690
[MOS-Core] Gen 70/100:
  Stealth: mean=0.847, best=1.000
  Destructiveness: mean=0.459, best=0.729
  CV: mean=0.0000, min=0.0000
  Feasibility: count=10, ratio=100.00%
  Max feasible destruct: 0.729
  Pareto front size: 10
  Budget ratio: mean=0.077, max=0.376
  Radial: mean_ratio=0.077, max_ratio=0.376, mean_score=0.937
  Sign: mean_ratio=0.603, max_ratio=0.991, mean_score=0.667
[MOS-Core] Gen 80/100:
  Stealth: mean=0.834, best=1.000
  Destructiveness: mean=0.452, best=0.732
  CV: mean=0.0000, min=0.0000
  Feasibility: count=10, ratio=100.00%
  Max feasible destruct: 0.732
  Pareto front size: 10
  Budget ratio: mean=0.105, max=0.375
  Radial: mean_ratio=0.105, max_ratio=0.375, mean_score=0.916
  Sign: mean_ratio=0.601, max_ratio=0.998, mean_score=0.670
[MOS-Core] Gen 90/100:
  Stealth: mean=0.856, best=1.000
  Destructiveness: mean=0.410, best=0.752
  CV: mean=0.0000, min=0.0000
  Feasibility: count=10, ratio=100.00%
  Max feasible destruct: 0.752
  Pareto front size: 10
  Budget ratio: mean=0.082, max=0.335
  Radial: mean_ratio=0.082, max_ratio=0.335, mean_score=0.933
  Sign: mean_ratio=0.523, max_ratio=0.994, mean_score=0.702
[MOS-Core] Gen 100/100:
  Stealth: mean=0.848, best=1.000
  Destructiveness: mean=0.453, best=0.762
  CV: mean=0.0000, min=0.0000
  Feasibility: count=10, ratio=100.00%
  Max feasible destruct: 0.762
  Pareto front size: 10
  Budget ratio: mean=0.074, max=0.337
  Radial: mean_ratio=0.074, max_ratio=0.337, mean_score=0.938
  Sign: mean_ratio=0.604, max_ratio=0.996, mean_score=0.668

[MOS-Core] Selecting final solution...
[MOS-Core] Selection parameters:
  Lambda_s (stealth weight): 0.50
  Lambda_a (attack weight): 0.50
  Attack floor ratio: 0.0762

[MOS-Core] Feasibility summary:
  Feasible solutions: 10
  Feasible ratio: 100.00%
  Selection mode: feasible
  Min CV in front: 0.0000

[MOS-Core] Pareto front summary:
  Front size: 10
  Stealth range: [0.666, 1.000]
  Destructiveness range: [0.000, 0.762]
  CV range: [0.0000, 0.0000]
  Candidates after attack floor: 8

[MOS-Core] Selected solution (index=6):
[MOS-Core]   Constraint pass score (R): 0.860
[MOS-Core]   Destructiveness (A): 0.540
[MOS-Core]   Total CV: 0.0000
[MOS-Core]   Deviation norm: 0.5400
[MOS-Core]   Budget usage: 0.05%
[MOS-Core] selection_mode=balanced_knee
[MOS-Core] selected_budget_ratio=0.000537
[MOS-Core] selected_stealth=0.859542
[MOS-Core] selected_destructiveness=0.539973
[MOS-Core] selected_R=0.859542
[MOS-Core] selected_A=0.539973
[MOS-Core] selected_cv=0.000000
[MOS-Core] selected_CV=0.000000
[MOS-Core] selected_feasible=True
[MOS-Core] selected_guidance_alignment=1.000000
[MOS-Core] Per-constraint details:
[MOS-Core]   Radial: score=0.999, ratio=0.001, violation=0.000, loss=0.5400, threshold=1005.3356
[MOS-Core]   Sign: score=0.580, ratio=0.725, violation=0.000, loss=1.7365, threshold=2.3951

[MOS-Core] Generating 3 malicious updates...
[MOS-Core] Template noise scale: 0.0001
[MOS-Core] Output norms: min=0.5406, mean=0.5467, max=0.5547
[MOS-Core] Attack completed successfully
============================================================

attack:mos_attack
defend:multi_krum
[FiniteAudit] round=50 defense=multi_krum selected_count=3 selected_malicious_count=3 selected_updates_finite=True selected_indices=[0, 2, 1]
[FiniteAudit] round=50 global_pre_finite=True benign_updates_finite=True malicious_updates_finite=True attack_budget_output_finite=True aggregate_input_finite=True aggregate_output_finite=True global_post_finite=True first_bad_stage=none rejected=False rollback=False
t  50: train_loss = 0.971, test_acc = 54.340
attack numbers = 3
[FiniteAudit] round=51 checkpoint_promoted_after_benign=True
current iteration attack ratio: 0.12

============================================================
[MOS-Core] Starting MOS-Attack
============================================================
[MOS-Core] Total parameters: 11,183,582
[MOS-Core] Benign clients: 22
[MOS-Core] Malicious slots: 3
[MOS-Core] Benign mean norm: 1538.1696
[MOS-Core] Benign std (mean): 0.0013
[MOS-Core] ce_raw_norm=559924248576.0
[MOS-Core] cw_raw_norm=559924248576.0
[MOS-Core] ce_valid=True
[MOS-Core] cw_valid=True
[MOS-Core] ce_cw_cosine=0.9999999403953552
[MOS-Core] combined_pre_norm=1.0
[MOS-Core] historical_direction_valid=True
[MOS-Core] historical_direction_norm=0.5399752855300903
[MOS-Core] guidance_history_cosine=0.9956144690513611
[MOS-Core] guidance_source=ce_cw_combined
[MOS-Core] guidance_fallback_used=False
[MOS-Core] final_guidance_norm=1.000000
[MOS-Core] Base radial threshold (q=0.95): 1137.3687
[MOS-Core] Attack budget ratio: 1.0
[MOS-Core] current_budget=1137.368652
[MOS-Core] current_budget_valid=True

[MOS-Core] Initializing constraints...
[MOS-Core] Enabled constraints: Radial, Sign
[MOS-Core] Radial weight: 1.0
[MOS-Core] Sign weight: 0.5, layer_reduce: quantile
[MOS-Core]   Radial threshold: 1137.3687
[MOS-Core]   Sign threshold: 2.5293

[MOS-Core] Initializing population (size=10)...
[MOS-Core] constraint_mode=strict
[MOS-Core] objective_mode=dual
[MOS-Core] alpha_feasible=0.000580 boundary_width=7.62939e-06 refinements=13
[MOS-Boundary] alpha_feasible=0.000580 alpha_infeasible=0.000587 limiting_constraint=sign left=radial:ratio=0.000579834:score=0.999421:violation=0|sign:ratio=0.988733:score=0.502833:violation=0 right=radial:ratio=0.000587463:score=0.999413:violation=0|sign:ratio=1.00442:score=0.498897:violation=0.00442016
[MOS-Core] adaptive_guided_init=True alpha_feasible=0.000580 alpha_init=0.000580 scales=[0.0, 0.00011596679687500001, 0.00023193359375000002, 0.000347900390625, 0.00046386718750000003, 0.000579833984375]
[MOS-Core] Generated 6 scale-based seeds: [0.0, 0.00011596679687500001, 0.00023193359375000002, 0.000347900390625, 0.00046386718750000003, 0.000579833984375]
[MOS-Core] Historical seed injected at position 3
[MOS-Core] historical_raw_norm=0.539975
[MOS-Core] historical_direction_norm=1.000000
[MOS-Core] historical_seed_target_scale=568.684326
[MOS-Core] historical_seed_final_norm=568.684265
[MOS-Core] Generated 4 random candidates (noise_scale=0.1)
[MOS-Core] Initial population norms: min=0.0000, mean=327.0134, max=877.6766
[MOS-Core] Budget ratios: min=0.0000, mean=0.2875, max=0.7717
[MOS-Core] Clipped ratio: 0.00%
[MOS-Core] Historical seed used: True

[MOS-Core] Starting NSGA-II evolution...
[MOS-Core] Generations: 100
[MOS-Core] Population size: 10
[MOS-Core] SBX eta: 15.0, crossover_prob: 0.9
[MOS-Core] Mutation scale: 0.05
[MOS-Core] Gen 1/100:
  Stealth: mean=0.905, best=1.000
  Destructiveness: mean=0.330, best=0.660
  CV: mean=0.0000, min=0.0000
  Feasibility: count=10, ratio=100.00%
  Max feasible destruct: 0.660
  Pareto front size: 8
  Budget ratio: mean=0.017, max=0.062
  Radial: mean_ratio=0.017, max_ratio=0.062, mean_score=0.984
  Sign: mean_ratio=0.444, max_ratio=0.989, mean_score=0.748
[MOS-Core] Gen 10/100:
  Stealth: mean=0.886, best=1.000
  Destructiveness: mean=0.384, best=0.667
  CV: mean=0.0000, min=0.0000
  Feasibility: count=10, ratio=100.00%
  Max feasible destruct: 0.667
  Pareto front size: 10
  Budget ratio: mean=0.026, max=0.085
  Radial: mean_ratio=0.026, max_ratio=0.085, mean_score=0.976
  Sign: mean_ratio=0.518, max_ratio=0.998, mean_score=0.707
[MOS-Core] Gen 20/100:
  Stealth: mean=0.911, best=1.000
  Destructiveness: mean=0.293, best=0.676
  CV: mean=0.0000, min=0.0000
  Feasibility: count=10, ratio=100.00%
  Max feasible destruct: 0.676
  Pareto front size: 10
  Budget ratio: mean=0.022, max=0.096
  Radial: mean_ratio=0.022, max_ratio=0.096, mean_score=0.979
  Sign: mean_ratio=0.374, max_ratio=0.989, mean_score=0.775
[MOS-Core] Gen 30/100:
  Stealth: mean=0.885, best=1.000
  Destructiveness: mean=0.350, best=0.687
  CV: mean=0.0000, min=0.0000
  Feasibility: count=10, ratio=100.00%
  Max feasible destruct: 0.687
  Pareto front size: 10
  Budget ratio: mean=0.042, max=0.107
  Radial: mean_ratio=0.042, max_ratio=0.107, mean_score=0.961
  Sign: mean_ratio=0.450, max_ratio=0.974, mean_score=0.732
[MOS-Core] Gen 40/100:
  Stealth: mean=0.885, best=1.000
  Destructiveness: mean=0.351, best=0.699
  CV: mean=0.0000, min=0.0000
  Feasibility: count=10, ratio=100.00%
  Max feasible destruct: 0.699
  Pareto front size: 10
  Budget ratio: mean=0.041, max=0.139
  Radial: mean_ratio=0.041, max_ratio=0.139, mean_score=0.962
  Sign: mean_ratio=0.453, max_ratio=0.981, mean_score=0.730
[MOS-Core] Gen 50/100:
  Stealth: mean=0.878, best=1.000
  Destructiveness: mean=0.354, best=0.712
  CV: mean=0.0000, min=0.0000
  Feasibility: count=10, ratio=100.00%
  Max feasible destruct: 0.712
  Pareto front size: 10
  Budget ratio: mean=0.051, max=0.128
  Radial: mean_ratio=0.051, max_ratio=0.128, mean_score=0.953
  Sign: mean_ratio=0.460, max_ratio=0.998, mean_score=0.727
[MOS-Core] Gen 60/100:
  Stealth: mean=0.888, best=1.000
  Destructiveness: mean=0.341, best=0.722
  CV: mean=0.0000, min=0.0000
  Feasibility: count=10, ratio=100.00%
  Max feasible destruct: 0.722
  Pareto front size: 10
  Budget ratio: mean=0.038, max=0.116
  Radial: mean_ratio=0.038, max_ratio=0.116, mean_score=0.964
  Sign: mean_ratio=0.450, max_ratio=0.990, mean_score=0.734
[MOS-Core] Gen 70/100:
  Stealth: mean=0.887, best=1.000
  Destructiveness: mean=0.328, best=0.724
  CV: mean=0.0000, min=0.0000
  Feasibility: count=10, ratio=100.00%
  Max feasible destruct: 0.724
  Pareto front size: 10
  Budget ratio: mean=0.043, max=0.097
  Radial: mean_ratio=0.043, max_ratio=0.097, mean_score=0.960
  Sign: mean_ratio=0.442, max_ratio=0.998, mean_score=0.741
[MOS-Core] Gen 80/100:
  Stealth: mean=0.873, best=1.000
  Destructiveness: mean=0.358, best=0.730
  CV: mean=0.0000, min=0.0000
  Feasibility: count=10, ratio=100.00%
  Max feasible destruct: 0.730
  Pareto front size: 10
  Budget ratio: mean=0.051, max=0.139
  Radial: mean_ratio=0.051, max_ratio=0.139, mean_score=0.953
  Sign: mean_ratio=0.478, max_ratio=0.983, mean_score=0.715
[MOS-Core] Gen 90/100:
  Stealth: mean=0.855, best=1.000
  Destructiveness: mean=0.405, best=0.737
  CV: mean=0.0000, min=0.0000
  Feasibility: count=10, ratio=100.00%
  Max feasible destruct: 0.737
  Pareto front size: 10
  Budget ratio: mean=0.071, max=0.292
  Radial: mean_ratio=0.071, max_ratio=0.292, mean_score=0.939
  Sign: mean_ratio=0.545, max_ratio=0.995, mean_score=0.688
[MOS-Core] Gen 100/100:
  Stealth: mean=0.836, best=1.000
  Destructiveness: mean=0.449, best=0.747
  CV: mean=0.0000, min=0.0000
  Feasibility: count=10, ratio=100.00%
  Max feasible destruct: 0.747
  Pareto front size: 10
  Budget ratio: mean=0.093, max=0.338
  Radial: mean_ratio=0.093, max_ratio=0.338, mean_score=0.924
  Sign: mean_ratio=0.616, max_ratio=0.995, mean_score=0.660

[MOS-Core] Selecting final solution...
[MOS-Core] Selection parameters:
  Lambda_s (stealth weight): 0.50
  Lambda_a (attack weight): 0.50
  Attack floor ratio: 0.0747

[MOS-Core] Feasibility summary:
  Feasible solutions: 10
  Feasible ratio: 100.00%
  Selection mode: feasible
  Min CV in front: 0.0000

[MOS-Core] Pareto front summary:
  Front size: 10
  Stealth range: [0.668, 1.000]
  Destructiveness range: [0.000, 0.747]
  CV range: [0.0000, 0.0000]
  Candidates after attack floor: 8

[MOS-Core] Selected solution (index=4):
[MOS-Core]   Constraint pass score (R): 0.857
[MOS-Core]   Destructiveness (A): 0.528
[MOS-Core]   Total CV: 0.0000
[MOS-Core]   Deviation norm: 0.5276
[MOS-Core]   Budget usage: 0.05%
[MOS-Core] selection_mode=balanced_knee
[MOS-Core] selected_budget_ratio=0.000464
[MOS-Core] selected_stealth=0.856719
[MOS-Core] selected_destructiveness=0.527586
[MOS-Core] selected_R=0.856719
[MOS-Core] selected_A=0.527586
[MOS-Core] selected_cv=0.000000
[MOS-Core] selected_CV=0.000000
[MOS-Core] selected_feasible=True
[MOS-Core] selected_guidance_alignment=1.000000
[MOS-Core] Per-constraint details:
[MOS-Core]   Radial: score=1.000, ratio=0.000, violation=0.000, loss=0.5276, threshold=1137.3687
[MOS-Core]   Sign: score=0.571, ratio=0.751, violation=0.000, loss=1.8997, threshold=2.5293

[MOS-Core] Generating 3 malicious updates...
[MOS-Core] Template noise scale: 0.0001
[MOS-Core] Output norms: min=0.5292, mean=0.5337, max=0.5387
[MOS-Core] Attack completed successfully
============================================================

attack:mos_attack
defend:multi_krum
[FiniteAudit] round=51 defense=multi_krum selected_count=3 selected_malicious_count=2 selected_updates_finite=True selected_indices=[2, 1, 13]
[FiniteAudit] round=51 global_pre_finite=True benign_updates_finite=True malicious_updates_finite=True attack_budget_output_finite=True aggregate_input_finite=True aggregate_output_finite=True global_post_finite=True first_bad_stage=none rejected=False rollback=False
t  51: train_loss = 0.958, test_acc = 56.870
attack numbers = 8
[FiniteAudit] round=52 checkpoint_promoted_after_benign=True
current iteration attack ratio: 0.32

============================================================
[MOS-Core] Starting MOS-Attack
============================================================
[MOS-Core] Total parameters: 11,183,582
[MOS-Core] Benign clients: 17
[MOS-Core] Malicious slots: 8
[MOS-Core] Benign mean norm: 832.0475
[MOS-Core] Benign std (mean): 0.0015
[MOS-Core] ce_raw_norm=955444756480.0
[MOS-Core] cw_raw_norm=955444756480.0
[MOS-Core] ce_valid=True
[MOS-Core] cw_valid=True
[MOS-Core] ce_cw_cosine=1.0
[MOS-Core] combined_pre_norm=1.0
[MOS-Core] historical_direction_valid=True
[MOS-Core] historical_direction_norm=0.5275880098342896
[MOS-Core] guidance_history_cosine=0.9958692789077759
[MOS-Core] guidance_source=ce_cw_combined
[MOS-Core] guidance_fallback_used=False
[MOS-Core] final_guidance_norm=1.000000
[MOS-Core] Base radial threshold (q=0.95): 1519.1515
[MOS-Core] Attack budget ratio: 1.0
[MOS-Core] current_budget=1519.151489
[MOS-Core] current_budget_valid=True

[MOS-Core] Initializing constraints...
[MOS-Core] Enabled constraints: Radial, Sign
[MOS-Core] Radial weight: 1.0
[MOS-Core] Sign weight: 0.5, layer_reduce: quantile
[MOS-Core]   Radial threshold: 1519.1515
[MOS-Core]   Sign threshold: 1.8575

[MOS-Core] Initializing population (size=10)...
[MOS-Core] constraint_mode=strict
[MOS-Core] objective_mode=dual
[MOS-Core] alpha_feasible=0.000542 boundary_width=7.62939e-06 refinements=13
[MOS-Boundary] alpha_feasible=0.000542 alpha_infeasible=0.000549 limiting_constraint=sign left=radial:ratio=0.000541687:score=0.999459:violation=0|sign:ratio=0.9935:score=0.50163:violation=0 right=radial:ratio=0.000549316:score=0.999451:violation=0|sign:ratio=1.01249:score=0.496896:violation=0.0124918
[MOS-Core] adaptive_guided_init=True alpha_feasible=0.000542 alpha_init=0.000542 scales=[0.0, 0.00010833740234375001, 0.00021667480468750002, 0.00032501220703125, 0.00043334960937500003, 0.00054168701171875]
[MOS-Core] Generated 6 scale-based seeds: [0.0, 0.00010833740234375001, 0.00021667480468750002, 0.00032501220703125, 0.00043334960937500003, 0.00054168701171875]
[MOS-Core] Historical seed injected at position 3
[MOS-Core] historical_raw_norm=0.527588
[MOS-Core] historical_direction_norm=1.000000
[MOS-Core] historical_seed_target_scale=759.575745
[MOS-Core] historical_seed_final_norm=759.575806
[MOS-Core] Generated 4 random candidates (noise_scale=0.1)
[MOS-Core] Initial population norms: min=0.0000, mean=328.7434, max=1088.9950
[MOS-Core] Budget ratios: min=0.0000, mean=0.2164, max=0.7168
[MOS-Core] Clipped ratio: 0.00%
[MOS-Core] Historical seed used: True

[MOS-Core] Starting NSGA-II evolution...
[MOS-Core] Generations: 100
[MOS-Core] Population size: 10
[MOS-Core] SBX eta: 15.0, crossover_prob: 0.9
[MOS-Core] Mutation scale: 0.05
[MOS-Core] Gen 1/100:
  Stealth: mean=0.891, best=1.000
  Destructiveness: mean=0.402, best=0.823
  CV: mean=0.0086, min=0.0000
  Feasibility: count=9, ratio=90.00%
  Max feasible destruct: 0.823
  Pareto front size: 7
  Budget ratio: mean=0.008, max=0.018
  Radial: mean_ratio=0.008, max_ratio=0.018, mean_score=0.992
  Sign: mean_ratio=0.574, max_ratio=1.172, mean_score=0.690
[MOS-Core] Gen 10/100:
  Stealth: mean=0.909, best=1.000
  Destructiveness: mean=0.397, best=0.832
  CV: mean=0.0000, min=0.0000
  Feasibility: count=10, ratio=100.00%
  Max feasible destruct: 0.832
  Pareto front size: 10
  Budget ratio: mean=0.015, max=0.041
  Radial: mean_ratio=0.015, max_ratio=0.041, mean_score=0.986
  Sign: mean_ratio=0.420, max_ratio=0.994, mean_score=0.756
[MOS-Core] Gen 20/100:
  Stealth: mean=0.904, best=1.000
  Destructiveness: mean=0.399, best=0.847
  CV: mean=0.0000, min=0.0000
  Feasibility: count=10, ratio=100.00%
  Max feasible destruct: 0.847
  Pareto front size: 10
  Budget ratio: mean=0.024, max=0.106
  Radial: mean_ratio=0.024, max_ratio=0.106, mean_score=0.978
  Sign: mean_ratio=0.419, max_ratio=0.994, mean_score=0.755
[MOS-Core] Gen 30/100:
  Stealth: mean=0.893, best=1.000
  Destructiveness: mean=0.450, best=0.855
  CV: mean=0.0000, min=0.0000
  Feasibility: count=10, ratio=100.00%
  Max feasible destruct: 0.855
  Pareto front size: 10
  Budget ratio: mean=0.023, max=0.068
  Radial: mean_ratio=0.023, max_ratio=0.068, mean_score=0.978
  Sign: mean_ratio=0.463, max_ratio=0.994, mean_score=0.723
[MOS-Core] Gen 40/100:
  Stealth: mean=0.883, best=1.000
  Destructiveness: mean=0.490, best=0.876
  CV: mean=0.0000, min=0.0000
  Feasibility: count=10, ratio=100.00%
  Max feasible destruct: 0.876
  Pareto front size: 10
  Budget ratio: mean=0.031, max=0.094
  Radial: mean_ratio=0.031, max_ratio=0.094, mean_score=0.971
  Sign: mean_ratio=0.514, max_ratio=0.994, mean_score=0.707
[MOS-Core] Gen 50/100:
  Stealth: mean=0.881, best=1.000
  Destructiveness: mean=0.493, best=0.891
  CV: mean=0.0000, min=0.0000
  Feasibility: count=10, ratio=100.00%
  Max feasible destruct: 0.891
  Pareto front size: 10
  Budget ratio: mean=0.034, max=0.095
  Radial: mean_ratio=0.034, max_ratio=0.095, mean_score=0.969
  Sign: mean_ratio=0.520, max_ratio=0.999, mean_score=0.705
[MOS-Core] Gen 60/100:
  Stealth: mean=0.909, best=1.000
  Destructiveness: mean=0.357, best=0.897
  CV: mean=0.0000, min=0.0000
  Feasibility: count=10, ratio=100.00%
  Max feasible destruct: 0.897
  Pareto front size: 10
  Budget ratio: mean=0.029, max=0.100
  Radial: mean_ratio=0.029, max_ratio=0.100, mean_score=0.973
  Sign: mean_ratio=0.355, max_ratio=0.996, mean_score=0.781
[MOS-Core] Gen 70/100:
  Stealth: mean=0.887, best=1.000
  Destructiveness: mean=0.432, best=0.903
  CV: mean=0.0000, min=0.0000
  Feasibility: count=10, ratio=100.00%
  Max feasible destruct: 0.903
  Pareto front size: 10
  Budget ratio: mean=0.039, max=0.105
  Radial: mean_ratio=0.039, max_ratio=0.105, mean_score=0.963
  Sign: mean_ratio=0.452, max_ratio=0.997, mean_score=0.735
[MOS-Core] Gen 80/100:
  Stealth: mean=0.879, best=1.000
  Destructiveness: mean=0.417, best=0.906
  CV: mean=0.0000, min=0.0000
  Feasibility: count=10, ratio=100.00%
  Max feasible destruct: 0.906
  Pareto front size: 10
  Budget ratio: mean=0.054, max=0.091
  Radial: mean_ratio=0.054, max_ratio=0.091, mean_score=0.949
  Sign: mean_ratio=0.454, max_ratio=1.000, mean_score=0.737
[MOS-Core] Gen 90/100:
  Stealth: mean=0.884, best=1.000
  Destructiveness: mean=0.415, best=0.908
  CV: mean=0.0000, min=0.0000
  Feasibility: count=10, ratio=100.00%
  Max feasible destruct: 0.908
  Pareto front size: 10
  Budget ratio: mean=0.048, max=0.110
  Radial: mean_ratio=0.048, max_ratio=0.110, mean_score=0.955
  Sign: mean_ratio=0.446, max_ratio=0.994, mean_score=0.743
[MOS-Core] Gen 100/100:
  Stealth: mean=0.884, best=1.000
  Destructiveness: mean=0.416, best=0.914
  CV: mean=0.0000, min=0.0000
  Feasibility: count=10, ratio=100.00%
  Max feasible destruct: 0.914
  Pareto front size: 10
  Budget ratio: mean=0.050, max=0.123
  Radial: mean_ratio=0.050, max_ratio=0.123, mean_score=0.953
  Sign: mean_ratio=0.439, max_ratio=0.999, mean_score=0.745

[MOS-Core] Selecting final solution...
[MOS-Core] Selection parameters:
  Lambda_s (stealth weight): 0.50
  Lambda_a (attack weight): 0.50
  Attack floor ratio: 0.0914

[MOS-Core] Feasibility summary:
  Feasible solutions: 10
  Feasible ratio: 100.00%
  Selection mode: feasible
  Min CV in front: 0.0000

[MOS-Core] Pareto front summary:
  Front size: 10
  Stealth range: [0.761, 1.000]
  Destructiveness range: [0.000, 0.914]
  CV range: [0.0000, 0.0000]
  Candidates after attack floor: 8

[MOS-Core] Selected solution (index=4):
[MOS-Core]   Constraint pass score (R): 0.858
[MOS-Core]   Destructiveness (A): 0.658
[MOS-Core]   Total CV: 0.0000
[MOS-Core]   Deviation norm: 0.6583
[MOS-Core]   Budget usage: 0.04%
[MOS-Core] selection_mode=balanced_knee
[MOS-Core] selected_budget_ratio=0.000433
[MOS-Core] selected_stealth=0.858363
[MOS-Core] selected_destructiveness=0.658321
[MOS-Core] selected_R=0.858363
[MOS-Core] selected_A=0.658321
[MOS-Core] selected_cv=0.000000
[MOS-Core] selected_CV=0.000000
[MOS-Core] selected_feasible=True
[MOS-Core] selected_guidance_alignment=1.000000
[MOS-Core] Per-constraint details:
[MOS-Core]   Radial: score=1.000, ratio=0.000, violation=0.000, loss=0.6583, threshold=1519.1515
[MOS-Core]   Sign: score=0.576, ratio=0.736, violation=0.000, loss=1.3676, threshold=1.8575

[MOS-Core] Generating 8 malicious updates...
[MOS-Core] Template noise scale: 0.0001
[MOS-Core] Output norms: min=0.6595, mean=0.6648, max=0.6809
[MOS-Core] Attack completed successfully
============================================================

attack:mos_attack
defend:multi_krum
[FiniteAudit] round=52 defense=multi_krum selected_count=3 selected_malicious_count=3 selected_updates_finite=True selected_indices=[4, 2, 6]
[FiniteAudit] round=52 global_pre_finite=True benign_updates_finite=True malicious_updates_finite=True attack_budget_output_finite=True aggregate_input_finite=True aggregate_output_finite=True global_post_finite=True first_bad_stage=none rejected=False rollback=False
t  52: train_loss = 0.974, test_acc = 46.270
attack numbers = 7
[FiniteAudit] round=53 checkpoint_promoted_after_benign=True
current iteration attack ratio: 0.28

============================================================
[MOS-Core] Starting MOS-Attack
============================================================
[MOS-Core] Total parameters: 11,183,582
[MOS-Core] Benign clients: 18
[MOS-Core] Malicious slots: 7
[MOS-Core] Benign mean norm: 2039.0459
[MOS-Core] Benign std (mean): 0.0014
[MOS-Core] ce_raw_norm=1508159258624.0
[MOS-Core] cw_raw_norm=1508159258624.0
[MOS-Core] ce_valid=True
[MOS-Core] cw_valid=True
[MOS-Core] ce_cw_cosine=0.9999998807907104
[MOS-Core] combined_pre_norm=0.9999999403953552
[MOS-Core] historical_direction_valid=True
[MOS-Core] historical_direction_norm=0.6583237051963806
[MOS-Core] guidance_history_cosine=0.9894808530807495
[MOS-Core] guidance_source=ce_cw_combined
[MOS-Core] guidance_fallback_used=False
[MOS-Core] final_guidance_norm=1.000000
[MOS-Core] Base radial threshold (q=0.95): 1591.8252
[MOS-Core] Attack budget ratio: 1.0
[MOS-Core] current_budget=1591.825195
[MOS-Core] current_budget_valid=True

[MOS-Core] Initializing constraints...
[MOS-Core] Enabled constraints: Radial, Sign
[MOS-Core] Radial weight: 1.0
[MOS-Core] Sign weight: 0.5, layer_reduce: quantile
[MOS-Core]   Radial threshold: 1591.8252
[MOS-Core]   Sign threshold: 2.0453

[MOS-Core] Initializing population (size=10)...
[MOS-Core] constraint_mode=strict
[MOS-Core] objective_mode=dual
[MOS-Core] alpha_feasible=0.000450 boundary_width=7.62939e-06 refinements=13
[MOS-Boundary] alpha_feasible=0.000450 alpha_infeasible=0.000458 limiting_constraint=sign left=radial:ratio=0.000450134:score=0.99955:violation=0|sign:ratio=0.986399:score=0.503424:violation=0 right=radial:ratio=0.000457764:score=0.999542:violation=0|sign:ratio=1.00806:score=0.497992:violation=0.00806284
[MOS-Core] adaptive_guided_init=True alpha_feasible=0.000450 alpha_init=0.000450 scales=[0.0, 9.002685546875e-05, 0.0001800537109375, 0.00027008056640625, 0.000360107421875, 0.00045013427734375]
[MOS-Core] Generated 6 scale-based seeds: [0.0, 9.002685546875e-05, 0.0001800537109375, 0.00027008056640625, 0.000360107421875, 0.00045013427734375]
[MOS-Core] Historical seed injected at position 3
[MOS-Core] historical_raw_norm=0.658324
[MOS-Core] historical_direction_norm=1.000000
[MOS-Core] historical_seed_target_scale=795.912598
[MOS-Core] historical_seed_final_norm=795.912598
[MOS-Core] Generated 4 random candidates (noise_scale=0.1)
[MOS-Core] Initial population norms: min=0.0000, mean=233.2390, max=795.9126
[MOS-Core] Budget ratios: min=0.0000, mean=0.1465, max=0.5000
[MOS-Core] Clipped ratio: 0.00%
[MOS-Core] Historical seed used: True

[MOS-Core] Starting NSGA-II evolution...
[MOS-Core] Generations: 100
[MOS-Core] Population size: 10
[MOS-Core] SBX eta: 15.0, crossover_prob: 0.9
[MOS-Core] Mutation scale: 0.05
[MOS-Core] Gen 1/100:
  Stealth: mean=0.925, best=1.000
  Destructiveness: mean=0.287, best=0.717
  CV: mean=0.0000, min=0.0000
  Feasibility: count=10, ratio=100.00%
  Max feasible destruct: 0.717
  Pareto front size: 7
  Budget ratio: mean=0.009, max=0.023
  Radial: mean_ratio=0.009, max_ratio=0.023, mean_score=0.991
  Sign: mean_ratio=0.336, max_ratio=0.986, mean_score=0.793
[MOS-Core] Gen 10/100:
  Stealth: mean=0.907, best=1.000
  Destructiveness: mean=0.346, best=0.723
  CV: mean=0.0000, min=0.0000
  Feasibility: count=10, ratio=100.00%
  Max feasible destruct: 0.723
  Pareto front size: 10
  Budget ratio: mean=0.020, max=0.085
  Radial: mean_ratio=0.020, max_ratio=0.085, mean_score=0.981
  Sign: mean_ratio=0.416, max_ratio=0.999, mean_score=0.758
[MOS-Core] Gen 20/100:
  Stealth: mean=0.898, best=1.000
  Destructiveness: mean=0.375, best=0.725
  CV: mean=0.0000, min=0.0000
  Feasibility: count=10, ratio=100.00%
  Max feasible destruct: 0.725
  Pareto front size: 10
  Budget ratio: mean=0.023, max=0.080
  Radial: mean_ratio=0.023, max_ratio=0.080, mean_score=0.978
  Sign: mean_ratio=0.441, max_ratio=0.986, mean_score=0.738
[MOS-Core] Gen 30/100:
  Stealth: mean=0.893, best=1.000
  Destructiveness: mean=0.377, best=0.737
  CV: mean=0.0000, min=0.0000
  Feasibility: count=10, ratio=100.00%
  Max feasible destruct: 0.737
  Pareto front size: 10
  Budget ratio: mean=0.029, max=0.099
  Radial: mean_ratio=0.029, max_ratio=0.099, mean_score=0.973
  Sign: mean_ratio=0.447, max_ratio=0.986, mean_score=0.734
[MOS-Core] Gen 40/100:
  Stealth: mean=0.894, best=1.000
  Destructiveness: mean=0.363, best=0.743
  CV: mean=0.0000, min=0.0000
  Feasibility: count=10, ratio=100.00%
  Max feasible destruct: 0.743
  Pareto front size: 10
  Budget ratio: mean=0.026, max=0.084
  Radial: mean_ratio=0.026, max_ratio=0.084, mean_score=0.976
  Sign: mean_ratio=0.453, max_ratio=0.999, mean_score=0.732
[MOS-Core] Gen 50/100:
  Stealth: mean=0.888, best=1.000
  Destructiveness: mean=0.365, best=0.748
  CV: mean=0.0000, min=0.0000
  Feasibility: count=10, ratio=100.00%
  Max feasible destruct: 0.748
  Pareto front size: 10
  Budget ratio: mean=0.035, max=0.091
  Radial: mean_ratio=0.035, max_ratio=0.091, mean_score=0.967
  Sign: mean_ratio=0.457, max_ratio=1.000, mean_score=0.729
[MOS-Core] Gen 60/100:
  Stealth: mean=0.882, best=1.000
  Destructiveness: mean=0.407, best=0.753
  CV: mean=0.0000, min=0.0000
  Feasibility: count=10, ratio=100.00%
  Max feasible destruct: 0.753
  Pareto front size: 10
  Budget ratio: mean=0.033, max=0.096
  Radial: mean_ratio=0.033, max_ratio=0.096, mean_score=0.969
  Sign: mean_ratio=0.518, max_ratio=0.999, mean_score=0.708
[MOS-Core] Gen 70/100:
  Stealth: mean=0.883, best=1.000
  Destructiveness: mean=0.352, best=0.753
  CV: mean=0.0000, min=0.0000
  Feasibility: count=10, ratio=100.00%
  Max feasible destruct: 0.753
  Pareto front size: 10
  Budget ratio: mean=0.049, max=0.124
  Radial: mean_ratio=0.049, max_ratio=0.124, mean_score=0.954
  Sign: mean_ratio=0.439, max_ratio=1.000, mean_score=0.740
[MOS-Core] Gen 80/100:
  Stealth: mean=0.885, best=1.000
  Destructiveness: mean=0.352, best=0.753
  CV: mean=0.0000, min=0.0000
  Feasibility: count=10, ratio=100.00%
  Max feasible destruct: 0.753
  Pareto front size: 10
  Budget ratio: mean=0.046, max=0.132
  Radial: mean_ratio=0.046, max_ratio=0.132, mean_score=0.957
  Sign: mean_ratio=0.441, max_ratio=0.997, mean_score=0.740
[MOS-Core] Gen 90/100:
  Stealth: mean=0.868, best=1.000
  Destructiveness: mean=0.414, best=0.760
  CV: mean=0.0000, min=0.0000
  Feasibility: count=10, ratio=100.00%
  Max feasible destruct: 0.760
  Pareto front size: 10
  Budget ratio: mean=0.053, max=0.149
  Radial: mean_ratio=0.053, max_ratio=0.149, mean_score=0.951
  Sign: mean_ratio=0.528, max_ratio=0.997, mean_score=0.701
[MOS-Core] Gen 100/100:
  Stealth: mean=0.883, best=1.000
  Destructiveness: mean=0.356, best=0.768
  CV: mean=0.0000, min=0.0000
  Feasibility: count=10, ratio=100.00%
  Max feasible destruct: 0.768
  Pareto front size: 10
  Budget ratio: mean=0.045, max=0.108
  Radial: mean_ratio=0.045, max_ratio=0.108, mean_score=0.958
  Sign: mean_ratio=0.448, max_ratio=0.998, mean_score=0.734

[MOS-Core] Selecting final solution...
[MOS-Core] Selection parameters:
  Lambda_s (stealth weight): 0.50
  Lambda_a (attack weight): 0.50
  Attack floor ratio: 0.0768

[MOS-Core] Feasibility summary:
  Feasible solutions: 10
  Feasible ratio: 100.00%
  Selection mode: feasible
  Min CV in front: 0.0000

[MOS-Core] Pareto front summary:
  Front size: 10
  Stealth range: [0.769, 1.000]
  Destructiveness range: [0.000, 0.768]
  CV range: [0.0000, 0.0000]
  Candidates after attack floor: 8

[MOS-Core] Selected solution (index=3):
[MOS-Core]   Constraint pass score (R): 0.859
[MOS-Core]   Destructiveness (A): 0.573
[MOS-Core]   Total CV: 0.0000
[MOS-Core]   Deviation norm: 0.5732
[MOS-Core]   Budget usage: 0.04%
[MOS-Core] selection_mode=balanced_knee
[MOS-Core] selected_budget_ratio=0.000360
[MOS-Core] selected_stealth=0.858752
[MOS-Core] selected_destructiveness=0.573226
[MOS-Core] selected_R=0.858752
[MOS-Core] selected_A=0.573226
[MOS-Core] selected_cv=0.000000
[MOS-Core] selected_CV=0.000000
[MOS-Core] selected_feasible=True
[MOS-Core] selected_guidance_alignment=1.000000
[MOS-Core] Per-constraint details:
[MOS-Core]   Radial: score=1.000, ratio=0.000, violation=0.000, loss=0.5732, threshold=1591.8252
[MOS-Core]   Sign: score=0.577, ratio=0.733, violation=0.000, loss=1.4996, threshold=2.0453

[MOS-Core] Generating 7 malicious updates...
[MOS-Core] Template noise scale: 0.0001
[MOS-Core] Output norms: min=0.5755, mean=0.5795, max=0.5857
[MOS-Core] Attack completed successfully
============================================================

attack:mos_attack
defend:multi_krum
[FiniteAudit] round=53 defense=multi_krum selected_count=3 selected_malicious_count=3 selected_updates_finite=True selected_indices=[6, 1, 0]
[FiniteAudit] round=53 global_pre_finite=True benign_updates_finite=True malicious_updates_finite=True attack_budget_output_finite=True aggregate_input_finite=True aggregate_output_finite=True global_post_finite=True first_bad_stage=none rejected=False rollback=False
t  53: train_loss = 0.978, test_acc = 40.360
attack numbers = 6
[FiniteAudit] round=54 checkpoint_promoted_after_benign=True
current iteration attack ratio: 0.24

============================================================
[MOS-Core] Starting MOS-Attack
============================================================
[MOS-Core] Total parameters: 11,183,582
[MOS-Core] Benign clients: 19
[MOS-Core] Malicious slots: 6
[MOS-Core] Benign mean norm: 1736.8057
[MOS-Core] Benign std (mean): 0.0014
[MOS-Core] ce_raw_norm=2272879706112.0
[MOS-Core] cw_raw_norm=2272879706112.0
[MOS-Core] ce_valid=True
[MOS-Core] cw_valid=True
[MOS-Core] ce_cw_cosine=0.9999999403953552
[MOS-Core] combined_pre_norm=1.0
[MOS-Core] historical_direction_valid=True
[MOS-Core] historical_direction_norm=0.573228120803833
[MOS-Core] guidance_history_cosine=0.9908369183540344
[MOS-Core] guidance_source=ce_cw_combined
[MOS-Core] guidance_fallback_used=False
[MOS-Core] final_guidance_norm=1.000000
[MOS-Core] Base radial threshold (q=0.95): 1935.2189
[MOS-Core] Attack budget ratio: 1.0
[MOS-Core] current_budget=1935.218872
[MOS-Core] current_budget_valid=True

[MOS-Core] Initializing constraints...
[MOS-Core] Enabled constraints: Radial, Sign
[MOS-Core] Radial weight: 1.0
[MOS-Core] Sign weight: 0.5, layer_reduce: quantile
[MOS-Core]   Radial threshold: 1935.2189
[MOS-Core]   Sign threshold: 2.2052

[MOS-Core] Initializing population (size=10)...
[MOS-Core] constraint_mode=strict
[MOS-Core] objective_mode=dual
[MOS-Core] alpha_feasible=0.000366 boundary_width=7.62939e-06 refinements=13
[MOS-Boundary] alpha_feasible=0.000366 alpha_infeasible=0.000374 limiting_constraint=sign left=radial:ratio=0.000366211:score=0.999634:violation=0|sign:ratio=0.983762:score=0.504093:violation=0 right=radial:ratio=0.00037384:score=0.999626:violation=0|sign:ratio=1.01133:score=0.497183:violation=0.0113301
[MOS-Core] adaptive_guided_init=True alpha_feasible=0.000366 alpha_init=0.000366 scales=[0.0, 7.324218750000001e-05, 0.00014648437500000002, 0.00021972656249999998, 0.00029296875000000004, 0.0003662109375]
[MOS-Core] Generated 6 scale-based seeds: [0.0, 7.324218750000001e-05, 0.00014648437500000002, 0.00021972656249999998, 0.00029296875000000004, 0.0003662109375]
[MOS-Core] Historical seed injected at position 3
[MOS-Core] historical_raw_norm=0.573228
[MOS-Core] historical_direction_norm=1.000000
[MOS-Core] historical_seed_target_scale=967.609436
[MOS-Core] historical_seed_final_norm=967.609436
[MOS-Core] Generated 4 random candidates (noise_scale=0.1)
[MOS-Core] Initial population norms: min=0.0000, mean=583.7360, max=1773.8839
[MOS-Core] Budget ratios: min=0.0000, mean=0.3016, max=0.9166
[MOS-Core] Clipped ratio: 0.00%
[MOS-Core] Historical seed used: True

[MOS-Core] Starting NSGA-II evolution...
[MOS-Core] Generations: 100
[MOS-Core] Population size: 10
[MOS-Core] SBX eta: 15.0, crossover_prob: 0.9
[MOS-Core] Mutation scale: 0.05
[MOS-Core] Gen 1/100:
  Stealth: mean=0.869, best=1.000
  Destructiveness: mean=0.298, best=0.709
  CV: mean=0.9668, min=0.0000
  Feasibility: count=9, ratio=90.00%
  Max feasible destruct: 0.709
  Pareto front size: 7
  Budget ratio: mean=0.011, max=0.048
  Radial: mean_ratio=0.011, max_ratio=0.048, mean_score=0.989
  Sign: mean_ratio=2.515, max_ratio=20.336, mean_score=0.629
[MOS-Core] Gen 10/100:
  Stealth: mean=0.910, best=1.000
  Destructiveness: mean=0.342, best=0.721
  CV: mean=0.0000, min=0.0000
  Feasibility: count=10, ratio=100.00%
  Max feasible destruct: 0.721
  Pareto front size: 10
  Budget ratio: mean=0.015, max=0.068
  Radial: mean_ratio=0.015, max_ratio=0.068, mean_score=0.985
  Sign: mean_ratio=0.416, max_ratio=0.991, mean_score=0.759
[MOS-Core] Gen 20/100:
  Stealth: mean=0.898, best=1.000
  Destructiveness: mean=0.358, best=0.726
  CV: mean=0.0000, min=0.0000
  Feasibility: count=10, ratio=100.00%
  Max feasible destruct: 0.726
  Pareto front size: 10
  Budget ratio: mean=0.031, max=0.119
  Radial: mean_ratio=0.031, max_ratio=0.119, mean_score=0.972
  Sign: mean_ratio=0.441, max_ratio=1.000, mean_score=0.751
[MOS-Core] Gen 30/100:
  Stealth: mean=0.910, best=1.000
  Destructiveness: mean=0.315, best=0.731
  CV: mean=0.0000, min=0.0000
  Feasibility: count=10, ratio=100.00%
  Max feasible destruct: 0.731
  Pareto front size: 10
  Budget ratio: mean=0.024, max=0.095
  Radial: mean_ratio=0.024, max_ratio=0.095, mean_score=0.977
  Sign: mean_ratio=0.374, max_ratio=0.999, mean_score=0.776
[MOS-Core] Gen 40/100:
  Stealth: mean=0.895, best=1.000
  Destructiveness: mean=0.374, best=0.732
  CV: mean=0.0000, min=0.0000
  Feasibility: count=10, ratio=100.00%
  Max feasible destruct: 0.732
  Pareto front size: 10
  Budget ratio: mean=0.025, max=0.071
  Radial: mean_ratio=0.025, max_ratio=0.071, mean_score=0.976
  Sign: mean_ratio=0.449, max_ratio=0.988, mean_score=0.733
[MOS-Core] Gen 50/100:
  Stealth: mean=0.890, best=1.000
  Destructiveness: mean=0.362, best=0.745
  CV: mean=0.0000, min=0.0000
  Feasibility: count=10, ratio=100.00%
  Max feasible destruct: 0.745
  Pareto front size: 10
  Budget ratio: mean=0.035, max=0.125
  Radial: mean_ratio=0.035, max_ratio=0.125, mean_score=0.968
  Sign: mean_ratio=0.449, max_ratio=0.984, mean_score=0.735
[MOS-Core] Gen 60/100:
  Stealth: mean=0.879, best=1.000
  Destructiveness: mean=0.355, best=0.755
  CV: mean=0.0000, min=0.0000
  Feasibility: count=10, ratio=100.00%
  Max feasible destruct: 0.755
  Pareto front size: 10
  Budget ratio: mean=0.056, max=0.128
  Radial: mean_ratio=0.056, max_ratio=0.128, mean_score=0.949
  Sign: mean_ratio=0.442, max_ratio=0.984, mean_score=0.740
[MOS-Core] Gen 70/100:
  Stealth: mean=0.876, best=1.000
  Destructiveness: mean=0.359, best=0.769
  CV: mean=0.0000, min=0.0000
  Feasibility: count=10, ratio=100.00%
  Max feasible destruct: 0.769
  Pareto front size: 10
  Budget ratio: mean=0.059, max=0.127
  Radial: mean_ratio=0.059, max_ratio=0.127, mean_score=0.946
  Sign: mean_ratio=0.452, max_ratio=0.984, mean_score=0.735
[MOS-Core] Gen 80/100:
  Stealth: mean=0.884, best=1.000
  Destructiveness: mean=0.360, best=0.778
  CV: mean=0.0000, min=0.0000
  Feasibility: count=10, ratio=100.00%
  Max feasible destruct: 0.778
  Pareto front size: 10
  Budget ratio: mean=0.045, max=0.128
  Radial: mean_ratio=0.045, max_ratio=0.128, mean_score=0.958
  Sign: mean_ratio=0.450, max_ratio=0.995, mean_score=0.736
[MOS-Core] Gen 90/100:
  Stealth: mean=0.883, best=1.000
  Destructiveness: mean=0.363, best=0.786
  CV: mean=0.0000, min=0.0000
  Feasibility: count=10, ratio=100.00%
  Max feasible destruct: 0.786
  Pareto front size: 10
  Budget ratio: mean=0.044, max=0.131
  Radial: mean_ratio=0.044, max_ratio=0.131, mean_score=0.959
  Sign: mean_ratio=0.459, max_ratio=0.999, mean_score=0.731
[MOS-Core] Gen 100/100:
  Stealth: mean=0.882, best=1.000
  Destructiveness: mean=0.365, best=0.806
  CV: mean=0.0000, min=0.0000
  Feasibility: count=10, ratio=100.00%
  Max feasible destruct: 0.806
  Pareto front size: 10
  Budget ratio: mean=0.048, max=0.140
  Radial: mean_ratio=0.048, max_ratio=0.140, mean_score=0.956
  Sign: mean_ratio=0.455, max_ratio=0.999, mean_score=0.735

[MOS-Core] Selecting final solution...
[MOS-Core] Selection parameters:
  Lambda_s (stealth weight): 0.50
  Lambda_a (attack weight): 0.50
  Attack floor ratio: 0.0806

[MOS-Core] Feasibility summary:
  Feasible solutions: 10
  Feasible ratio: 100.00%
  Selection mode: feasible
  Min CV in front: 0.0000

[MOS-Core] Pareto front summary:
  Front size: 10
  Stealth range: [0.752, 1.000]
  Destructiveness range: [0.000, 0.806]
  CV range: [0.0000, 0.0000]
  Candidates after attack floor: 8

[MOS-Core] Selected solution (index=6):
[MOS-Core]   Constraint pass score (R): 0.857
[MOS-Core]   Destructiveness (A): 0.567
[MOS-Core]   Total CV: 0.0000
[MOS-Core]   Deviation norm: 0.5670
[MOS-Core]   Budget usage: 0.03%
[MOS-Core] selection_mode=balanced_knee
[MOS-Core] selected_budget_ratio=0.000293
[MOS-Core] selected_stealth=0.856774
[MOS-Core] selected_destructiveness=0.566956
[MOS-Core] selected_R=0.856774
[MOS-Core] selected_A=0.566956
[MOS-Core] selected_cv=0.000000
[MOS-Core] selected_CV=0.000000
[MOS-Core] selected_feasible=True
[MOS-Core] selected_guidance_alignment=1.000000
[MOS-Core] Per-constraint details:
[MOS-Core]   Radial: score=1.000, ratio=0.000, violation=0.000, loss=0.5670, threshold=1935.2189
[MOS-Core]   Sign: score=0.571, ratio=0.752, violation=0.000, loss=1.6575, threshold=2.2052

[MOS-Core] Generating 6 malicious updates...
[MOS-Core] Template noise scale: 0.0001
[MOS-Core] Output norms: min=0.5709, mean=0.5798, max=0.6016
[MOS-Core] Attack completed successfully
============================================================

attack:mos_attack
defend:multi_krum
[FiniteAudit] round=54 defense=multi_krum selected_count=3 selected_malicious_count=3 selected_updates_finite=True selected_indices=[1, 4, 2]
[FiniteAudit] round=54 global_pre_finite=True benign_updates_finite=True malicious_updates_finite=True attack_budget_output_finite=True aggregate_input_finite=True aggregate_output_finite=True global_post_finite=True first_bad_stage=none rejected=False rollback=False
t  54: train_loss = 0.938, test_acc = 55.870
attack numbers = 5
[FiniteAudit] round=55 checkpoint_promoted_after_benign=True
current iteration attack ratio: 0.2

============================================================
[MOS-Core] Starting MOS-Attack
============================================================
[MOS-Core] Total parameters: 11,183,582
[MOS-Core] Benign clients: 20
[MOS-Core] Malicious slots: 5
[MOS-Core] Benign mean norm: 2396.3794
[MOS-Core] Benign std (mean): 0.0014
[MOS-Core] ce_raw_norm=4512114802688.0
[MOS-Core] cw_raw_norm=4512114802688.0
[MOS-Core] ce_valid=True
[MOS-Core] cw_valid=True
[MOS-Core] ce_cw_cosine=0.9999998211860657
[MOS-Core] combined_pre_norm=0.9999999403953552
[MOS-Core] historical_direction_valid=True
[MOS-Core] historical_direction_norm=0.5669586658477783
[MOS-Core] guidance_history_cosine=0.9962336421012878
[MOS-Core] guidance_source=ce_cw_combined
[MOS-Core] guidance_fallback_used=False
[MOS-Core] final_guidance_norm=1.000000
[MOS-Core] Base radial threshold (q=0.95): 2114.2937
[MOS-Core] Attack budget ratio: 1.0
[MOS-Core] current_budget=2114.293701
[MOS-Core] current_budget_valid=True

[MOS-Core] Initializing constraints...
[MOS-Core] Enabled constraints: Radial, Sign
[MOS-Core] Radial weight: 1.0
[MOS-Core] Sign weight: 0.5, layer_reduce: quantile
[MOS-Core]   Radial threshold: 2114.2937
[MOS-Core]   Sign threshold: 2.3705

[MOS-Core] Initializing population (size=10)...
[MOS-Core] constraint_mode=strict
[MOS-Core] objective_mode=dual
[MOS-Core] alpha_feasible=0.000328 boundary_width=7.62939e-06 refinements=13
[MOS-Boundary] alpha_feasible=0.000328 alpha_infeasible=0.000336 limiting_constraint=sign left=radial:ratio=0.000328064:score=0.999672:violation=0|sign:ratio=0.99811:score=0.500473:violation=0 right=radial:ratio=0.000335693:score=0.999664:violation=0|sign:ratio=1.02722:score=0.493286:violation=0.0272211
[MOS-Core] adaptive_guided_init=True alpha_feasible=0.000328 alpha_init=0.000328 scales=[0.0, 6.561279296875e-05, 0.0001312255859375, 0.00019683837890625, 0.000262451171875, 0.00032806396484375]
[MOS-Core] Generated 6 scale-based seeds: [0.0, 6.561279296875e-05, 0.0001312255859375, 0.00019683837890625, 0.000262451171875, 0.00032806396484375]
[MOS-Core] Historical seed injected at position 3
[MOS-Core] historical_raw_norm=0.566959
[MOS-Core] historical_direction_norm=1.000000
[MOS-Core] historical_seed_target_scale=1057.146851
[MOS-Core] historical_seed_final_norm=1057.146851
[MOS-Core] Generated 4 random candidates (noise_scale=0.1)
[MOS-Core] Initial population norms: min=0.0000, mean=566.8942, max=1765.8966
[MOS-Core] Budget ratios: min=0.0000, mean=0.2681, max=0.8352
[MOS-Core] Clipped ratio: 0.00%
[MOS-Core] Historical seed used: True

[MOS-Core] Starting NSGA-II evolution...
[MOS-Core] Generations: 100
[MOS-Core] Population size: 10
[MOS-Core] SBX eta: 15.0, crossover_prob: 0.9
[MOS-Core] Mutation scale: 0.05
[MOS-Core] Gen 1/100:
  Stealth: mean=0.913, best=1.000
  Destructiveness: mean=0.333, best=0.695
  CV: mean=0.0000, min=0.0000
  Feasibility: count=10, ratio=100.00%
  Max feasible destruct: 0.695
  Pareto front size: 7
  Budget ratio: mean=0.010, max=0.029
  Radial: mean_ratio=0.010, max_ratio=0.029, mean_score=0.990
  Sign: mean_ratio=0.418, max_ratio=0.998, mean_score=0.758
[MOS-Core] Gen 10/100:
  Stealth: mean=0.906, best=1.000
  Destructiveness: mean=0.335, best=0.700
  CV: mean=0.0000, min=0.0000
  Feasibility: count=10, ratio=100.00%
  Max feasible destruct: 0.700
  Pareto front size: 10
  Budget ratio: mean=0.021, max=0.090
  Radial: mean_ratio=0.021, max_ratio=0.090, mean_score=0.980
  Sign: mean_ratio=0.420, max_ratio=0.998, mean_score=0.756
[MOS-Core] Gen 20/100:
  Stealth: mean=0.905, best=1.000
  Destructiveness: mean=0.349, best=0.709
  CV: mean=0.0000, min=0.0000
  Feasibility: count=10, ratio=100.00%
  Max feasible destruct: 0.709
  Pareto front size: 10
  Budget ratio: mean=0.020, max=0.076
  Radial: mean_ratio=0.020, max_ratio=0.076, mean_score=0.981
  Sign: mean_ratio=0.423, max_ratio=0.998, mean_score=0.754
[MOS-Core] Gen 30/100:
  Stealth: mean=0.914, best=1.000
  Destructiveness: mean=0.296, best=0.717
  CV: mean=0.0000, min=0.0000
  Feasibility: count=10, ratio=100.00%
  Max feasible destruct: 0.717
  Pareto front size: 10
  Budget ratio: mean=0.026, max=0.071
  Radial: mean_ratio=0.026, max_ratio=0.071, mean_score=0.975
  Sign: mean_ratio=0.353, max_ratio=0.998, mean_score=0.792
[MOS-Core] Gen 40/100:
  Stealth: mean=0.906, best=1.000
  Destructiveness: mean=0.338, best=0.721
  CV: mean=0.0000, min=0.0000
  Feasibility: count=10, ratio=100.00%
  Max feasible destruct: 0.721
  Pareto front size: 10
  Budget ratio: mean=0.020, max=0.079
  Radial: mean_ratio=0.020, max_ratio=0.079, mean_score=0.981
  Sign: mean_ratio=0.420, max_ratio=0.998, mean_score=0.755
[MOS-Core] Gen 50/100:
  Stealth: mean=0.888, best=1.000
  Destructiveness: mean=0.409, best=0.729
  CV: mean=0.0000, min=0.0000
  Feasibility: count=10, ratio=100.00%
  Max feasible destruct: 0.729
  Pareto front size: 10
  Budget ratio: mean=0.020, max=0.062
  Radial: mean_ratio=0.020, max_ratio=0.062, mean_score=0.980
  Sign: mean_ratio=0.524, max_ratio=0.998, mean_score=0.704
[MOS-Core] Gen 60/100:
  Stealth: mean=0.897, best=1.000
  Destructiveness: mean=0.344, best=0.736
  CV: mean=0.0000, min=0.0000
  Feasibility: count=10, ratio=100.00%
  Max feasible destruct: 0.736
  Pareto front size: 10
  Budget ratio: mean=0.033, max=0.093
  Radial: mean_ratio=0.033, max_ratio=0.093, mean_score=0.969
  Sign: mean_ratio=0.429, max_ratio=0.986, mean_score=0.751
[MOS-Core] Gen 70/100:
  Stealth: mean=0.898, best=1.000
  Destructiveness: mean=0.347, best=0.749
  CV: mean=0.0000, min=0.0000
  Feasibility: count=10, ratio=100.00%
  Max feasible destruct: 0.749
  Pareto front size: 10
  Budget ratio: mean=0.033, max=0.084
  Radial: mean_ratio=0.033, max_ratio=0.084, mean_score=0.969
  Sign: mean_ratio=0.422, max_ratio=0.991, mean_score=0.755
[MOS-Core] Gen 80/100:
  Stealth: mean=0.885, best=1.000
  Destructiveness: mean=0.378, best=0.755
  CV: mean=0.0000, min=0.0000
  Feasibility: count=10, ratio=100.00%
  Max feasible destruct: 0.755
  Pareto front size: 10
  Budget ratio: mean=0.039, max=0.091
  Radial: mean_ratio=0.039, max_ratio=0.091, mean_score=0.963
  Sign: mean_ratio=0.460, max_ratio=0.975, mean_score=0.728
[MOS-Core] Gen 90/100:
  Stealth: mean=0.895, best=1.000
  Destructiveness: mean=0.351, best=0.765
  CV: mean=0.0000, min=0.0000
  Feasibility: count=10, ratio=100.00%
  Max feasible destruct: 0.765
  Pareto front size: 10
  Budget ratio: mean=0.035, max=0.104
  Radial: mean_ratio=0.035, max_ratio=0.104, mean_score=0.968
  Sign: mean_ratio=0.435, max_ratio=0.956, mean_score=0.749
[MOS-Core] Gen 100/100:
  Stealth: mean=0.888, best=1.000
  Destructiveness: mean=0.351, best=0.778
  CV: mean=0.0000, min=0.0000
  Feasibility: count=10, ratio=100.00%
  Max feasible destruct: 0.778
  Pareto front size: 10
  Budget ratio: mean=0.047, max=0.197
  Radial: mean_ratio=0.047, max_ratio=0.197, mean_score=0.957
  Sign: mean_ratio=0.429, max_ratio=0.992, mean_score=0.748

[MOS-Core] Selecting final solution...
[MOS-Core] Selection parameters:
  Lambda_s (stealth weight): 0.50
  Lambda_a (attack weight): 0.50
  Attack floor ratio: 0.0778

[MOS-Core] Feasibility summary:
  Feasible solutions: 10
  Feasible ratio: 100.00%
  Selection mode: feasible
  Min CV in front: 0.0000

[MOS-Core] Pareto front summary:
  Front size: 10
  Stealth range: [0.724, 1.000]
  Destructiveness range: [0.000, 0.778]
  CV range: [0.0000, 0.0000]
  Candidates after attack floor: 8

[MOS-Core] Selected solution (index=5):
[MOS-Core]   Constraint pass score (R): 0.857
[MOS-Core]   Destructiveness (A): 0.555
[MOS-Core]   Total CV: 0.0000
[MOS-Core]   Deviation norm: 0.5549
[MOS-Core]   Budget usage: 0.03%
[MOS-Core] selection_mode=balanced_knee
[MOS-Core] selected_budget_ratio=0.000262
[MOS-Core] selected_stealth=0.857079
[MOS-Core] selected_destructiveness=0.554897
[MOS-Core] selected_R=0.857079
[MOS-Core] selected_A=0.554897
[MOS-Core] selected_cv=0.000000
[MOS-Core] selected_CV=0.000000
[MOS-Core] selected_feasible=True
[MOS-Core] selected_guidance_alignment=1.000000
[MOS-Core] Per-constraint details:
[MOS-Core]   Radial: score=1.000, ratio=0.000, violation=0.000, loss=0.5549, threshold=2114.2937
[MOS-Core]   Sign: score=0.572, ratio=0.749, violation=0.000, loss=1.7754, threshold=2.3705

[MOS-Core] Generating 5 malicious updates...
[MOS-Core] Template noise scale: 0.0001
[MOS-Core] Output norms: min=0.5557, mean=0.5619, max=0.5729
[MOS-Core] Attack completed successfully
============================================================

attack:mos_attack
defend:multi_krum
[FiniteAudit] round=55 defense=multi_krum selected_count=3 selected_malicious_count=3 selected_updates_finite=True selected_indices=[1, 0, 3]
[FiniteAudit] round=55 global_pre_finite=True benign_updates_finite=True malicious_updates_finite=True attack_budget_output_finite=True aggregate_input_finite=True aggregate_output_finite=True global_post_finite=True first_bad_stage=none rejected=False rollback=False
t  55: train_loss = 0.915, test_acc = 48.380
attack numbers = 3
[FiniteAudit] round=56 checkpoint_promoted_after_benign=True
current iteration attack ratio: 0.12

============================================================
[MOS-Core] Starting MOS-Attack
============================================================
[MOS-Core] Total parameters: 11,183,582
[MOS-Core] Benign clients: 22
[MOS-Core] Malicious slots: 3
[MOS-Core] Benign mean norm: 1880.7103
[MOS-Core] Benign std (mean): 0.0016
[MOS-Core] ce_raw_norm=6432971292672.0
[MOS-Core] cw_raw_norm=6432971292672.0
[MOS-Core] ce_valid=True
[MOS-Core] cw_valid=True
[MOS-Core] ce_cw_cosine=1.0000001192092896
[MOS-Core] combined_pre_norm=1.0
[MOS-Core] historical_direction_valid=True
[MOS-Core] historical_direction_norm=0.5548988580703735
[MOS-Core] guidance_history_cosine=0.9954833984375
[MOS-Core] guidance_source=ce_cw_combined
[MOS-Core] guidance_fallback_used=False
[MOS-Core] final_guidance_norm=1.000000
[MOS-Core] Base radial threshold (q=0.95): 1933.0486
[MOS-Core] Attack budget ratio: 1.0
[MOS-Core] current_budget=1933.048584
[MOS-Core] current_budget_valid=True

[MOS-Core] Initializing constraints...
[MOS-Core] Enabled constraints: Radial, Sign
[MOS-Core] Radial weight: 1.0
[MOS-Core] Sign weight: 0.5, layer_reduce: quantile
[MOS-Core]   Radial threshold: 1933.0486
[MOS-Core]   Sign threshold: 2.5543

[MOS-Core] Initializing population (size=10)...
[MOS-Core] constraint_mode=strict
[MOS-Core] objective_mode=dual
[MOS-Core] alpha_feasible=0.000450 boundary_width=7.62939e-06 refinements=13
[MOS-Boundary] alpha_feasible=0.000450 alpha_infeasible=0.000458 limiting_constraint=sign left=radial:ratio=0.000450134:score=0.99955:violation=0|sign:ratio=0.989411:score=0.502661:violation=0 right=radial:ratio=0.000457764:score=0.999542:violation=0|sign:ratio=1.01135:score=0.497179:violation=0.0113487
[MOS-Core] adaptive_guided_init=True alpha_feasible=0.000450 alpha_init=0.000450 scales=[0.0, 9.002685546875e-05, 0.0001800537109375, 0.00027008056640625, 0.000360107421875, 0.00045013427734375]
[MOS-Core] Generated 6 scale-based seeds: [0.0, 9.002685546875e-05, 0.0001800537109375, 0.00027008056640625, 0.000360107421875, 0.00045013427734375]
[MOS-Core] Historical seed injected at position 3
[MOS-Core] historical_raw_norm=0.554899
[MOS-Core] historical_direction_norm=1.000000
[MOS-Core] historical_seed_target_scale=966.524292
[MOS-Core] historical_seed_final_norm=966.524353
[MOS-Core] Generated 4 random candidates (noise_scale=0.1)
[MOS-Core] Initial population norms: min=0.0000, mean=575.0180, max=1756.3641
[MOS-Core] Budget ratios: min=0.0000, mean=0.2975, max=0.9086
[MOS-Core] Clipped ratio: 0.00%
[MOS-Core] Historical seed used: True

[MOS-Core] Starting NSGA-II evolution...
[MOS-Core] Generations: 100
[MOS-Core] Population size: 10
[MOS-Core] SBX eta: 15.0, crossover_prob: 0.9
[MOS-Core] Mutation scale: 0.05
[MOS-Core] Gen 1/100:
  Stealth: mean=0.902, best=1.000
  Destructiveness: mean=0.200, best=0.870
  CV: mean=0.4806, min=0.0000
  Feasibility: count=9, ratio=90.00%
  Max feasible destruct: 0.870
  Pareto front size: 7
  Budget ratio: mean=0.009, max=0.023
  Radial: mean_ratio=0.009, max_ratio=0.023, mean_score=0.991
  Sign: mean_ratio=1.367, max_ratio=10.612, mean_score=0.723
[MOS-Core] Gen 10/100:
  Stealth: mean=0.907, best=1.000
  Destructiveness: mean=0.421, best=0.880
  CV: mean=0.0000, min=0.0000
  Feasibility: count=10, ratio=100.00%
  Max feasible destruct: 0.880
  Pareto front size: 10
  Budget ratio: mean=0.019, max=0.074
  Radial: mean_ratio=0.019, max_ratio=0.074, mean_score=0.982
  Sign: mean_ratio=0.418, max_ratio=0.995, mean_score=0.759
[MOS-Core] Gen 20/100:
  Stealth: mean=0.913, best=1.000
  Destructiveness: mean=0.371, best=0.893
  CV: mean=0.0000, min=0.0000
  Feasibility: count=10, ratio=100.00%
  Max feasible destruct: 0.893
  Pareto front size: 10
  Budget ratio: mean=0.025, max=0.077
  Radial: mean_ratio=0.025, max_ratio=0.077, mean_score=0.976
  Sign: mean_ratio=0.345, max_ratio=0.945, mean_score=0.786
[MOS-Core] Gen 30/100:
  Stealth: mean=0.908, best=1.000
  Destructiveness: mean=0.357, best=0.915
  CV: mean=0.0000, min=0.0000
  Feasibility: count=10, ratio=100.00%
  Max feasible destruct: 0.915
  Pareto front size: 10
  Budget ratio: mean=0.033, max=0.072
  Radial: mean_ratio=0.033, max_ratio=0.072, mean_score=0.969
  Sign: mean_ratio=0.346, max_ratio=0.952, mean_score=0.786
[MOS-Core] Gen 40/100:
  Stealth: mean=0.893, best=1.000
  Destructiveness: mean=0.434, best=0.931
  CV: mean=0.0000, min=0.0000
  Feasibility: count=10, ratio=100.00%
  Max feasible destruct: 0.931
  Pareto front size: 10
  Budget ratio: mean=0.035, max=0.067
  Radial: mean_ratio=0.035, max_ratio=0.067, mean_score=0.967
  Sign: mean_ratio=0.429, max_ratio=0.957, mean_score=0.746
[MOS-Core] Gen 50/100:
  Stealth: mean=0.887, best=1.000
  Destructiveness: mean=0.438, best=0.958
  CV: mean=0.0000, min=0.0000
  Feasibility: count=10, ratio=100.00%
  Max feasible destruct: 0.958
  Pareto front size: 10
  Budget ratio: mean=0.039, max=0.080
  Radial: mean_ratio=0.039, max_ratio=0.080, mean_score=0.963
  Sign: mean_ratio=0.443, max_ratio=0.963, mean_score=0.735
[MOS-Core] Gen 60/100:
  Stealth: mean=0.871, best=1.000
  Destructiveness: mean=0.517, best=0.983
  CV: mean=0.0000, min=0.0000
  Feasibility: count=10, ratio=100.00%
  Max feasible destruct: 0.983
  Pareto front size: 10
  Budget ratio: mean=0.044, max=0.082
  Radial: mean_ratio=0.044, max_ratio=0.082, mean_score=0.958
  Sign: mean_ratio=0.520, max_ratio=0.975, mean_score=0.697
[MOS-Core] Gen 70/100:
  Stealth: mean=0.868, best=1.000
  Destructiveness: mean=0.518, best=1.003
  CV: mean=0.0000, min=0.0000
  Feasibility: count=10, ratio=100.00%
  Max feasible destruct: 1.003
  Pareto front size: 10
  Budget ratio: mean=0.050, max=0.168
  Radial: mean_ratio=0.050, max_ratio=0.168, mean_score=0.955
  Sign: mean_ratio=0.523, max_ratio=0.994, mean_score=0.695
[MOS-Core] Gen 80/100:
  Stealth: mean=0.867, best=1.000
  Destructiveness: mean=0.548, best=1.020
  CV: mean=0.0000, min=0.0000
  Feasibility: count=10, ratio=100.00%
  Max feasible destruct: 1.020
  Pareto front size: 10
  Budget ratio: mean=0.051, max=0.167
  Radial: mean_ratio=0.051, max_ratio=0.167, mean_score=0.954
  Sign: mean_ratio=0.536, max_ratio=0.986, mean_score=0.693
[MOS-Core] Gen 90/100:
  Stealth: mean=0.889, best=1.000
  Destructiveness: mean=0.452, best=1.036
  CV: mean=0.0000, min=0.0000
  Feasibility: count=10, ratio=100.00%
  Max feasible destruct: 1.036
  Pareto front size: 10
  Budget ratio: mean=0.039, max=0.121
  Radial: mean_ratio=0.039, max_ratio=0.121, mean_score=0.963
  Sign: mean_ratio=0.446, max_ratio=0.991, mean_score=0.739
[MOS-Core] Gen 100/100:
  Stealth: mean=0.886, best=1.000
  Destructiveness: mean=0.457, best=1.054
  CV: mean=0.0000, min=0.0000
  Feasibility: count=10, ratio=100.00%
  Max feasible destruct: 1.054
  Pareto front size: 10
  Budget ratio: mean=0.040, max=0.130
  Radial: mean_ratio=0.040, max_ratio=0.130, mean_score=0.962
  Sign: mean_ratio=0.455, max_ratio=0.997, mean_score=0.734

[MOS-Core] Selecting final solution...
[MOS-Core] Selection parameters:
  Lambda_s (stealth weight): 0.50
  Lambda_a (attack weight): 0.50
  Attack floor ratio: 0.1054

[MOS-Core] Feasibility summary:
  Feasible solutions: 10
  Feasible ratio: 100.00%
  Selection mode: feasible
  Min CV in front: 0.0000

[MOS-Core] Pareto front summary:
  Front size: 10
  Stealth range: [0.757, 1.000]
  Destructiveness range: [0.000, 1.054]
  CV range: [0.0000, 0.0000]
  Candidates after attack floor: 7

[MOS-Core] Selected solution (index=3):
[MOS-Core]   Constraint pass score (R): 0.859
[MOS-Core]   Destructiveness (A): 0.696
[MOS-Core]   Total CV: 0.0000
[MOS-Core]   Deviation norm: 0.6961
[MOS-Core]   Budget usage: 0.04%
[MOS-Core] selection_mode=balanced_knee
[MOS-Core] selected_budget_ratio=0.000360
[MOS-Core] selected_stealth=0.859022
[MOS-Core] selected_destructiveness=0.696102
[MOS-Core] selected_R=0.859022
[MOS-Core] selected_A=0.696102
[MOS-Core] selected_cv=0.000000
[MOS-Core] selected_CV=0.000000
[MOS-Core] selected_feasible=True
[MOS-Core] selected_guidance_alignment=1.000000
[MOS-Core] Per-constraint details:
[MOS-Core]   Radial: score=1.000, ratio=0.000, violation=0.000, loss=0.6961, threshold=1933.0486
[MOS-Core]   Sign: score=0.578, ratio=0.731, violation=0.000, loss=1.8666, threshold=2.5543

[MOS-Core] Generating 3 malicious updates...
[MOS-Core] Template noise scale: 0.0001
[MOS-Core] Output norms: min=0.7015, mean=0.7149, max=0.7304
[MOS-Core] Attack completed successfully
============================================================

attack:mos_attack
defend:multi_krum
[FiniteAudit] round=56 defense=multi_krum selected_count=3 selected_malicious_count=0 selected_updates_finite=True selected_indices=[21, 12, 18]
[FiniteAudit] round=56 global_pre_finite=True benign_updates_finite=True malicious_updates_finite=True attack_budget_output_finite=True aggregate_input_finite=True aggregate_output_finite=True global_post_finite=True first_bad_stage=none rejected=False rollback=False
t  56: train_loss = 0.930, test_acc = 63.820
attack numbers = 5
[FiniteAudit] round=57 checkpoint_promoted_after_benign=True
current iteration attack ratio: 0.2

============================================================
[MOS-Core] Starting MOS-Attack
============================================================
[MOS-Core] Total parameters: 11,183,582
[MOS-Core] Benign clients: 20
[MOS-Core] Malicious slots: 5
[MOS-Core] Benign mean norm: 1303.3312
[MOS-Core] Benign std (mean): 0.0014
[MOS-Core] ce_raw_norm=5292732973056.0
[MOS-Core] cw_raw_norm=5292732973056.0
[MOS-Core] ce_valid=True
[MOS-Core] cw_valid=True
[MOS-Core] ce_cw_cosine=0.9999998807907104
[MOS-Core] combined_pre_norm=0.9999999403953552
[MOS-Core] historical_direction_valid=True
[MOS-Core] historical_direction_norm=0.6961051821708679
[MOS-Core] guidance_history_cosine=0.994219958782196
[MOS-Core] guidance_source=ce_cw_combined
[MOS-Core] guidance_fallback_used=False
[MOS-Core] final_guidance_norm=1.000000
[MOS-Core] Base radial threshold (q=0.95): 1397.0697
[MOS-Core] Attack budget ratio: 1.0
[MOS-Core] current_budget=1397.069702
[MOS-Core] current_budget_valid=True

[MOS-Core] Initializing constraints...
[MOS-Core] Enabled constraints: Radial, Sign
[MOS-Core] Radial weight: 1.0
[MOS-Core] Sign weight: 0.5, layer_reduce: quantile
[MOS-Core]   Radial threshold: 1397.0697
[MOS-Core]   Sign threshold: 1.5518

[MOS-Core] Initializing population (size=10)...
[MOS-Core] constraint_mode=strict
[MOS-Core] objective_mode=dual
[MOS-Core] alpha_feasible=0.000374 boundary_width=7.62939e-06 refinements=13
[MOS-Boundary] alpha_feasible=0.000374 alpha_infeasible=0.000381 limiting_constraint=sign left=radial:ratio=0.00037384:score=0.999626:violation=0|sign:ratio=0.986594:score=0.503374:violation=0 right=radial:ratio=0.00038147:score=0.999619:violation=0|sign:ratio=1.01228:score=0.496948:violation=0.0122836
[MOS-Core] adaptive_guided_init=True alpha_feasible=0.000374 alpha_init=0.000374 scales=[0.0, 7.476806640625e-05, 0.0001495361328125, 0.00022430419921875, 0.000299072265625, 0.00037384033203125]
[MOS-Core] Generated 6 scale-based seeds: [0.0, 7.476806640625e-05, 0.0001495361328125, 0.00022430419921875, 0.000299072265625, 0.00037384033203125]
[MOS-Core] Historical seed injected at position 3
[MOS-Core] historical_raw_norm=0.696105
[MOS-Core] historical_direction_norm=1.000000
[MOS-Core] historical_seed_target_scale=698.534851
[MOS-Core] historical_seed_final_norm=698.534912
[MOS-Core] Generated 4 random candidates (noise_scale=0.1)
[MOS-Core] Initial population norms: min=0.0000, mean=352.7818, max=969.8812
[MOS-Core] Budget ratios: min=0.0000, mean=0.2525, max=0.6942
[MOS-Core] Clipped ratio: 0.00%
[MOS-Core] Historical seed used: True

[MOS-Core] Starting NSGA-II evolution...
[MOS-Core] Generations: 100
[MOS-Core] Population size: 10
[MOS-Core] SBX eta: 15.0, crossover_prob: 0.9
[MOS-Core] Mutation scale: 0.05
[MOS-Core] Gen 1/100:
  Stealth: mean=0.911, best=1.000
  Destructiveness: mean=0.261, best=0.522
  CV: mean=0.0000, min=0.0000
  Feasibility: count=10, ratio=100.00%
  Max feasible destruct: 0.522
  Pareto front size: 7
  Budget ratio: mean=0.013, max=0.045
  Radial: mean_ratio=0.013, max_ratio=0.045, mean_score=0.987
  Sign: mean_ratio=0.432, max_ratio=0.999, mean_score=0.757
[MOS-Core] Gen 10/100:
  Stealth: mean=0.908, best=1.000
  Destructiveness: mean=0.253, best=0.537
  CV: mean=0.0000, min=0.0000
  Feasibility: count=10, ratio=100.00%
  Max feasible destruct: 0.537
  Pareto front size: 10
  Budget ratio: mean=0.020, max=0.064
  Radial: mean_ratio=0.020, max_ratio=0.064, mean_score=0.981
  Sign: mean_ratio=0.410, max_ratio=0.987, mean_score=0.761
[MOS-Core] Gen 20/100:
  Stealth: mean=0.895, best=1.000
  Destructiveness: mean=0.267, best=0.546
  CV: mean=0.0000, min=0.0000
  Feasibility: count=10, ratio=100.00%
  Max feasible destruct: 0.546
  Pareto front size: 10
  Budget ratio: mean=0.031, max=0.085
  Radial: mean_ratio=0.031, max_ratio=0.085, mean_score=0.971
  Sign: mean_ratio=0.431, max_ratio=0.978, mean_score=0.745
[MOS-Core] Gen 30/100:
  Stealth: mean=0.896, best=1.000
  Destructiveness: mean=0.258, best=0.550
  CV: mean=0.0000, min=0.0000
  Feasibility: count=10, ratio=100.00%
  Max feasible destruct: 0.550
  Pareto front size: 10
  Budget ratio: mean=0.035, max=0.077
  Radial: mean_ratio=0.035, max_ratio=0.077, mean_score=0.967
  Sign: mean_ratio=0.419, max_ratio=0.977, mean_score=0.753
[MOS-Core] Gen 40/100:
  Stealth: mean=0.891, best=1.000
  Destructiveness: mean=0.259, best=0.555
  CV: mean=0.0000, min=0.0000
  Feasibility: count=10, ratio=100.00%
  Max feasible destruct: 0.555
  Pareto front size: 10
  Budget ratio: mean=0.041, max=0.092
  Radial: mean_ratio=0.041, max_ratio=0.092, mean_score=0.962
  Sign: mean_ratio=0.423, max_ratio=0.980, mean_score=0.751
[MOS-Core] Gen 50/100:
  Stealth: mean=0.892, best=1.000
  Destructiveness: mean=0.261, best=0.574
  CV: mean=0.0000, min=0.0000
  Feasibility: count=10, ratio=100.00%
  Max feasible destruct: 0.574
  Pareto front size: 10
  Budget ratio: mean=0.041, max=0.156
  Radial: mean_ratio=0.041, max_ratio=0.156, mean_score=0.962
  Sign: mean_ratio=0.423, max_ratio=0.960, mean_score=0.752
[MOS-Core] Gen 60/100:
  Stealth: mean=0.889, best=1.000
  Destructiveness: mean=0.251, best=0.581
  CV: mean=0.0000, min=0.0000
  Feasibility: count=10, ratio=100.00%
  Max feasible destruct: 0.581
  Pareto front size: 10
  Budget ratio: mean=0.047, max=0.120
  Radial: mean_ratio=0.047, max_ratio=0.120, mean_score=0.956
  Sign: mean_ratio=0.409, max_ratio=0.989, mean_score=0.755
[MOS-Core] Gen 70/100:
  Stealth: mean=0.883, best=1.000
  Destructiveness: mean=0.266, best=0.585
  CV: mean=0.0000, min=0.0000
  Feasibility: count=10, ratio=100.00%
  Max feasible destruct: 0.585
  Pareto front size: 10
  Budget ratio: mean=0.056, max=0.134
  Radial: mean_ratio=0.056, max_ratio=0.134, mean_score=0.949
  Sign: mean_ratio=0.432, max_ratio=0.999, mean_score=0.751
[MOS-Core] Gen 80/100:
  Stealth: mean=0.881, best=1.000
  Destructiveness: mean=0.267, best=0.588
  CV: mean=0.0000, min=0.0000
  Feasibility: count=10, ratio=100.00%
  Max feasible destruct: 0.588
  Pareto front size: 10
  Budget ratio: mean=0.050, max=0.104
  Radial: mean_ratio=0.050, max_ratio=0.104, mean_score=0.953
  Sign: mean_ratio=0.454, max_ratio=0.996, mean_score=0.736
[MOS-Core] Gen 90/100:
  Stealth: mean=0.880, best=1.000
  Destructiveness: mean=0.270, best=0.596
  CV: mean=0.0000, min=0.0000
  Feasibility: count=10, ratio=100.00%
  Max feasible destruct: 0.596
  Pareto front size: 10
  Budget ratio: mean=0.053, max=0.139
  Radial: mean_ratio=0.053, max_ratio=0.139, mean_score=0.951
  Sign: mean_ratio=0.455, max_ratio=0.993, mean_score=0.738
[MOS-Core] Gen 100/100:
  Stealth: mean=0.882, best=1.000
  Destructiveness: mean=0.271, best=0.598
  CV: mean=0.0000, min=0.0000
  Feasibility: count=10, ratio=100.00%
  Max feasible destruct: 0.598
  Pareto front size: 10
  Budget ratio: mean=0.052, max=0.174
  Radial: mean_ratio=0.052, max_ratio=0.174, mean_score=0.952
  Sign: mean_ratio=0.447, max_ratio=0.998, mean_score=0.740

[MOS-Core] Selecting final solution...
[MOS-Core] Selection parameters:
  Lambda_s (stealth weight): 0.50
  Lambda_a (attack weight): 0.50
  Attack floor ratio: 0.0598

[MOS-Core] Feasibility summary:
  Feasible solutions: 10
  Feasible ratio: 100.00%
  Selection mode: feasible
  Min CV in front: 0.0000

[MOS-Core] Pareto front summary:
  Front size: 10
  Stealth range: [0.735, 1.000]
  Destructiveness range: [0.000, 0.598]
  CV range: [0.0000, 0.0000]
  Candidates after attack floor: 8

[MOS-Core] Selected solution (index=4):
[MOS-Core]   Constraint pass score (R): 0.859
[MOS-Core]   Destructiveness (A): 0.418
[MOS-Core]   Total CV: 0.0000
[MOS-Core]   Deviation norm: 0.4178
[MOS-Core]   Budget usage: 0.03%
[MOS-Core] selection_mode=balanced_knee
[MOS-Core] selected_budget_ratio=0.000299
[MOS-Core] selected_stealth=0.858571
[MOS-Core] selected_destructiveness=0.417823
[MOS-Core] selected_R=0.858571
[MOS-Core] selected_A=0.417823
[MOS-Core] selected_cv=0.000000
[MOS-Core] selected_CV=0.000000
[MOS-Core] selected_feasible=True
[MOS-Core] selected_guidance_alignment=1.000000
[MOS-Core] Per-constraint details:
[MOS-Core]   Radial: score=1.000, ratio=0.000, violation=0.000, loss=0.4178, threshold=1397.0697
[MOS-Core]   Sign: score=0.576, ratio=0.735, violation=0.000, loss=1.1409, threshold=1.5518

[MOS-Core] Generating 5 malicious updates...
[MOS-Core] Template noise scale: 0.0001
[MOS-Core] Output norms: min=0.4205, mean=0.4267, max=0.4383
[MOS-Core] Attack completed successfully
============================================================

attack:mos_attack
defend:multi_krum
[FiniteAudit] round=57 defense=multi_krum selected_count=3 selected_malicious_count=3 selected_updates_finite=True selected_indices=[4, 0, 2]
[FiniteAudit] round=57 global_pre_finite=True benign_updates_finite=True malicious_updates_finite=True attack_budget_output_finite=True aggregate_input_finite=True aggregate_output_finite=True global_post_finite=True first_bad_stage=none rejected=False rollback=False
t  57: train_loss = 0.942, test_acc = 58.010
attack numbers = 6
[FiniteAudit] round=58 checkpoint_promoted_after_benign=True
current iteration attack ratio: 0.24

============================================================
[MOS-Core] Starting MOS-Attack
============================================================
[MOS-Core] Total parameters: 11,183,582
[MOS-Core] Benign clients: 19
[MOS-Core] Malicious slots: 6
[MOS-Core] Benign mean norm: 1551.8883
[MOS-Core] Benign std (mean): 0.0015
[MOS-Core] ce_raw_norm=8599093903360.0
[MOS-Core] cw_raw_norm=8599093903360.0
[MOS-Core] ce_valid=True
[MOS-Core] cw_valid=True
[MOS-Core] ce_cw_cosine=0.9999999403953552
[MOS-Core] combined_pre_norm=1.0
[MOS-Core] historical_direction_valid=True
[MOS-Core] historical_direction_norm=0.4178248345851898
[MOS-Core] guidance_history_cosine=0.9934226274490356
[MOS-Core] guidance_source=ce_cw_combined
[MOS-Core] guidance_fallback_used=False
[MOS-Core] final_guidance_norm=1.000000
[MOS-Core] Base radial threshold (q=0.95): 2274.8013
[MOS-Core] Attack budget ratio: 1.0
[MOS-Core] current_budget=2274.801270
[MOS-Core] current_budget_valid=True

[MOS-Core] Initializing constraints...
[MOS-Core] Enabled constraints: Radial, Sign
[MOS-Core] Radial weight: 1.0
[MOS-Core] Sign weight: 0.5, layer_reduce: quantile
[MOS-Core]   Radial threshold: 2274.8013
[MOS-Core]   Sign threshold: 2.1426

[MOS-Core] Initializing population (size=10)...
[MOS-Core] constraint_mode=strict
[MOS-Core] objective_mode=dual
[MOS-Core] alpha_feasible=0.000237 boundary_width=7.62939e-06 refinements=13
[MOS-Boundary] alpha_feasible=0.000237 alpha_infeasible=0.000244 limiting_constraint=sign left=radial:ratio=0.000236511:score=0.999764:violation=0|sign:ratio=0.983279:score=0.504215:violation=0 right=radial:ratio=0.000244141:score=0.999756:violation=0|sign:ratio=1.02446:score=0.49396:violation=0.0244575
[MOS-Core] adaptive_guided_init=True alpha_feasible=0.000237 alpha_init=0.000237 scales=[0.0, 4.730224609375e-05, 9.46044921875e-05, 0.00014190673828124998, 0.000189208984375, 0.00023651123046875]
[MOS-Core] Generated 6 scale-based seeds: [0.0, 4.730224609375e-05, 9.46044921875e-05, 0.00014190673828124998, 0.000189208984375, 0.00023651123046875]
[MOS-Core] Historical seed injected at position 3
[MOS-Core] historical_raw_norm=0.417825
[MOS-Core] historical_direction_norm=1.000000
[MOS-Core] historical_seed_target_scale=1137.400635
[MOS-Core] historical_seed_final_norm=1137.400635
[MOS-Core] Generated 4 random candidates (noise_scale=0.1)
[MOS-Core] Initial population norms: min=0.0000, mean=446.8769, max=1137.4006
[MOS-Core] Budget ratios: min=0.0000, mean=0.1964, max=0.5000
[MOS-Core] Clipped ratio: 0.00%
[MOS-Core] Historical seed used: True

[MOS-Core] Starting NSGA-II evolution...
[MOS-Core] Generations: 100
[MOS-Core] Population size: 10
[MOS-Core] SBX eta: 15.0, crossover_prob: 0.9
[MOS-Core] Mutation scale: 0.05
[MOS-Core] Gen 1/100:
  Stealth: mean=0.897, best=1.000
  Destructiveness: mean=0.158, best=0.538
  CV: mean=1.1393, min=0.0000
  Feasibility: count=9, ratio=90.00%
  Max feasible destruct: 0.538
  Pareto front size: 7
  Budget ratio: mean=0.012, max=0.050
  Radial: mean_ratio=0.012, max_ratio=0.050, mean_score=0.989
  Sign: mean_ratio=2.694, max_ratio=23.785, mean_score=0.713
[MOS-Core] Gen 10/100:
  Stealth: mean=0.903, best=1.000
  Destructiveness: mean=0.271, best=0.546
  CV: mean=0.0000, min=0.0000
  Feasibility: count=10, ratio=100.00%
  Max feasible destruct: 0.546
  Pareto front size: 10
  Budget ratio: mean=0.022, max=0.068
  Radial: mean_ratio=0.022, max_ratio=0.068, mean_score=0.979
  Sign: mean_ratio=0.422, max_ratio=0.983, mean_score=0.752
[MOS-Core] Gen 20/100:
  Stealth: mean=0.906, best=1.000
  Destructiveness: mean=0.261, best=0.554
  CV: mean=0.0000, min=0.0000
  Feasibility: count=10, ratio=100.00%
  Max feasible destruct: 0.554
  Pareto front size: 10
  Budget ratio: mean=0.021, max=0.089
  Radial: mean_ratio=0.021, max_ratio=0.089, mean_score=0.980
  Sign: mean_ratio=0.418, max_ratio=0.988, mean_score=0.757
[MOS-Core] Gen 30/100:
  Stealth: mean=0.904, best=1.000
  Destructiveness: mean=0.263, best=0.574
  CV: mean=0.0000, min=0.0000
  Feasibility: count=10, ratio=100.00%
  Max feasible destruct: 0.574
  Pareto front size: 10
  Budget ratio: mean=0.022, max=0.070
  Radial: mean_ratio=0.022, max_ratio=0.070, mean_score=0.979
  Sign: mean_ratio=0.420, max_ratio=0.988, mean_score=0.754
[MOS-Core] Gen 40/100:
  Stealth: mean=0.900, best=1.000
  Destructiveness: mean=0.269, best=0.583
  CV: mean=0.0000, min=0.0000
  Feasibility: count=10, ratio=100.00%
  Max feasible destruct: 0.583
  Pareto front size: 10
  Budget ratio: mean=0.029, max=0.064
  Radial: mean_ratio=0.029, max_ratio=0.064, mean_score=0.973
  Sign: mean_ratio=0.425, max_ratio=0.999, mean_score=0.753
[MOS-Core] Gen 50/100:
  Stealth: mean=0.888, best=1.000
  Destructiveness: mean=0.292, best=0.587
  CV: mean=0.0000, min=0.0000
  Feasibility: count=10, ratio=100.00%
  Max feasible destruct: 0.587
  Pareto front size: 10
  Budget ratio: mean=0.033, max=0.079
  Radial: mean_ratio=0.033, max_ratio=0.079, mean_score=0.969
  Sign: mean_ratio=0.462, max_ratio=0.999, mean_score=0.728
[MOS-Core] Gen 60/100:
  Stealth: mean=0.894, best=1.000
  Destructiveness: mean=0.257, best=0.600
  CV: mean=0.0000, min=0.0000
  Feasibility: count=10, ratio=100.00%
  Max feasible destruct: 0.600
  Pareto front size: 10
  Budget ratio: mean=0.037, max=0.086
  Radial: mean_ratio=0.037, max_ratio=0.086, mean_score=0.965
  Sign: mean_ratio=0.395, max_ratio=0.990, mean_score=0.752
[MOS-Core] Gen 70/100:
  Stealth: mean=0.886, best=1.000
  Destructiveness: mean=0.295, best=0.603
  CV: mean=0.0000, min=0.0000
  Feasibility: count=10, ratio=100.00%
  Max feasible destruct: 0.603
  Pareto front size: 10
  Budget ratio: mean=0.041, max=0.094
  Radial: mean_ratio=0.041, max_ratio=0.094, mean_score=0.962
  Sign: mean_ratio=0.450, max_ratio=0.999, mean_score=0.734
[MOS-Core] Gen 80/100:
  Stealth: mean=0.891, best=1.000
  Destructiveness: mean=0.279, best=0.609
  CV: mean=0.0000, min=0.0000
  Feasibility: count=10, ratio=100.00%
  Max feasible destruct: 0.609
  Pareto front size: 10
  Budget ratio: mean=0.037, max=0.111
  Radial: mean_ratio=0.037, max_ratio=0.111, mean_score=0.966
  Sign: mean_ratio=0.423, max_ratio=0.997, mean_score=0.742
[MOS-Core] Gen 90/100:
  Stealth: mean=0.881, best=1.000
  Destructiveness: mean=0.320, best=0.619
  CV: mean=0.0000, min=0.0000
  Feasibility: count=10, ratio=100.00%
  Max feasible destruct: 0.619
  Pareto front size: 10
  Budget ratio: mean=0.037, max=0.097
  Radial: mean_ratio=0.037, max_ratio=0.097, mean_score=0.966
  Sign: mean_ratio=0.499, max_ratio=0.988, mean_score=0.711
[MOS-Core] Gen 100/100:
  Stealth: mean=0.888, best=1.000
  Destructiveness: mean=0.291, best=0.627
  CV: mean=0.0000, min=0.0000
  Feasibility: count=10, ratio=100.00%
  Max feasible destruct: 0.627
  Pareto front size: 10
  Budget ratio: mean=0.037, max=0.094
  Radial: mean_ratio=0.037, max_ratio=0.094, mean_score=0.966
  Sign: mean_ratio=0.454, max_ratio=0.988, mean_score=0.733

[MOS-Core] Selecting final solution...
[MOS-Core] Selection parameters:
  Lambda_s (stealth weight): 0.50
  Lambda_a (attack weight): 0.50
  Attack floor ratio: 0.0627

[MOS-Core] Feasibility summary:
  Feasible solutions: 10
  Feasible ratio: 100.00%
  Selection mode: feasible
  Min CV in front: 0.0000

[MOS-Core] Pareto front summary:
  Front size: 10
  Stealth range: [0.777, 1.000]
  Destructiveness range: [0.000, 0.627]
  CV range: [0.0000, 0.0000]
  Candidates after attack floor: 8

[MOS-Core] Selected solution (index=3):
[MOS-Core]   Constraint pass score (R): 0.859
[MOS-Core]   Destructiveness (A): 0.430
[MOS-Core]   Total CV: 0.0000
[MOS-Core]   Deviation norm: 0.4304
[MOS-Core]   Budget usage: 0.02%
[MOS-Core] selection_mode=balanced_knee
[MOS-Core] selected_budget_ratio=0.000189
[MOS-Core] selected_stealth=0.858914
[MOS-Core] selected_destructiveness=0.430411
[MOS-Core] selected_R=0.858914
[MOS-Core] selected_A=0.430411
[MOS-Core] selected_cv=0.000000
[MOS-Core] selected_CV=0.000000
[MOS-Core] selected_feasible=True
[MOS-Core] selected_guidance_alignment=1.000000
[MOS-Core] Per-constraint details:
[MOS-Core]   Radial: score=1.000, ratio=0.000, violation=0.000, loss=0.4304, threshold=2274.8013
[MOS-Core]   Sign: score=0.577, ratio=0.733, violation=0.000, loss=1.5700, threshold=2.1426

[MOS-Core] Generating 6 malicious updates...
[MOS-Core] Template noise scale: 0.0001
[MOS-Core] Output norms: min=0.4320, mean=0.4471, max=0.4907
[MOS-Core] Attack completed successfully
============================================================

attack:mos_attack
defend:multi_krum
[FiniteAudit] round=58 defense=multi_krum selected_count=3 selected_malicious_count=3 selected_updates_finite=True selected_indices=[2, 5, 4]
[FiniteAudit] round=58 global_pre_finite=True benign_updates_finite=True malicious_updates_finite=True attack_budget_output_finite=True aggregate_input_finite=True aggregate_output_finite=True global_post_finite=True first_bad_stage=none rejected=False rollback=False
t  58: train_loss = 0.897, test_acc = 59.700
attack numbers = 6
[FiniteAudit] round=59 checkpoint_promoted_after_benign=True
current iteration attack ratio: 0.24

============================================================
[MOS-Core] Starting MOS-Attack
============================================================
[MOS-Core] Total parameters: 11,183,582
[MOS-Core] Benign clients: 19
[MOS-Core] Malicious slots: 6
[MOS-Core] Benign mean norm: 1725.4398
[MOS-Core] Benign std (mean): 0.0015
[MOS-Core] ce_raw_norm=10839538008064.0
[MOS-Core] cw_raw_norm=10839538008064.0
[MOS-Core] ce_valid=True
[MOS-Core] cw_valid=True
[MOS-Core] ce_cw_cosine=1.0
[MOS-Core] combined_pre_norm=1.0
[MOS-Core] historical_direction_valid=True
[MOS-Core] historical_direction_norm=0.43041282892227173
[MOS-Core] guidance_history_cosine=0.9960594177246094
[MOS-Core] guidance_source=ce_cw_combined
[MOS-Core] guidance_fallback_used=False
[MOS-Core] final_guidance_norm=1.000000
[MOS-Core] Base radial threshold (q=0.95): 1838.9607
[MOS-Core] Attack budget ratio: 1.0
[MOS-Core] current_budget=1838.960693
[MOS-Core] current_budget_valid=True

[MOS-Core] Initializing constraints...
[MOS-Core] Enabled constraints: Radial, Sign
[MOS-Core] Radial weight: 1.0
[MOS-Core] Sign weight: 0.5, layer_reduce: quantile
[MOS-Core]   Radial threshold: 1838.9607
[MOS-Core]   Sign threshold: 2.2732

[MOS-Core] Initializing population (size=10)...
[MOS-Core] constraint_mode=strict
[MOS-Core] objective_mode=dual
[MOS-Core] alpha_feasible=0.000381 boundary_width=7.62939e-06 refinements=13
[MOS-Boundary] alpha_feasible=0.000381 alpha_infeasible=0.000389 limiting_constraint=sign left=radial:ratio=0.00038147:score=0.999619:violation=0|sign:ratio=0.989517:score=0.502635:violation=0 right=radial:ratio=0.000389099:score=0.999611:violation=0|sign:ratio=1.01617:score=0.495991:violation=0.0161676
[MOS-Core] adaptive_guided_init=True alpha_feasible=0.000381 alpha_init=0.000381 scales=[0.0, 7.62939453125e-05, 0.000152587890625, 0.0002288818359375, 0.00030517578125, 0.0003814697265625]
[MOS-Core] Generated 6 scale-based seeds: [0.0, 7.62939453125e-05, 0.000152587890625, 0.0002288818359375, 0.00030517578125, 0.0003814697265625]
[MOS-Core] Historical seed injected at position 3
[MOS-Core] historical_raw_norm=0.430413
[MOS-Core] historical_direction_norm=1.000000
[MOS-Core] historical_seed_target_scale=919.480347
[MOS-Core] historical_seed_final_norm=919.480408
[MOS-Core] Generated 4 random candidates (noise_scale=0.1)
[MOS-Core] Initial population norms: min=0.0000, mean=385.3245, max=1203.0216
[MOS-Core] Budget ratios: min=0.0000, mean=0.2095, max=0.6542
[MOS-Core] Clipped ratio: 0.00%
[MOS-Core] Historical seed used: True

[MOS-Core] Starting NSGA-II evolution...
[MOS-Core] Generations: 100
[MOS-Core] Population size: 10
[MOS-Core] SBX eta: 15.0, crossover_prob: 0.9
[MOS-Core] Mutation scale: 0.05
[MOS-Core] Gen 1/100:
  Stealth: mean=0.835, best=1.000
  Destructiveness: mean=-0.258, best=0.702
  CV: mean=2.9040, min=0.0000
  Feasibility: count=7, ratio=70.00%
  Max feasible destruct: 0.702
  Pareto front size: 6
  Budget ratio: mean=0.011, max=0.026
  Radial: mean_ratio=0.011, max_ratio=0.026, mean_score=0.989
  Sign: mean_ratio=6.425, max_ratio=26.181, mean_score=0.527
[MOS-Core] Gen 10/100:
  Stealth: mean=0.900, best=1.000
  Destructiveness: mean=0.339, best=0.711
  CV: mean=0.0000, min=0.0000
  Feasibility: count=10, ratio=100.00%
  Max feasible destruct: 0.711
  Pareto front size: 10
  Budget ratio: mean=0.024, max=0.088
  Radial: mean_ratio=0.024, max_ratio=0.088, mean_score=0.977
  Sign: mean_ratio=0.432, max_ratio=0.994, mean_score=0.746
[MOS-Core] Gen 20/100:
  Stealth: mean=0.903, best=1.000
  Destructiveness: mean=0.312, best=0.714
  CV: mean=0.0000, min=0.0000
  Feasibility: count=10, ratio=100.00%
  Max feasible destruct: 0.714
  Pareto front size: 10
  Budget ratio: mean=0.028, max=0.079
  Radial: mean_ratio=0.028, max_ratio=0.079, mean_score=0.974
  Sign: mean_ratio=0.394, max_ratio=0.990, mean_score=0.762
[MOS-Core] Gen 30/100:
  Stealth: mean=0.900, best=1.000
  Destructiveness: mean=0.341, best=0.722
  CV: mean=0.0000, min=0.0000
  Feasibility: count=10, ratio=100.00%
  Max feasible destruct: 0.722
  Pareto front size: 10
  Budget ratio: mean=0.023, max=0.081
  Radial: mean_ratio=0.023, max_ratio=0.081, mean_score=0.978
  Sign: mean_ratio=0.436, max_ratio=0.996, mean_score=0.745
[MOS-Core] Gen 40/100:
  Stealth: mean=0.894, best=1.000
  Destructiveness: mean=0.341, best=0.731
  CV: mean=0.0000, min=0.0000
  Feasibility: count=10, ratio=100.00%
  Max feasible destruct: 0.731
  Pareto front size: 10
  Budget ratio: mean=0.033, max=0.105
  Radial: mean_ratio=0.033, max_ratio=0.105, mean_score=0.970
  Sign: mean_ratio=0.437, max_ratio=0.994, mean_score=0.744
[MOS-Core] Gen 50/100:
  Stealth: mean=0.889, best=1.000
  Destructiveness: mean=0.345, best=0.735
  CV: mean=0.0000, min=0.0000
  Feasibility: count=10, ratio=100.00%
  Max feasible destruct: 0.735
  Pareto front size: 10
  Budget ratio: mean=0.042, max=0.111
  Radial: mean_ratio=0.042, max_ratio=0.111, mean_score=0.961
  Sign: mean_ratio=0.441, max_ratio=1.000, mean_score=0.743
[MOS-Core] Gen 60/100:
  Stealth: mean=0.882, best=1.000
  Destructiveness: mean=0.347, best=0.742
  CV: mean=0.0000, min=0.0000
  Feasibility: count=10, ratio=100.00%
  Max feasible destruct: 0.742
  Pareto front size: 10
  Budget ratio: mean=0.056, max=0.258
  Radial: mean_ratio=0.056, max_ratio=0.258, mean_score=0.951
  Sign: mean_ratio=0.438, max_ratio=0.995, mean_score=0.745
[MOS-Core] Gen 70/100:
  Stealth: mean=0.854, best=1.000
  Destructiveness: mean=0.409, best=0.748
  CV: mean=0.0000, min=0.0000
  Feasibility: count=10, ratio=100.00%
  Max feasible destruct: 0.748
  Pareto front size: 10
  Budget ratio: mean=0.085, max=0.311
  Radial: mean_ratio=0.085, max_ratio=0.311, mean_score=0.930
  Sign: mean_ratio=0.532, max_ratio=0.992, mean_score=0.701
[MOS-Core] Gen 80/100:
  Stealth: mean=0.861, best=1.000
  Destructiveness: mean=0.397, best=0.759
  CV: mean=0.0000, min=0.0000
  Feasibility: count=10, ratio=100.00%
  Max feasible destruct: 0.759
  Pareto front size: 10
  Budget ratio: mean=0.074, max=0.333
  Radial: mean_ratio=0.074, max_ratio=0.333, mean_score=0.937
  Sign: mean_ratio=0.522, max_ratio=0.994, mean_score=0.708
[MOS-Core] Gen 90/100:
  Stealth: mean=0.841, best=1.000
  Destructiveness: mean=0.431, best=0.764
  CV: mean=0.0000, min=0.0000
  Feasibility: count=10, ratio=100.00%
  Max feasible destruct: 0.764
  Pareto front size: 10
  Budget ratio: mean=0.092, max=0.287
  Radial: mean_ratio=0.092, max_ratio=0.287, mean_score=0.923
  Sign: mean_ratio=0.565, max_ratio=0.999, mean_score=0.678
[MOS-Core] Gen 100/100:
  Stealth: mean=0.852, best=1.000
  Destructiveness: mean=0.402, best=0.770
  CV: mean=0.0000, min=0.0000
  Feasibility: count=10, ratio=100.00%
  Max feasible destruct: 0.770
  Pareto front size: 10
  Budget ratio: mean=0.089, max=0.310
  Radial: mean_ratio=0.089, max_ratio=0.310, mean_score=0.926
  Sign: mean_ratio=0.530, max_ratio=0.999, mean_score=0.704

[MOS-Core] Selecting final solution...
[MOS-Core] Selection parameters:
  Lambda_s (stealth weight): 0.50
  Lambda_a (attack weight): 0.50
  Attack floor ratio: 0.0770

[MOS-Core] Feasibility summary:
  Feasible solutions: 10
  Feasible ratio: 100.00%
  Selection mode: feasible
  Min CV in front: 0.0000

[MOS-Core] Pareto front summary:
  Front size: 10
  Stealth range: [0.676, 1.000]
  Destructiveness range: [0.000, 0.770]
  CV range: [0.0000, 0.0000]
  Candidates after attack floor: 8

[MOS-Core] Selected solution (index=4):
[MOS-Core]   Constraint pass score (R): 0.859
[MOS-Core]   Destructiveness (A): 0.561
[MOS-Core]   Total CV: 0.0000
[MOS-Core]   Deviation norm: 0.5612
[MOS-Core]   Budget usage: 0.03%
[MOS-Core] selection_mode=balanced_knee
[MOS-Core] selected_budget_ratio=0.000305
[MOS-Core] selected_stealth=0.858716
[MOS-Core] selected_destructiveness=0.561204
[MOS-Core] selected_R=0.858716
[MOS-Core] selected_A=0.561204
[MOS-Core] selected_cv=0.000000
[MOS-Core] selected_CV=0.000000
[MOS-Core] selected_feasible=True
[MOS-Core] selected_guidance_alignment=1.000000
[MOS-Core] Per-constraint details:
[MOS-Core]   Radial: score=1.000, ratio=0.000, violation=0.000, loss=0.5612, threshold=1838.9607
[MOS-Core]   Sign: score=0.577, ratio=0.734, violation=0.000, loss=1.6681, threshold=2.2732

[MOS-Core] Generating 6 malicious updates...
[MOS-Core] Template noise scale: 0.0001
[MOS-Core] Output norms: min=0.5643, mean=0.5715, max=0.5908
[MOS-Core] Attack completed successfully
============================================================

[MOS-Core] alpha_feasible=1.000000 boundary_width=0.000000 refinements=0
[MOS-Boundary] alpha_feasible=1.000000 alpha_infeasible=none limiting_constraint=none left=radial:ratio=1:score=0.5:violation=0 right=none
[MOS-Core] alpha_feasible=0.000381 boundary_width=7.62939e-06 refinements=13
[MOS-Boundary] alpha_feasible=0.000381 alpha_infeasible=0.000389 limiting_constraint=sign left=sign:ratio=0.989517:score=0.502635:violation=0 right=sign:ratio=1.01617:score=0.495991:violation=0.0161676
[MOS-Core] alpha_feasible=0.000381 boundary_width=7.62939e-06 refinements=13
[MOS-Boundary] alpha_feasible=0.000381 alpha_infeasible=0.000389 limiting_constraint=sign left=radial:ratio=0.00038147:score=0.999619:violation=0|sign:ratio=0.989517:score=0.502635:violation=0 right=radial:ratio=0.000389099:score=0.999611:violation=0|sign:ratio=1.01617:score=0.495991:violation=0.0161676
[MOS-Core] alpha_feasible=0.000381 boundary_width=7.62939e-06 refinements=13
[MOS-Boundary] alpha_feasible=0.000381 alpha_infeasible=0.000389 limiting_constraint=sign left=radial:ratio=0.00038147:score=0.999619:violation=0|sign:ratio=0.989517:score=0.502635:violation=0 right=radial:ratio=0.000389099:score=0.999611:violation=0|sign:ratio=1.01617:score=0.495991:violation=0.0161676

============================================================
[MOS-Core] Starting MOS-Attack
============================================================
[MOS-Core] Total parameters: 11,183,582
[MOS-Core] Benign clients: 19
[MOS-Core] Malicious slots: 6
[MOS-Core] Benign mean norm: 1725.4398
[MOS-Core] Benign std (mean): 0.0015
[MOS-Core] ce_raw_norm=10839538008064.0
[MOS-Core] cw_raw_norm=10839538008064.0
[MOS-Core] ce_valid=True
[MOS-Core] cw_valid=True
[MOS-Core] ce_cw_cosine=1.0
[MOS-Core] combined_pre_norm=1.0
[MOS-Core] historical_direction_valid=True
[MOS-Core] historical_direction_norm=0.43041282892227173
[MOS-Core] guidance_history_cosine=0.9960594177246094
[MOS-Core] guidance_source=ce_cw_combined
[MOS-Core] guidance_fallback_used=False
[MOS-Core] final_guidance_norm=1.000000
[MOS-Core] Base radial threshold (q=0.95): 1838.9607
[MOS-Core] Attack budget ratio: 1.0
[MOS-Core] current_budget=1838.960693
[MOS-Core] current_budget_valid=True

[MOS-Core] Initializing constraints...
[MOS-Core] Enabled constraints: Radial, Sign
[MOS-Core] Radial weight: 1.0
[MOS-Core] Sign weight: 0.5, layer_reduce: quantile
[MOS-Core]   Radial threshold: 1838.9607
[MOS-Core]   Sign threshold: 2.2732

[MOS-Core] Initializing population (size=10)...
[MOS-Core] constraint_mode=strict
[MOS-Core] objective_mode=dual
[MOS-Core] alpha_feasible=0.000381 boundary_width=7.62939e-06 refinements=13
[MOS-Boundary] alpha_feasible=0.000381 alpha_infeasible=0.000389 limiting_constraint=sign left=radial:ratio=0.00038147:score=0.999619:violation=0|sign:ratio=0.989517:score=0.502635:violation=0 right=radial:ratio=0.000389099:score=0.999611:violation=0|sign:ratio=1.01617:score=0.495991:violation=0.0161676
[MOS-Core] adaptive_guided_init=True alpha_feasible=0.000381 alpha_init=0.000381 scales=[0.0, 7.62939453125e-05, 0.000152587890625, 0.0002288818359375, 0.00030517578125, 0.0003814697265625]
[MOS-Core] Generated 6 scale-based seeds: [0.0, 7.62939453125e-05, 0.000152587890625, 0.0002288818359375, 0.00030517578125, 0.0003814697265625]
[MOS-Core] Historical seed injected at position 3
[MOS-Core] historical_raw_norm=0.430413
[MOS-Core] historical_direction_norm=1.000000
[MOS-Core] historical_seed_target_scale=919.480347
[MOS-Core] historical_seed_final_norm=919.480408
[MOS-Core] Generated 4 random candidates (noise_scale=0.1)
[MOS-Core] Initial population norms: min=0.0000, mean=204.7448, max=919.4803
[MOS-Core] Budget ratios: min=0.0000, mean=0.1113, max=0.5000
[MOS-Core] Clipped ratio: 0.00%
[MOS-Core] Historical seed used: True

[MOS-Core] Starting NSGA-II evolution...
[MOS-Core] Generations: 100
[MOS-Core] Population size: 10
[MOS-Core] SBX eta: 15.0, crossover_prob: 0.9
[MOS-Core] Mutation scale: 0.05
[MOS-Core] Gen 1/100:
  Stealth: mean=0.916, best=1.000
  Destructiveness: mean=0.309, best=0.702
  CV: mean=0.0000, min=0.0000
  Feasibility: count=10, ratio=100.00%
  Max feasible destruct: 0.702
  Pareto front size: 7
  Budget ratio: mean=0.013, max=0.049
  Radial: mean_ratio=0.013, max_ratio=0.049, mean_score=0.987
  Sign: mean_ratio=0.381, max_ratio=0.990, mean_score=0.772
[MOS-Core] Gen 10/100:
  Stealth: mean=0.900, best=1.000
  Destructiveness: mean=0.339, best=0.710
  CV: mean=0.0000, min=0.0000
  Feasibility: count=10, ratio=100.00%
  Max feasible destruct: 0.710
  Pareto front size: 10
  Budget ratio: mean=0.024, max=0.097
  Radial: mean_ratio=0.024, max_ratio=0.097, mean_score=0.978
  Sign: mean_ratio=0.432, max_ratio=0.992, mean_score=0.746
[MOS-Core] Gen 20/100:
  Stealth: mean=0.902, best=1.000
  Destructiveness: mean=0.340, best=0.717
  CV: mean=0.0000, min=0.0000
  Feasibility: count=10, ratio=100.00%
  Max feasible destruct: 0.717
  Pareto front size: 10
  Budget ratio: mean=0.019, max=0.058
  Radial: mean_ratio=0.019, max_ratio=0.058, mean_score=0.981
  Sign: mean_ratio=0.438, max_ratio=0.997, mean_score=0.743
[MOS-Core] Gen 30/100:
  Stealth: mean=0.901, best=1.000
  Destructiveness: mean=0.341, best=0.727
  CV: mean=0.0000, min=0.0000
  Feasibility: count=10, ratio=100.00%
  Max feasible destruct: 0.727
  Pareto front size: 10
  Budget ratio: mean=0.022, max=0.093
  Radial: mean_ratio=0.022, max_ratio=0.093, mean_score=0.980
  Sign: mean_ratio=0.439, max_ratio=0.993, mean_score=0.742
[MOS-Core] Gen 40/100:
  Stealth: mean=0.882, best=1.000
  Destructiveness: mean=0.411, best=0.727
  CV: mean=0.0000, min=0.0000
  Feasibility: count=10, ratio=100.00%
  Max feasible destruct: 0.727
  Pareto front size: 10
  Budget ratio: mean=0.027, max=0.096
  Radial: mean_ratio=0.027, max_ratio=0.096, mean_score=0.975
  Sign: mean_ratio=0.536, max_ratio=0.999, mean_score=0.696
[MOS-Core] Gen 50/100:
  Stealth: mean=0.895, best=1.000
  Destructiveness: mean=0.342, best=0.733
  CV: mean=0.0000, min=0.0000
  Feasibility: count=10, ratio=100.00%
  Max feasible destruct: 0.733
  Pareto front size: 10
  Budget ratio: mean=0.031, max=0.113
  Radial: mean_ratio=0.031, max_ratio=0.113, mean_score=0.971
  Sign: mean_ratio=0.438, max_ratio=0.990, mean_score=0.743
[MOS-Core] Gen 60/100:
  Stealth: mean=0.868, best=1.000
  Destructiveness: mean=0.404, best=0.745
  CV: mean=0.0000, min=0.0000
  Feasibility: count=10, ratio=100.00%
  Max feasible destruct: 0.745
  Pareto front size: 10
  Budget ratio: mean=0.055, max=0.182
  Radial: mean_ratio=0.055, max_ratio=0.182, mean_score=0.951
  Sign: mean_ratio=0.528, max_ratio=0.993, mean_score=0.702
[MOS-Core] Gen 70/100:
  Stealth: mean=0.858, best=1.000
  Destructiveness: mean=0.398, best=0.758
  CV: mean=0.0000, min=0.0000
  Feasibility: count=10, ratio=100.00%
  Max feasible destruct: 0.758
  Pareto front size: 10
  Budget ratio: mean=0.080, max=0.263
  Radial: mean_ratio=0.080, max_ratio=0.263, mean_score=0.931
  Sign: mean_ratio=0.515, max_ratio=0.998, mean_score=0.713
[MOS-Core] Gen 80/100:
  Stealth: mean=0.865, best=1.000
  Destructiveness: mean=0.355, best=0.768
  CV: mean=0.0000, min=0.0000
  Feasibility: count=10, ratio=100.00%
  Max feasible destruct: 0.768
  Pareto front size: 10
  Budget ratio: mean=0.077, max=0.284
  Radial: mean_ratio=0.077, max_ratio=0.284, mean_score=0.933
  Sign: mean_ratio=0.466, max_ratio=0.998, mean_score=0.729
[MOS-Core] Gen 90/100:
  Stealth: mean=0.840, best=1.000
  Destructiveness: mean=0.403, best=0.775
  CV: mean=0.0000, min=0.0000
  Feasibility: count=10, ratio=100.00%
  Max feasible destruct: 0.775
  Pareto front size: 10
  Budget ratio: mean=0.110, max=0.377
  Radial: mean_ratio=0.110, max_ratio=0.377, mean_score=0.910
  Sign: mean_ratio=0.529, max_ratio=0.998, mean_score=0.701
[MOS-Core] Gen 100/100:
  Stealth: mean=0.834, best=1.000
  Destructiveness: mean=0.405, best=0.778
  CV: mean=0.0000, min=0.0000
  Feasibility: count=10, ratio=100.00%
  Max feasible destruct: 0.778
  Pareto front size: 10
  Budget ratio: mean=0.117, max=0.359
  Radial: mean_ratio=0.117, max_ratio=0.359, mean_score=0.903
  Sign: mean_ratio=0.537, max_ratio=0.999, mean_score=0.697

[MOS-Core] Selecting final solution...
[MOS-Core] Selection parameters:
  Lambda_s (stealth weight): 0.50
  Lambda_a (attack weight): 0.50
  Attack floor ratio: 0.0778

[MOS-Core] Feasibility summary:
  Feasible solutions: 10
  Feasible ratio: 100.00%
  Selection mode: feasible
  Min CV in front: 0.0000

[MOS-Core] Pareto front summary:
  Front size: 10
  Stealth range: [0.658, 1.000]
  Destructiveness range: [0.000, 0.778]
  CV range: [0.0000, 0.0000]
  Candidates after attack floor: 8

[MOS-Core] Selected solution (index=5):
[MOS-Core]   Constraint pass score (R): 0.859
[MOS-Core]   Destructiveness (A): 0.561
[MOS-Core]   Total CV: 0.0000
[MOS-Core]   Deviation norm: 0.5612
[MOS-Core]   Budget usage: 0.03%
[MOS-Core] selection_mode=balanced_knee
[MOS-Core] selected_budget_ratio=0.000305
[MOS-Core] selected_stealth=0.858716
[MOS-Core] selected_destructiveness=0.561204
[MOS-Core] selected_R=0.858716
[MOS-Core] selected_A=0.561204
[MOS-Core] selected_cv=0.000000
[MOS-Core] selected_CV=0.000000
[MOS-Core] selected_feasible=True
[MOS-Core] selected_guidance_alignment=1.000000
[MOS-Core] Per-constraint details:
[MOS-Core]   Radial: score=1.000, ratio=0.000, violation=0.000, loss=0.5612, threshold=1838.9607
[MOS-Core]   Sign: score=0.577, ratio=0.734, violation=0.000, loss=1.6681, threshold=2.2732

[MOS-Core] Generating 6 malicious updates...
[MOS-Core] Template noise scale: 0.0001
[MOS-Core] Output norms: min=0.5623, mean=0.5753, max=0.5949
[MOS-Core] Attack completed successfully
============================================================


============================================================
[MOS-Core] Starting MOS-Attack
============================================================
[MOS-Core] Total parameters: 11,183,582
[MOS-Core] Benign clients: 19
[MOS-Core] Malicious slots: 6
[MOS-Core] Benign mean norm: 1725.4398
[MOS-Core] Benign std (mean): 0.0015
[MOS-Core] ce_raw_norm=10839538008064.0
[MOS-Core] cw_raw_norm=10839538008064.0
[MOS-Core] ce_valid=True
[MOS-Core] cw_valid=True
[MOS-Core] ce_cw_cosine=1.0
[MOS-Core] combined_pre_norm=1.0
[MOS-Core] historical_direction_valid=True
[MOS-Core] historical_direction_norm=0.43041282892227173
[MOS-Core] guidance_history_cosine=0.9960594177246094
[MOS-Core] guidance_source=ce_cw_combined
[MOS-Core] guidance_fallback_used=False
[MOS-Core] final_guidance_norm=1.000000
[MOS-Core] Base radial threshold (q=0.95): 1838.9607
[MOS-Core] Attack budget ratio: 1.0
[MOS-Core] current_budget=1838.960693
[MOS-Core] current_budget_valid=True

[MOS-Core] Initializing constraints...
[MOS-Core] Enabled constraints: Radial, Sign
[MOS-Core] Radial weight: 1.0
[MOS-Core] Sign weight: 0.5, layer_reduce: quantile
[MOS-Core]   Radial threshold: 1838.9607
[MOS-Core]   Sign threshold: 2.2732

[MOS-Core] Initializing population (size=10)...
[MOS-Core] constraint_mode=strict
[MOS-Core] objective_mode=a_only
[MOS-Core] alpha_feasible=0.000381 boundary_width=7.62939e-06 refinements=13
[MOS-Boundary] alpha_feasible=0.000381 alpha_infeasible=0.000389 limiting_constraint=sign left=radial:ratio=0.00038147:score=0.999619:violation=0|sign:ratio=0.989517:score=0.502635:violation=0 right=radial:ratio=0.000389099:score=0.999611:violation=0|sign:ratio=1.01617:score=0.495991:violation=0.0161676
[MOS-Core] adaptive_guided_init=True alpha_feasible=0.000381 alpha_init=0.000381 scales=[0.0, 7.62939453125e-05, 0.000152587890625, 0.0002288818359375, 0.00030517578125, 0.0003814697265625]
[MOS-Core] Generated 6 scale-based seeds: [0.0, 7.62939453125e-05, 0.000152587890625, 0.0002288818359375, 0.00030517578125, 0.0003814697265625]
[MOS-Core] Historical seed injected at position 3
[MOS-Core] historical_raw_norm=0.430413
[MOS-Core] historical_direction_norm=1.000000
[MOS-Core] historical_seed_target_scale=919.480347
[MOS-Core] historical_seed_final_norm=919.480408
[MOS-Core] Generated 4 random candidates (noise_scale=0.1)
[MOS-Core] Initial population norms: min=0.0000, mean=204.7448, max=919.4803
[MOS-Core] Budget ratios: min=0.0000, mean=0.1113, max=0.5000
[MOS-Core] Clipped ratio: 0.00%
[MOS-Core] Historical seed used: True

[MOS-Core] Starting NSGA-II evolution...
[MOS-Core] Generations: 100
[MOS-Core] Population size: 10
[MOS-Core] SBX eta: 15.0, crossover_prob: 0.9
[MOS-Core] Mutation scale: 0.05
[MOS-Core] Gen 1/100:
  Stealth: mean=0.897, best=0.973
  Destructiveness: mean=0.379, best=0.702
  CV: mean=0.0000, min=0.0000
  Feasibility: count=10, ratio=100.00%
  Max feasible destruct: 0.702
  Pareto front size: 1
  Budget ratio: mean=0.016, max=0.049
  Radial: mean_ratio=0.016, max_ratio=0.049, mean_score=0.985
  Sign: mean_ratio=0.465, max_ratio=0.990, mean_score=0.721
[MOS-Core] Gen 10/100:
  Stealth: mean=0.790, best=0.806
  Destructiveness: mean=0.704, best=0.704
  CV: mean=0.0000, min=0.0000
  Feasibility: count=10, ratio=100.00%
  Max feasible destruct: 0.704
  Pareto front size: 1
  Budget ratio: mean=0.071, max=0.111
  Radial: mean_ratio=0.071, max_ratio=0.111, mean_score=0.934
  Sign: mean_ratio=0.993, max_ratio=1.000, mean_score=0.502
[MOS-Core] Gen 20/100:
  Stealth: mean=0.778, best=0.790
  Destructiveness: mean=0.706, best=0.706
  CV: mean=0.0000, min=0.0000
  Feasibility: count=10, ratio=100.00%
  Max feasible destruct: 0.706
  Pareto front size: 1
  Budget ratio: mean=0.091, max=0.120
  Radial: mean_ratio=0.091, max_ratio=0.120, mean_score=0.917
  Sign: mean_ratio=0.996, max_ratio=1.000, mean_score=0.501
[MOS-Core] Gen 30/100:
  Stealth: mean=0.771, best=0.780
  Destructiveness: mean=0.708, best=0.708
  CV: mean=0.0000, min=0.0000
  Feasibility: count=10, ratio=100.00%
  Max feasible destruct: 0.708
  Pareto front size: 1
  Budget ratio: mean=0.106, max=0.139
  Radial: mean_ratio=0.106, max_ratio=0.139, mean_score=0.904
  Sign: mean_ratio=0.988, max_ratio=0.993, mean_score=0.503
[MOS-Core] Gen 40/100:
  Stealth: mean=0.771, best=0.779
  Destructiveness: mean=0.710, best=0.710
  CV: mean=0.0000, min=0.0000
  Feasibility: count=10, ratio=100.00%
  Max feasible destruct: 0.710
  Pareto front size: 1
  Budget ratio: mean=0.104, max=0.120
  Radial: mean_ratio=0.104, max_ratio=0.120, mean_score=0.906
  Sign: mean_ratio=0.995, max_ratio=1.000, mean_score=0.501
[MOS-Core] Gen 50/100:
  Stealth: mean=0.758, best=0.764
  Destructiveness: mean=0.712, best=0.712
  CV: mean=0.0000, min=0.0000
  Feasibility: count=10, ratio=100.00%
  Max feasible destruct: 0.712
  Pareto front size: 1
  Budget ratio: mean=0.129, max=0.147
  Radial: mean_ratio=0.129, max_ratio=0.147, mean_score=0.886
  Sign: mean_ratio=0.996, max_ratio=0.999, mean_score=0.501
[MOS-Core] Gen 60/100:
  Stealth: mean=0.717, best=0.748
  Destructiveness: mean=0.713, best=0.713
  CV: mean=0.0000, min=0.0000
  Feasibility: count=10, ratio=100.00%
  Max feasible destruct: 0.713
  Pareto front size: 1
  Budget ratio: mean=0.212, max=0.243
  Radial: mean_ratio=0.212, max_ratio=0.243, mean_score=0.826
  Sign: mean_ratio=0.997, max_ratio=1.000, mean_score=0.501
[MOS-Core] Gen 70/100:
  Stealth: mean=0.707, best=0.725
  Destructiveness: mean=0.714, best=0.714
  CV: mean=0.0000, min=0.0000
  Feasibility: count=10, ratio=100.00%
  Max feasible destruct: 0.714
  Pareto front size: 1
  Budget ratio: mean=0.236, max=0.261
  Radial: mean_ratio=0.236, max_ratio=0.261, mean_score=0.809
  Sign: mean_ratio=0.997, max_ratio=1.000, mean_score=0.501
[MOS-Core] Gen 80/100:
  Stealth: mean=0.724, best=0.748
  Destructiveness: mean=0.715, best=0.716
  CV: mean=0.0000, min=0.0000
  Feasibility: count=10, ratio=100.00%
  Max feasible destruct: 0.716
  Pareto front size: 1
  Budget ratio: mean=0.197, max=0.235
  Radial: mean_ratio=0.197, max_ratio=0.235, mean_score=0.835
  Sign: mean_ratio=0.995, max_ratio=0.999, mean_score=0.501
[MOS-Core] Gen 90/100:
  Stealth: mean=0.711, best=0.725
  Destructiveness: mean=0.716, best=0.717
  CV: mean=0.0000, min=0.0000
  Feasibility: count=10, ratio=100.00%
  Max feasible destruct: 0.717
  Pareto front size: 1
  Budget ratio: mean=0.226, max=0.283
  Radial: mean_ratio=0.226, max_ratio=0.283, mean_score=0.816
  Sign: mean_ratio=0.996, max_ratio=1.000, mean_score=0.501
[MOS-Core] Gen 100/100:
  Stealth: mean=0.746, best=0.762
  Destructiveness: mean=0.718, best=0.718
  CV: mean=0.0000, min=0.0000
  Feasibility: count=10, ratio=100.00%
  Max feasible destruct: 0.718
  Pareto front size: 1
  Budget ratio: mean=0.153, max=0.187
  Radial: mean_ratio=0.153, max_ratio=0.187, mean_score=0.868
  Sign: mean_ratio=0.993, max_ratio=0.999, mean_score=0.502

[MOS-Core] Selecting final solution...
[MOS-Core] Selection parameters:
  Lambda_s (stealth weight): 0.50
  Lambda_a (attack weight): 0.50
  Attack floor ratio: 0.0000

[MOS-Core] Feasibility summary:
  Feasible solutions: 10
  Feasible ratio: 100.00%
  Selection mode: feasible
  Min CV in front: 0.0000

[MOS-Core] Pareto front summary:
  Front size: 10
  Stealth range: [0.728, 0.762]
  Destructiveness range: [0.718, 0.718]
  CV range: [0.0000, 0.0000]
  Candidates after attack floor: 10

[MOS-Core] Selected solution (index=0):
[MOS-Core]   Constraint pass score (R): 0.761
[MOS-Core]   Destructiveness (A): 0.718
[MOS-Core]   Total CV: 0.0000
[MOS-Core]   Deviation norm: 225.6943
[MOS-Core]   Budget usage: 12.27%
[MOS-Core] selection_mode=a_only
[MOS-Core] selected_budget_ratio=0.122729
[MOS-Core] selected_stealth=0.761205
[MOS-Core] selected_destructiveness=0.718239
[MOS-Core] selected_R=0.761205
[MOS-Core] selected_A=0.718239
[MOS-Core] selected_cv=0.000000
[MOS-Core] selected_CV=0.000000
[MOS-Core] selected_feasible=True
[MOS-Core] selected_guidance_alignment=0.003182
[MOS-Core] Per-constraint details:
[MOS-Core]   Radial: score=0.891, ratio=0.123, violation=0.000, loss=225.6943, threshold=1838.9607
[MOS-Core]   Sign: score=0.502, ratio=0.991, violation=0.000, loss=2.2529, threshold=2.2732

[MOS-Core] Generating 6 malicious updates...
[MOS-Core] Template noise scale: 0.0001
[MOS-Core] Output norms: min=225.5931, mean=225.7154, max=225.7971
[MOS-Core] Attack completed successfully
============================================================

[MOS-Diagnostics] round=59 proxy=10 sign=3 shadow=2
attack:mos_attack
defend:multi_krum
[FiniteAudit] round=59 defense=multi_krum selected_count=3 selected_malicious_count=3 selected_updates_finite=True selected_indices=[3, 1, 0]
[FiniteAudit] round=59 global_pre_finite=True benign_updates_finite=True malicious_updates_finite=True attack_budget_output_finite=True aggregate_input_finite=True aggregate_output_finite=True global_post_finite=True first_bad_stage=none rejected=False rollback=False
t  59: train_loss = 0.882, test_acc = 61.510
training time: 01:22:49.47
best test accuracy  63.82
overall poisoned ratio  0.216
repeated scores: [63.82]
avg of the scores 63.82
repeated poisoned ratio: [np.float64(0.216)]
avg of the poisoned ratios 0.216
